-- Seed word data from JSON files

-- A1: 237 words
INSERT INTO words (id, estonian, english, turkish, cefr_level, image_query) VALUES ('a1-tere', 'tere', 'hello', 'merhaba', 'A1', NULL) ON CONFLICT (id) DO NOTHING;
INSERT INTO word_sentences (word_id, estonian, english, turkish, sort_order) VALUES ('a1-tere', 'Tere, kuidas läheb?', 'Hello, how are you?', 'Merhaba, nasılsın?', 0);
INSERT INTO words (id, estonian, english, turkish, cefr_level, image_query) VALUES ('a1-aitäh', 'aitäh', 'thank you', 'teşekkürler', 'A1', NULL) ON CONFLICT (id) DO NOTHING;
INSERT INTO word_sentences (word_id, estonian, english, turkish, sort_order) VALUES ('a1-aitäh', 'Aitäh väga palju!', 'Thank you very much!', 'Çok teşekkür ederim!', 0);
INSERT INTO words (id, estonian, english, turkish, cefr_level, image_query) VALUES ('a1-jah', 'jah', 'yes', 'evet', 'A1', NULL) ON CONFLICT (id) DO NOTHING;
INSERT INTO word_sentences (word_id, estonian, english, turkish, sort_order) VALUES ('a1-jah', 'Jah, ma olen nõus.', 'Yes, I agree.', 'Evet, katılıyorum.', 0);
INSERT INTO words (id, estonian, english, turkish, cefr_level, image_query) VALUES ('a1-ei', 'ei', 'no', 'hayır', 'A1', NULL) ON CONFLICT (id) DO NOTHING;
INSERT INTO word_sentences (word_id, estonian, english, turkish, sort_order) VALUES ('a1-ei', 'Ei, ma ei taha.', 'No, I don''t want to.', 'Hayır, istemiyorum.', 0);
INSERT INTO words (id, estonian, english, turkish, cefr_level, image_query) VALUES ('a1-palun', 'palun', 'please', 'lütfen', 'A1', NULL) ON CONFLICT (id) DO NOTHING;
INSERT INTO word_sentences (word_id, estonian, english, turkish, sort_order) VALUES ('a1-palun', 'Palun üks kohv.', 'One coffee, please.', 'Bir kahve, lütfen.', 0);
INSERT INTO words (id, estonian, english, turkish, cefr_level, image_query) VALUES ('a1-head-aega', 'head aega', 'goodbye', 'hoşça kal', 'A1', NULL) ON CONFLICT (id) DO NOTHING;
INSERT INTO word_sentences (word_id, estonian, english, turkish, sort_order) VALUES ('a1-head-aega', 'Head aega, nägemiseni!', 'Goodbye, see you!', 'Hoşça kal, görüşürüz!', 0);
INSERT INTO words (id, estonian, english, turkish, cefr_level, image_query) VALUES ('a1-vabandust', 'vabandust', 'sorry / excuse me', 'özür dilerim / pardon', 'A1', NULL) ON CONFLICT (id) DO NOTHING;
INSERT INTO word_sentences (word_id, estonian, english, turkish, sort_order) VALUES ('a1-vabandust', 'Vabandust, kus on raamatukogu?', 'Excuse me, where is the library?', 'Pardon, kütüphane nerede?', 0);
INSERT INTO words (id, estonian, english, turkish, cefr_level, image_query) VALUES ('a1-ma', 'ma', 'I', 'ben', 'A1', NULL) ON CONFLICT (id) DO NOTHING;
INSERT INTO word_sentences (word_id, estonian, english, turkish, sort_order) VALUES ('a1-ma', 'Ma olen õpilane.', 'I am a student.', 'Ben öğrenciyim.', 0);
INSERT INTO words (id, estonian, english, turkish, cefr_level, image_query) VALUES ('a1-sa', 'sa', 'you', 'sen', 'A1', NULL) ON CONFLICT (id) DO NOTHING;
INSERT INTO word_sentences (word_id, estonian, english, turkish, sort_order) VALUES ('a1-sa', 'Kust sa pärit oled?', 'Where are you from?', 'Sen nerelisin?', 0);
INSERT INTO words (id, estonian, english, turkish, cefr_level, image_query) VALUES ('a1-tema', 'tema', 'he/she', 'o', 'A1', NULL) ON CONFLICT (id) DO NOTHING;
INSERT INTO word_sentences (word_id, estonian, english, turkish, sort_order) VALUES ('a1-tema', 'Tema on minu sõber.', 'He/she is my friend.', 'O benim arkadaşım.', 0);
INSERT INTO words (id, estonian, english, turkish, cefr_level, image_query) VALUES ('a1-me', 'me', 'we', 'biz', 'A1', NULL) ON CONFLICT (id) DO NOTHING;
INSERT INTO word_sentences (word_id, estonian, english, turkish, sort_order) VALUES ('a1-me', 'Me läheme koos.', 'We go together.', 'Birlikte gidiyoruz.', 0);
INSERT INTO words (id, estonian, english, turkish, cefr_level, image_query) VALUES ('a1-vesi', 'vesi', 'water', 'su', 'A1', NULL) ON CONFLICT (id) DO NOTHING;
INSERT INTO word_sentences (word_id, estonian, english, turkish, sort_order) VALUES ('a1-vesi', 'Palun anna mulle klaas vett.', 'Please give me a glass of water.', 'Lütfen bana bir bardak su ver.', 0);
INSERT INTO words (id, estonian, english, turkish, cefr_level, image_query) VALUES ('a1-leib', 'leib', 'bread', 'ekmek', 'A1', NULL) ON CONFLICT (id) DO NOTHING;
INSERT INTO word_sentences (word_id, estonian, english, turkish, sort_order) VALUES ('a1-leib', 'Eesti leib on väga hea.', 'Estonian bread is very good.', 'Estonya ekmeği çok güzel.', 0);
INSERT INTO words (id, estonian, english, turkish, cefr_level, image_query) VALUES ('a1-piim', 'piim', 'milk', 'süt', 'A1', NULL) ON CONFLICT (id) DO NOTHING;
INSERT INTO word_sentences (word_id, estonian, english, turkish, sort_order) VALUES ('a1-piim', 'Ma joon piima hommikul.', 'I drink milk in the morning.', 'Sabahları süt içerim.', 0);
INSERT INTO words (id, estonian, english, turkish, cefr_level, image_query) VALUES ('a1-kohv', 'kohv', 'coffee', 'kahve', 'A1', NULL) ON CONFLICT (id) DO NOTHING;
INSERT INTO word_sentences (word_id, estonian, english, turkish, sort_order) VALUES ('a1-kohv', 'Üks kohv, palun.', 'One coffee, please.', 'Bir kahve, lütfen.', 0);
INSERT INTO words (id, estonian, english, turkish, cefr_level, image_query) VALUES ('a1-tee', 'tee', 'tea / road', 'çay / yol', 'A1', NULL) ON CONFLICT (id) DO NOTHING;
INSERT INTO word_sentences (word_id, estonian, english, turkish, sort_order) VALUES ('a1-tee', 'Ma joon rohelist teed.', 'I drink green tea.', 'Yeşil çay içerim.', 0);
INSERT INTO words (id, estonian, english, turkish, cefr_level, image_query) VALUES ('a1-kodu', 'kodu', 'home', 'ev', 'A1', NULL) ON CONFLICT (id) DO NOTHING;
INSERT INTO word_sentences (word_id, estonian, english, turkish, sort_order) VALUES ('a1-kodu', 'Ma lähen koju.', 'I am going home.', 'Eve gidiyorum.', 0);
INSERT INTO words (id, estonian, english, turkish, cefr_level, image_query) VALUES ('a1-kool', 'kool', 'school', 'okul', 'A1', NULL) ON CONFLICT (id) DO NOTHING;
INSERT INTO word_sentences (word_id, estonian, english, turkish, sort_order) VALUES ('a1-kool', 'Lapsed lähevad kooli.', 'Children go to school.', 'Çocuklar okula gider.', 0);
INSERT INTO words (id, estonian, english, turkish, cefr_level, image_query) VALUES ('a1-töö', 'töö', 'work', 'iş', 'A1', NULL) ON CONFLICT (id) DO NOTHING;
INSERT INTO word_sentences (word_id, estonian, english, turkish, sort_order) VALUES ('a1-töö', 'Ma lähen tööle.', 'I am going to work.', 'İşe gidiyorum.', 0);
INSERT INTO words (id, estonian, english, turkish, cefr_level, image_query) VALUES ('a1-päev', 'päev', 'day', 'gün', 'A1', NULL) ON CONFLICT (id) DO NOTHING;
INSERT INTO word_sentences (word_id, estonian, english, turkish, sort_order) VALUES ('a1-päev', 'Head päeva!', 'Have a good day!', 'İyi günler!', 0);
INSERT INTO words (id, estonian, english, turkish, cefr_level, image_query) VALUES ('a1-öö', 'öö', 'night', 'gece', 'A1', NULL) ON CONFLICT (id) DO NOTHING;
INSERT INTO word_sentences (word_id, estonian, english, turkish, sort_order) VALUES ('a1-öö', 'Head ööd!', 'Good night!', 'İyi geceler!', 0);
INSERT INTO words (id, estonian, english, turkish, cefr_level, image_query) VALUES ('a1-hommik', 'hommik', 'morning', 'sabah', 'A1', NULL) ON CONFLICT (id) DO NOTHING;
INSERT INTO word_sentences (word_id, estonian, english, turkish, sort_order) VALUES ('a1-hommik', 'Tere hommikust!', 'Good morning!', 'Günaydın!', 0);
INSERT INTO words (id, estonian, english, turkish, cefr_level, image_query) VALUES ('a1-õhtu', 'õhtu', 'evening', 'akşam', 'A1', NULL) ON CONFLICT (id) DO NOTHING;
INSERT INTO word_sentences (word_id, estonian, english, turkish, sort_order) VALUES ('a1-õhtu', 'Tere õhtust!', 'Good evening!', 'İyi akşamlar!', 0);
INSERT INTO words (id, estonian, english, turkish, cefr_level, image_query) VALUES ('a1-nimi', 'nimi', 'name', 'isim', 'A1', NULL) ON CONFLICT (id) DO NOTHING;
INSERT INTO word_sentences (word_id, estonian, english, turkish, sort_order) VALUES ('a1-nimi', 'Mis su nimi on?', 'What is your name?', 'Senin adın ne?', 0);
INSERT INTO words (id, estonian, english, turkish, cefr_level, image_query) VALUES ('a1-sõber', 'sõber', 'friend', 'arkadaş', 'A1', NULL) ON CONFLICT (id) DO NOTHING;
INSERT INTO word_sentences (word_id, estonian, english, turkish, sort_order) VALUES ('a1-sõber', 'Ta on minu parim sõber.', 'He is my best friend.', 'O benim en iyi arkadaşım.', 0);
INSERT INTO words (id, estonian, english, turkish, cefr_level, image_query) VALUES ('a1-pere', 'pere', 'family', 'aile', 'A1', NULL) ON CONFLICT (id) DO NOTHING;
INSERT INTO word_sentences (word_id, estonian, english, turkish, sort_order) VALUES ('a1-pere', 'Minu pere on suur.', 'My family is big.', 'Ailem kalabalık.', 0);
INSERT INTO words (id, estonian, english, turkish, cefr_level, image_query) VALUES ('a1-ema', 'ema', 'mother', 'anne', 'A1', NULL) ON CONFLICT (id) DO NOTHING;
INSERT INTO word_sentences (word_id, estonian, english, turkish, sort_order) VALUES ('a1-ema', 'Minu ema on arst.', 'My mother is a doctor.', 'Annem doktor.', 0);
INSERT INTO words (id, estonian, english, turkish, cefr_level, image_query) VALUES ('a1-isa', 'isa', 'father', 'baba', 'A1', NULL) ON CONFLICT (id) DO NOTHING;
INSERT INTO word_sentences (word_id, estonian, english, turkish, sort_order) VALUES ('a1-isa', 'Minu isa töötab kontoris.', 'My father works in an office.', 'Babam ofiste çalışıyor.', 0);
INSERT INTO words (id, estonian, english, turkish, cefr_level, image_query) VALUES ('a1-laps', 'laps', 'child', 'çocuk', 'A1', NULL) ON CONFLICT (id) DO NOTHING;
INSERT INTO word_sentences (word_id, estonian, english, turkish, sort_order) VALUES ('a1-laps', 'Laps mängib õues.', 'The child plays outside.', 'Çocuk dışarıda oynuyor.', 0);
INSERT INTO words (id, estonian, english, turkish, cefr_level, image_query) VALUES ('a1-koer', 'koer', 'dog', 'köpek', 'A1', NULL) ON CONFLICT (id) DO NOTHING;
INSERT INTO word_sentences (word_id, estonian, english, turkish, sort_order) VALUES ('a1-koer', 'Koer jookseb aias.', 'The dog runs in the garden.', 'Köpek bahçede koşuyor.', 0);
INSERT INTO words (id, estonian, english, turkish, cefr_level, image_query) VALUES ('a1-kass', 'kass', 'cat', 'kedi', 'A1', NULL) ON CONFLICT (id) DO NOTHING;
INSERT INTO word_sentences (word_id, estonian, english, turkish, sort_order) VALUES ('a1-kass', 'Kass magab diivanil.', 'The cat sleeps on the couch.', 'Kedi koltukta uyuyor.', 0);
INSERT INTO words (id, estonian, english, turkish, cefr_level, image_query) VALUES ('a1-raamat', 'raamat', 'book', 'kitap', 'A1', NULL) ON CONFLICT (id) DO NOTHING;
INSERT INTO word_sentences (word_id, estonian, english, turkish, sort_order) VALUES ('a1-raamat', 'See raamat on väga huvitav.', 'This book is very interesting.', 'Bu kitap çok ilginç.', 0);
INSERT INTO words (id, estonian, english, turkish, cefr_level, image_query) VALUES ('a1-auto', 'auto', 'car', 'araba', 'A1', NULL) ON CONFLICT (id) DO NOTHING;
INSERT INTO word_sentences (word_id, estonian, english, turkish, sort_order) VALUES ('a1-auto', 'Minu auto on punane.', 'My car is red.', 'Arabam kırmızı.', 0);
INSERT INTO words (id, estonian, english, turkish, cefr_level, image_query) VALUES ('a1-maja', 'maja', 'house', 'ev', 'A1', NULL) ON CONFLICT (id) DO NOTHING;
INSERT INTO word_sentences (word_id, estonian, english, turkish, sort_order) VALUES ('a1-maja', 'See maja on suur.', 'This house is big.', 'Bu ev büyük.', 0);
INSERT INTO words (id, estonian, english, turkish, cefr_level, image_query) VALUES ('a1-toit', 'toit', 'food', 'yemek', 'A1', NULL) ON CONFLICT (id) DO NOTHING;
INSERT INTO word_sentences (word_id, estonian, english, turkish, sort_order) VALUES ('a1-toit', 'Eesti toit on maitsev.', 'Estonian food is tasty.', 'Estonya yemekleri lezzetli.', 0);
INSERT INTO words (id, estonian, english, turkish, cefr_level, image_query) VALUES ('a1-ilm', 'ilm', 'weather', 'hava', 'A1', NULL) ON CONFLICT (id) DO NOTHING;
INSERT INTO word_sentences (word_id, estonian, english, turkish, sort_order) VALUES ('a1-ilm', 'Milline ilm täna on?', 'What is the weather like today?', 'Bugün hava nasıl?', 0);
INSERT INTO words (id, estonian, english, turkish, cefr_level, image_query) VALUES ('a1-päike', 'päike', 'sun', 'güneş', 'A1', NULL) ON CONFLICT (id) DO NOTHING;
INSERT INTO word_sentences (word_id, estonian, english, turkish, sort_order) VALUES ('a1-päike', 'Päike paistab.', 'The sun is shining.', 'Güneş parlıyor.', 0);
INSERT INTO words (id, estonian, english, turkish, cefr_level, image_query) VALUES ('a1-vihm', 'vihm', 'rain', 'yağmur', 'A1', NULL) ON CONFLICT (id) DO NOTHING;
INSERT INTO word_sentences (word_id, estonian, english, turkish, sort_order) VALUES ('a1-vihm', 'Täna sajab vihma.', 'It''s raining today.', 'Bugün yağmur yağıyor.', 0);
INSERT INTO words (id, estonian, english, turkish, cefr_level, image_query) VALUES ('a1-lumi', 'lumi', 'snow', 'kar', 'A1', NULL) ON CONFLICT (id) DO NOTHING;
INSERT INTO word_sentences (word_id, estonian, english, turkish, sort_order) VALUES ('a1-lumi', 'Talvel sajab lund.', 'It snows in winter.', 'Kışın kar yağar.', 0);
INSERT INTO words (id, estonian, english, turkish, cefr_level, image_query) VALUES ('a1-suur', 'suur', 'big', 'büyük', 'A1', NULL) ON CONFLICT (id) DO NOTHING;
INSERT INTO word_sentences (word_id, estonian, english, turkish, sort_order) VALUES ('a1-suur', 'See on suur linn.', 'This is a big city.', 'Bu büyük bir şehir.', 0);
INSERT INTO words (id, estonian, english, turkish, cefr_level, image_query) VALUES ('a1-väike', 'väike', 'small', 'küçük', 'A1', NULL) ON CONFLICT (id) DO NOTHING;
INSERT INTO word_sentences (word_id, estonian, english, turkish, sort_order) VALUES ('a1-väike', 'See on väike kass.', 'This is a small cat.', 'Bu küçük bir kedi.', 0);
INSERT INTO words (id, estonian, english, turkish, cefr_level, image_query) VALUES ('a1-hea', 'hea', 'good', 'iyi', 'A1', NULL) ON CONFLICT (id) DO NOTHING;
INSERT INTO word_sentences (word_id, estonian, english, turkish, sort_order) VALUES ('a1-hea', 'See on väga hea.', 'This is very good.', 'Bu çok iyi.', 0);
INSERT INTO words (id, estonian, english, turkish, cefr_level, image_query) VALUES ('a1-halb', 'halb', 'bad', 'kötü', 'A1', NULL) ON CONFLICT (id) DO NOTHING;
INSERT INTO word_sentences (word_id, estonian, english, turkish, sort_order) VALUES ('a1-halb', 'Ilm on halb.', 'The weather is bad.', 'Hava kötü.', 0);
INSERT INTO words (id, estonian, english, turkish, cefr_level, image_query) VALUES ('a1-uus', 'uus', 'new', 'yeni', 'A1', NULL) ON CONFLICT (id) DO NOTHING;
INSERT INTO word_sentences (word_id, estonian, english, turkish, sort_order) VALUES ('a1-uus', 'See on minu uus auto.', 'This is my new car.', 'Bu benim yeni arabam.', 0);
INSERT INTO words (id, estonian, english, turkish, cefr_level, image_query) VALUES ('a1-vana', 'vana', 'old', 'eski', 'A1', NULL) ON CONFLICT (id) DO NOTHING;
INSERT INTO word_sentences (word_id, estonian, english, turkish, sort_order) VALUES ('a1-vana', 'See maja on väga vana.', 'This house is very old.', 'Bu ev çok eski.', 0);
INSERT INTO words (id, estonian, english, turkish, cefr_level, image_query) VALUES ('a1-armastus', 'armastus', 'love', 'aşk', 'A1', NULL) ON CONFLICT (id) DO NOTHING;
INSERT INTO word_sentences (word_id, estonian, english, turkish, sort_order) VALUES ('a1-armastus', 'Armastus on kõige tähtsam.', 'Love is the most important thing.', 'Aşk en önemli şeydir.', 0);
INSERT INTO words (id, estonian, english, turkish, cefr_level, image_query) VALUES ('a1-täna', 'täna', 'today', 'bugün', 'A1', NULL) ON CONFLICT (id) DO NOTHING;
INSERT INTO word_sentences (word_id, estonian, english, turkish, sort_order) VALUES ('a1-täna', 'Mis päev täna on?', 'What day is it today?', 'Bugün günlerden ne?', 0);
INSERT INTO words (id, estonian, english, turkish, cefr_level, image_query) VALUES ('a1-homme', 'homme', 'tomorrow', 'yarın', 'A1', NULL) ON CONFLICT (id) DO NOTHING;
INSERT INTO word_sentences (word_id, estonian, english, turkish, sort_order) VALUES ('a1-homme', 'Homme on reede.', 'Tomorrow is Friday.', 'Yarın cuma.', 0);
INSERT INTO words (id, estonian, english, turkish, cefr_level, image_query) VALUES ('a1-eile', 'eile', 'yesterday', 'dün', 'A1', NULL) ON CONFLICT (id) DO NOTHING;
INSERT INTO word_sentences (word_id, estonian, english, turkish, sort_order) VALUES ('a1-eile', 'Eile oli ilus ilm.', 'Yesterday the weather was nice.', 'Dün hava güzeldi.', 0);
INSERT INTO words (id, estonian, english, turkish, cefr_level, image_query) VALUES ('a1-üks', 'üks', 'one', 'bir', 'A1', NULL) ON CONFLICT (id) DO NOTHING;
INSERT INTO word_sentences (word_id, estonian, english, turkish, sort_order) VALUES ('a1-üks', 'Mul on üks vend.', 'I have one brother.', 'Bir erkek kardeşim var.', 0);
INSERT INTO words (id, estonian, english, turkish, cefr_level, image_query) VALUES ('a1-kaks', 'kaks', 'two', 'iki', 'A1', NULL) ON CONFLICT (id) DO NOTHING;
INSERT INTO word_sentences (word_id, estonian, english, turkish, sort_order) VALUES ('a1-kaks', 'Mul on kaks õde.', 'I have two sisters.', 'İki kız kardeşim var.', 0);
INSERT INTO words (id, estonian, english, turkish, cefr_level, image_query) VALUES ('a1-kolm', 'kolm', 'three', 'üç', 'A1', NULL) ON CONFLICT (id) DO NOTHING;
INSERT INTO word_sentences (word_id, estonian, english, turkish, sort_order) VALUES ('a1-kolm', 'Laual on kolm tasssi.', 'There are three cups on the table.', 'Masanın üstünde üç fincan var.', 0);
INSERT INTO words (id, estonian, english, turkish, cefr_level, image_query) VALUES ('a1-neli', 'neli', 'four', 'dört', 'A1', NULL) ON CONFLICT (id) DO NOTHING;
INSERT INTO word_sentences (word_id, estonian, english, turkish, sort_order) VALUES ('a1-neli', 'Meil on neli tooli.', 'We have four chairs.', 'Dört sandalyemiz var.', 0);
INSERT INTO words (id, estonian, english, turkish, cefr_level, image_query) VALUES ('a1-viis', 'viis', 'five', 'beş', 'A1', NULL) ON CONFLICT (id) DO NOTHING;
INSERT INTO word_sentences (word_id, estonian, english, turkish, sort_order) VALUES ('a1-viis', 'Käel on viis sõrme.', 'A hand has five fingers.', 'Bir elde beş parmak var.', 0);
INSERT INTO words (id, estonian, english, turkish, cefr_level, image_query) VALUES ('a1-kuus', 'kuus', 'six', 'altı', 'A1', NULL) ON CONFLICT (id) DO NOTHING;
INSERT INTO word_sentences (word_id, estonian, english, turkish, sort_order) VALUES ('a1-kuus', 'Kell on kuus.', 'It is six o''clock.', 'Saat altı.', 0);
INSERT INTO words (id, estonian, english, turkish, cefr_level, image_query) VALUES ('a1-seitse', 'seitse', 'seven', 'yedi', 'A1', NULL) ON CONFLICT (id) DO NOTHING;
INSERT INTO word_sentences (word_id, estonian, english, turkish, sort_order) VALUES ('a1-seitse', 'Nädalas on seitse päeva.', 'There are seven days in a week.', 'Bir haftada yedi gün var.', 0);
INSERT INTO words (id, estonian, english, turkish, cefr_level, image_query) VALUES ('a1-kaheksa', 'kaheksa', 'eight', 'sekiz', 'A1', NULL) ON CONFLICT (id) DO NOTHING;
INSERT INTO word_sentences (word_id, estonian, english, turkish, sort_order) VALUES ('a1-kaheksa', 'Ma töötan kaheksa tundi.', 'I work eight hours.', 'Sekiz saat çalışıyorum.', 0);
INSERT INTO words (id, estonian, english, turkish, cefr_level, image_query) VALUES ('a1-üheksa', 'üheksa', 'nine', 'dokuz', 'A1', NULL) ON CONFLICT (id) DO NOTHING;
INSERT INTO word_sentences (word_id, estonian, english, turkish, sort_order) VALUES ('a1-üheksa', 'Buss tuleb kell üheksa.', 'The bus comes at nine o''clock.', 'Otobüs saat dokuzda gelir.', 0);
INSERT INTO words (id, estonian, english, turkish, cefr_level, image_query) VALUES ('a1-kümme', 'kümme', 'ten', 'on', 'A1', NULL) ON CONFLICT (id) DO NOTHING;
INSERT INTO word_sentences (word_id, estonian, english, turkish, sort_order) VALUES ('a1-kümme', 'Mul on kümme eurot.', 'I have ten euros.', 'On eurom var.', 0);
INSERT INTO words (id, estonian, english, turkish, cefr_level, image_query) VALUES ('a1-te', 'te', 'you (plural/formal)', 'siz', 'A1', NULL) ON CONFLICT (id) DO NOTHING;
INSERT INTO word_sentences (word_id, estonian, english, turkish, sort_order) VALUES ('a1-te', 'Kas te räägite inglise keelt?', 'Do you speak English?', 'İngilizce konuşuyor musunuz?', 0);
INSERT INTO words (id, estonian, english, turkish, cefr_level, image_query) VALUES ('a1-nemad', 'nemad', 'they', 'onlar', 'A1', NULL) ON CONFLICT (id) DO NOTHING;
INSERT INTO word_sentences (word_id, estonian, english, turkish, sort_order) VALUES ('a1-nemad', 'Nemad elavad Tallinnas.', 'They live in Tallinn.', 'Onlar Tallinn''de yaşıyor.', 0);
INSERT INTO words (id, estonian, english, turkish, cefr_level, image_query) VALUES ('a1-punane', 'punane', 'red', 'kırmızı', 'A1', NULL) ON CONFLICT (id) DO NOTHING;
INSERT INTO word_sentences (word_id, estonian, english, turkish, sort_order) VALUES ('a1-punane', 'See lill on punane.', 'This flower is red.', 'Bu çiçek kırmızı.', 0);
INSERT INTO words (id, estonian, english, turkish, cefr_level, image_query) VALUES ('a1-sinine', 'sinine', 'blue', 'mavi', 'A1', NULL) ON CONFLICT (id) DO NOTHING;
INSERT INTO word_sentences (word_id, estonian, english, turkish, sort_order) VALUES ('a1-sinine', 'Taevas on sinine.', 'The sky is blue.', 'Gökyüzü mavi.', 0);
INSERT INTO words (id, estonian, english, turkish, cefr_level, image_query) VALUES ('a1-roheline', 'roheline', 'green', 'yeşil', 'A1', NULL) ON CONFLICT (id) DO NOTHING;
INSERT INTO word_sentences (word_id, estonian, english, turkish, sort_order) VALUES ('a1-roheline', 'Rohi on roheline.', 'The grass is green.', 'Çimen yeşil.', 0);
INSERT INTO words (id, estonian, english, turkish, cefr_level, image_query) VALUES ('a1-kollane', 'kollane', 'yellow', 'sarı', 'A1', NULL) ON CONFLICT (id) DO NOTHING;
INSERT INTO word_sentences (word_id, estonian, english, turkish, sort_order) VALUES ('a1-kollane', 'Päike on kollane.', 'The sun is yellow.', 'Güneş sarı.', 0);
INSERT INTO words (id, estonian, english, turkish, cefr_level, image_query) VALUES ('a1-valge', 'valge', 'white', 'beyaz', 'A1', NULL) ON CONFLICT (id) DO NOTHING;
INSERT INTO word_sentences (word_id, estonian, english, turkish, sort_order) VALUES ('a1-valge', 'Lumi on valge.', 'Snow is white.', 'Kar beyaz.', 0);
INSERT INTO words (id, estonian, english, turkish, cefr_level, image_query) VALUES ('a1-must', 'must', 'black', 'siyah', 'A1', NULL) ON CONFLICT (id) DO NOTHING;
INSERT INTO word_sentences (word_id, estonian, english, turkish, sort_order) VALUES ('a1-must', 'Minu kass on must.', 'My cat is black.', 'Kedim siyah.', 0);
INSERT INTO words (id, estonian, english, turkish, cefr_level, image_query) VALUES ('a1-hall', 'hall', 'grey', 'gri', 'A1', NULL) ON CONFLICT (id) DO NOTHING;
INSERT INTO word_sentences (word_id, estonian, english, turkish, sort_order) VALUES ('a1-hall', 'Taevas on hall.', 'The sky is grey.', 'Gökyüzü gri.', 0);
INSERT INTO words (id, estonian, english, turkish, cefr_level, image_query) VALUES ('a1-pruun', 'pruun', 'brown', 'kahverengi', 'A1', NULL) ON CONFLICT (id) DO NOTHING;
INSERT INTO word_sentences (word_id, estonian, english, turkish, sort_order) VALUES ('a1-pruun', 'Koer on pruun.', 'The dog is brown.', 'Köpek kahverengi.', 0);
INSERT INTO words (id, estonian, english, turkish, cefr_level, image_query) VALUES ('a1-oranž', 'oranž', 'orange', 'turuncu', 'A1', NULL) ON CONFLICT (id) DO NOTHING;
INSERT INTO word_sentences (word_id, estonian, english, turkish, sort_order) VALUES ('a1-oranž', 'Apelsin on oranž.', 'The orange is orange.', 'Portakal turuncu.', 0);
INSERT INTO words (id, estonian, english, turkish, cefr_level, image_query) VALUES ('a1-esmaspäev', 'esmaspäev', 'Monday', 'pazartesi', 'A1', NULL) ON CONFLICT (id) DO NOTHING;
INSERT INTO word_sentences (word_id, estonian, english, turkish, sort_order) VALUES ('a1-esmaspäev', 'Esmaspäev on nädala esimene päev.', 'Monday is the first day of the week.', 'Pazartesi haftanın ilk günü.', 0);
INSERT INTO words (id, estonian, english, turkish, cefr_level, image_query) VALUES ('a1-teisipäev', 'teisipäev', 'Tuesday', 'salı', 'A1', NULL) ON CONFLICT (id) DO NOTHING;
INSERT INTO word_sentences (word_id, estonian, english, turkish, sort_order) VALUES ('a1-teisipäev', 'Teisipäeval on mul koosolek.', 'I have a meeting on Tuesday.', 'Salı günü toplantım var.', 0);
INSERT INTO words (id, estonian, english, turkish, cefr_level, image_query) VALUES ('a1-kolmapäev', 'kolmapäev', 'Wednesday', 'çarşamba', 'A1', NULL) ON CONFLICT (id) DO NOTHING;
INSERT INTO word_sentences (word_id, estonian, english, turkish, sort_order) VALUES ('a1-kolmapäev', 'Kolmapäeval ma õpin eesti keelt.', 'On Wednesday I study Estonian.', 'Çarşamba günü Estonca çalışıyorum.', 0);
INSERT INTO words (id, estonian, english, turkish, cefr_level, image_query) VALUES ('a1-neljapäev', 'neljapäev', 'Thursday', 'perşembe', 'A1', NULL) ON CONFLICT (id) DO NOTHING;
INSERT INTO word_sentences (word_id, estonian, english, turkish, sort_order) VALUES ('a1-neljapäev', 'Neljapäeval läheme kinno.', 'On Thursday we go to the cinema.', 'Perşembe günü sinemaya gidiyoruz.', 0);
INSERT INTO words (id, estonian, english, turkish, cefr_level, image_query) VALUES ('a1-reede', 'reede', 'Friday', 'cuma', 'A1', NULL) ON CONFLICT (id) DO NOTHING;
INSERT INTO word_sentences (word_id, estonian, english, turkish, sort_order) VALUES ('a1-reede', 'Reede on minu lemmikpäev.', 'Friday is my favorite day.', 'Cuma benim en sevdiğim gün.', 0);
INSERT INTO words (id, estonian, english, turkish, cefr_level, image_query) VALUES ('a1-laupäev', 'laupäev', 'Saturday', 'cumartesi', 'A1', NULL) ON CONFLICT (id) DO NOTHING;
INSERT INTO word_sentences (word_id, estonian, english, turkish, sort_order) VALUES ('a1-laupäev', 'Laupäeval ma puhkan.', 'On Saturday I rest.', 'Cumartesi günü dinleniyorum.', 0);
INSERT INTO words (id, estonian, english, turkish, cefr_level, image_query) VALUES ('a1-pühapäev', 'pühapäev', 'Sunday', 'pazar', 'A1', NULL) ON CONFLICT (id) DO NOTHING;
INSERT INTO word_sentences (word_id, estonian, english, turkish, sort_order) VALUES ('a1-pühapäev', 'Pühapäeval me sööme koos.', 'On Sunday we eat together.', 'Pazar günü birlikte yemek yiyoruz.', 0);
INSERT INTO words (id, estonian, english, turkish, cefr_level, image_query) VALUES ('a1-vend', 'vend', 'brother', 'erkek kardeş', 'A1', NULL) ON CONFLICT (id) DO NOTHING;
INSERT INTO word_sentences (word_id, estonian, english, turkish, sort_order) VALUES ('a1-vend', 'Minu vend on noorem kui mina.', 'My brother is younger than me.', 'Erkek kardeşim benden küçük.', 0);
INSERT INTO words (id, estonian, english, turkish, cefr_level, image_query) VALUES ('a1-õde', 'õde', 'sister', 'kız kardeş', 'A1', NULL) ON CONFLICT (id) DO NOTHING;
INSERT INTO word_sentences (word_id, estonian, english, turkish, sort_order) VALUES ('a1-õde', 'Minu õde elab Tartus.', 'My sister lives in Tartu.', 'Kız kardeşim Tartu''da yaşıyor.', 0);
INSERT INTO words (id, estonian, english, turkish, cefr_level, image_query) VALUES ('a1-vanaema', 'vanaema', 'grandmother', 'büyükanne', 'A1', NULL) ON CONFLICT (id) DO NOTHING;
INSERT INTO word_sentences (word_id, estonian, english, turkish, sort_order) VALUES ('a1-vanaema', 'Vanaema teeb väga head kooki.', 'Grandmother makes very good cake.', 'Büyükannem çok güzel kek yapar.', 0);
INSERT INTO words (id, estonian, english, turkish, cefr_level, image_query) VALUES ('a1-vanaisa', 'vanaisa', 'grandfather', 'büyükbaba', 'A1', NULL) ON CONFLICT (id) DO NOTHING;
INSERT INTO word_sentences (word_id, estonian, english, turkish, sort_order) VALUES ('a1-vanaisa', 'Vanaisa elab maal.', 'Grandfather lives in the countryside.', 'Büyükbabam köyde yaşıyor.', 0);
INSERT INTO words (id, estonian, english, turkish, cefr_level, image_query) VALUES ('a1-poeg', 'poeg', 'son', 'oğul', 'A1', NULL) ON CONFLICT (id) DO NOTHING;
INSERT INTO word_sentences (word_id, estonian, english, turkish, sort_order) VALUES ('a1-poeg', 'Minu poeg käib koolis.', 'My son goes to school.', 'Oğlum okula gidiyor.', 0);
INSERT INTO words (id, estonian, english, turkish, cefr_level, image_query) VALUES ('a1-tütar', 'tütar', 'daughter', 'kız', 'A1', NULL) ON CONFLICT (id) DO NOTHING;
INSERT INTO word_sentences (word_id, estonian, english, turkish, sort_order) VALUES ('a1-tütar', 'Minu tütar on viie aastane.', 'My daughter is five years old.', 'Kızım beş yaşında.', 0);
INSERT INTO words (id, estonian, english, turkish, cefr_level, image_query) VALUES ('a1-mees', 'mees', 'man / husband', 'adam / koca', 'A1', NULL) ON CONFLICT (id) DO NOTHING;
INSERT INTO word_sentences (word_id, estonian, english, turkish, sort_order) VALUES ('a1-mees', 'See mees on minu naaber.', 'This man is my neighbor.', 'Bu adam benim komşum.', 0);
INSERT INTO words (id, estonian, english, turkish, cefr_level, image_query) VALUES ('a1-naine', 'naine', 'woman / wife', 'kadın / eş', 'A1', NULL) ON CONFLICT (id) DO NOTHING;
INSERT INTO word_sentences (word_id, estonian, english, turkish, sort_order) VALUES ('a1-naine', 'See naine on õpetaja.', 'This woman is a teacher.', 'Bu kadın öğretmen.', 0);
INSERT INTO words (id, estonian, english, turkish, cefr_level, image_query) VALUES ('a1-supp', 'supp', 'soup', 'çorba', 'A1', NULL) ON CONFLICT (id) DO NOTHING;
INSERT INTO word_sentences (word_id, estonian, english, turkish, sort_order) VALUES ('a1-supp', 'Supp on kuum.', 'The soup is hot.', 'Çorba sıcak.', 0);
INSERT INTO words (id, estonian, english, turkish, cefr_level, image_query) VALUES ('a1-liha', 'liha', 'meat', 'et', 'A1', NULL) ON CONFLICT (id) DO NOTHING;
INSERT INTO word_sentences (word_id, estonian, english, turkish, sort_order) VALUES ('a1-liha', 'Ma ei söö liha.', 'I don''t eat meat.', 'Et yemiyorum.', 0);
INSERT INTO words (id, estonian, english, turkish, cefr_level, image_query) VALUES ('a1-kala', 'kala', 'fish', 'balık', 'A1', NULL) ON CONFLICT (id) DO NOTHING;
INSERT INTO word_sentences (word_id, estonian, english, turkish, sort_order) VALUES ('a1-kala', 'Eestlased söövad palju kala.', 'Estonians eat a lot of fish.', 'Estonyalılar çok balık yer.', 0);
INSERT INTO words (id, estonian, english, turkish, cefr_level, image_query) VALUES ('a1-puuvili', 'puuvili', 'fruit', 'meyve', 'A1', NULL) ON CONFLICT (id) DO NOTHING;
INSERT INTO word_sentences (word_id, estonian, english, turkish, sort_order) VALUES ('a1-puuvili', 'Ma söön iga päev puuvilju.', 'I eat fruit every day.', 'Her gün meyve yiyorum.', 0);
INSERT INTO words (id, estonian, english, turkish, cefr_level, image_query) VALUES ('a1-õun', 'õun', 'apple', 'elma', 'A1', NULL) ON CONFLICT (id) DO NOTHING;
INSERT INTO word_sentences (word_id, estonian, english, turkish, sort_order) VALUES ('a1-õun', 'See õun on magus.', 'This apple is sweet.', 'Bu elma tatlı.', 0);
INSERT INTO words (id, estonian, english, turkish, cefr_level, image_query) VALUES ('a1-kartul', 'kartul', 'potato', 'patates', 'A1', NULL) ON CONFLICT (id) DO NOTHING;
INSERT INTO word_sentences (word_id, estonian, english, turkish, sort_order) VALUES ('a1-kartul', 'Kartul on Eesti põhitoit.', 'Potato is a staple food in Estonia.', 'Patates Estonya''nın temel gıdasıdır.', 0);
INSERT INTO words (id, estonian, english, turkish, cefr_level, image_query) VALUES ('a1-juust', 'juust', 'cheese', 'peynir', 'A1', NULL) ON CONFLICT (id) DO NOTHING;
INSERT INTO word_sentences (word_id, estonian, english, turkish, sort_order) VALUES ('a1-juust', 'Ma panen leivale juustu.', 'I put cheese on the bread.', 'Ekmeğin üstüne peynir koyuyorum.', 0);
INSERT INTO words (id, estonian, english, turkish, cefr_level, image_query) VALUES ('a1-muna', 'muna', 'egg', 'yumurta', 'A1', NULL) ON CONFLICT (id) DO NOTHING;
INSERT INTO word_sentences (word_id, estonian, english, turkish, sort_order) VALUES ('a1-muna', 'Hommikul ma söön muna.', 'In the morning I eat an egg.', 'Sabahları yumurta yerim.', 0);
INSERT INTO words (id, estonian, english, turkish, cefr_level, image_query) VALUES ('a1-suhkur', 'suhkur', 'sugar', 'şeker', 'A1', NULL) ON CONFLICT (id) DO NOTHING;
INSERT INTO word_sentences (word_id, estonian, english, turkish, sort_order) VALUES ('a1-suhkur', 'Kas sa tahad suhkrut kohvi sisse?', 'Do you want sugar in your coffee?', 'Kahvene şeker ister misin?', 0);
INSERT INTO words (id, estonian, english, turkish, cefr_level, image_query) VALUES ('a1-sool', 'sool', 'salt', 'tuz', 'A1', NULL) ON CONFLICT (id) DO NOTHING;
INSERT INTO word_sentences (word_id, estonian, english, turkish, sort_order) VALUES ('a1-sool', 'Palun anna mulle soola.', 'Please pass me the salt.', 'Lütfen tuzu uzatır mısın?', 0);
INSERT INTO words (id, estonian, english, turkish, cefr_level, image_query) VALUES ('a1-või', 'või', 'butter / or', 'tereyağı / veya', 'A1', NULL) ON CONFLICT (id) DO NOTHING;
INSERT INTO word_sentences (word_id, estonian, english, turkish, sort_order) VALUES ('a1-või', 'Ma panen leivale võid.', 'I put butter on the bread.', 'Ekmeğe tereyağı sürüyorum.', 0);
INSERT INTO words (id, estonian, english, turkish, cefr_level, image_query) VALUES ('a1-pea', 'pea', 'head', 'baş / kafa', 'A1', NULL) ON CONFLICT (id) DO NOTHING;
INSERT INTO word_sentences (word_id, estonian, english, turkish, sort_order) VALUES ('a1-pea', 'Mul on pea valus.', 'My head hurts.', 'Başım ağrıyor.', 0);
INSERT INTO words (id, estonian, english, turkish, cefr_level, image_query) VALUES ('a1-käsi', 'käsi', 'hand / arm', 'el / kol', 'A1', NULL) ON CONFLICT (id) DO NOTHING;
INSERT INTO word_sentences (word_id, estonian, english, turkish, sort_order) VALUES ('a1-käsi', 'Pese käed ära!', 'Wash your hands!', 'Ellerini yıka!', 0);
INSERT INTO words (id, estonian, english, turkish, cefr_level, image_query) VALUES ('a1-jalg', 'jalg', 'foot / leg', 'ayak / bacak', 'A1', NULL) ON CONFLICT (id) DO NOTHING;
INSERT INTO word_sentences (word_id, estonian, english, turkish, sort_order) VALUES ('a1-jalg', 'Mu jalg on valus.', 'My leg hurts.', 'Bacağım ağrıyor.', 0);
INSERT INTO words (id, estonian, english, turkish, cefr_level, image_query) VALUES ('a1-silm', 'silm', 'eye', 'göz', 'A1', NULL) ON CONFLICT (id) DO NOTHING;
INSERT INTO word_sentences (word_id, estonian, english, turkish, sort_order) VALUES ('a1-silm', 'Tal on sinised silmad.', 'He/she has blue eyes.', 'Mavi gözleri var.', 0);
INSERT INTO words (id, estonian, english, turkish, cefr_level, image_query) VALUES ('a1-kõrv', 'kõrv', 'ear', 'kulak', 'A1', NULL) ON CONFLICT (id) DO NOTHING;
INSERT INTO word_sentences (word_id, estonian, english, turkish, sort_order) VALUES ('a1-kõrv', 'Ma kuulen kõrvaga.', 'I hear with my ear.', 'Kulağımla duyarım.', 0);
INSERT INTO words (id, estonian, english, turkish, cefr_level, image_query) VALUES ('a1-nina', 'nina', 'nose', 'burun', 'A1', NULL) ON CONFLICT (id) DO NOTHING;
INSERT INTO word_sentences (word_id, estonian, english, turkish, sort_order) VALUES ('a1-nina', 'Nina on näo keskel.', 'The nose is in the middle of the face.', 'Burun yüzün ortasında.', 0);
INSERT INTO words (id, estonian, english, turkish, cefr_level, image_query) VALUES ('a1-suu', 'suu', 'mouth', 'ağız', 'A1', NULL) ON CONFLICT (id) DO NOTHING;
INSERT INTO word_sentences (word_id, estonian, english, turkish, sort_order) VALUES ('a1-suu', 'Tee suu lahti!', 'Open your mouth!', 'Ağzını aç!', 0);
INSERT INTO words (id, estonian, english, turkish, cefr_level, image_query) VALUES ('a1-hammas', 'hammas', 'tooth', 'diş', 'A1', NULL) ON CONFLICT (id) DO NOTHING;
INSERT INTO word_sentences (word_id, estonian, english, turkish, sort_order) VALUES ('a1-hammas', 'Mul on hammas valus.', 'My tooth hurts.', 'Dişim ağrıyor.', 0);
INSERT INTO words (id, estonian, english, turkish, cefr_level, image_query) VALUES ('a1-süda', 'süda', 'heart', 'kalp', 'A1', NULL) ON CONFLICT (id) DO NOTHING;
INSERT INTO word_sentences (word_id, estonian, english, turkish, sort_order) VALUES ('a1-süda', 'Süda lööb kiiresti.', 'The heart beats fast.', 'Kalp hızlı atıyor.', 0);
INSERT INTO words (id, estonian, english, turkish, cefr_level, image_query) VALUES ('a1-olema', 'olema', 'to be', 'olmak', 'A1', NULL) ON CONFLICT (id) DO NOTHING;
INSERT INTO word_sentences (word_id, estonian, english, turkish, sort_order) VALUES ('a1-olema', 'Ma olen eestlane.', 'I am Estonian.', 'Ben Estonyalıyım.', 0);
INSERT INTO words (id, estonian, english, turkish, cefr_level, image_query) VALUES ('a1-tegema', 'tegema', 'to do / to make', 'yapmak', 'A1', NULL) ON CONFLICT (id) DO NOTHING;
INSERT INTO word_sentences (word_id, estonian, english, turkish, sort_order) VALUES ('a1-tegema', 'Mida sa teed?', 'What are you doing?', 'Ne yapıyorsun?', 0);
INSERT INTO words (id, estonian, english, turkish, cefr_level, image_query) VALUES ('a1-minema', 'minema', 'to go', 'gitmek', 'A1', NULL) ON CONFLICT (id) DO NOTHING;
INSERT INTO word_sentences (word_id, estonian, english, turkish, sort_order) VALUES ('a1-minema', 'Ma lähen poodi.', 'I am going to the store.', 'Markete gidiyorum.', 0);
INSERT INTO words (id, estonian, english, turkish, cefr_level, image_query) VALUES ('a1-tulema', 'tulema', 'to come', 'gelmek', 'A1', NULL) ON CONFLICT (id) DO NOTHING;
INSERT INTO word_sentences (word_id, estonian, english, turkish, sort_order) VALUES ('a1-tulema', 'Tule siia!', 'Come here!', 'Buraya gel!', 0);
INSERT INTO words (id, estonian, english, turkish, cefr_level, image_query) VALUES ('a1-sööma', 'sööma', 'to eat', 'yemek yemek', 'A1', NULL) ON CONFLICT (id) DO NOTHING;
INSERT INTO word_sentences (word_id, estonian, english, turkish, sort_order) VALUES ('a1-sööma', 'Ma söön lõunat.', 'I am eating lunch.', 'Öğle yemeği yiyorum.', 0);
INSERT INTO words (id, estonian, english, turkish, cefr_level, image_query) VALUES ('a1-jooma', 'jooma', 'to drink', 'içmek', 'A1', NULL) ON CONFLICT (id) DO NOTHING;
INSERT INTO word_sentences (word_id, estonian, english, turkish, sort_order) VALUES ('a1-jooma', 'Ma joon vett.', 'I drink water.', 'Su içiyorum.', 0);
INSERT INTO words (id, estonian, english, turkish, cefr_level, image_query) VALUES ('a1-rääkima', 'rääkima', 'to speak / to talk', 'konuşmak', 'A1', NULL) ON CONFLICT (id) DO NOTHING;
INSERT INTO word_sentences (word_id, estonian, english, turkish, sort_order) VALUES ('a1-rääkima', 'Ma räägin eesti keelt.', 'I speak Estonian.', 'Estonca konuşuyorum.', 0);
INSERT INTO words (id, estonian, english, turkish, cefr_level, image_query) VALUES ('a1-lugema', 'lugema', 'to read', 'okumak', 'A1', NULL) ON CONFLICT (id) DO NOTHING;
INSERT INTO word_sentences (word_id, estonian, english, turkish, sort_order) VALUES ('a1-lugema', 'Ma loen raamatut.', 'I am reading a book.', 'Kitap okuyorum.', 0);
INSERT INTO words (id, estonian, english, turkish, cefr_level, image_query) VALUES ('a1-kirjutama', 'kirjutama', 'to write', 'yazmak', 'A1', NULL) ON CONFLICT (id) DO NOTHING;
INSERT INTO word_sentences (word_id, estonian, english, turkish, sort_order) VALUES ('a1-kirjutama', 'Ma kirjutan kirja.', 'I am writing a letter.', 'Mektup yazıyorum.', 0);
INSERT INTO words (id, estonian, english, turkish, cefr_level, image_query) VALUES ('a1-õppima', 'õppima', 'to learn / to study', 'öğrenmek / çalışmak', 'A1', NULL) ON CONFLICT (id) DO NOTHING;
INSERT INTO word_sentences (word_id, estonian, english, turkish, sort_order) VALUES ('a1-õppima', 'Ma õpin eesti keelt.', 'I am learning Estonian.', 'Estonca öğreniyorum.', 0);
INSERT INTO words (id, estonian, english, turkish, cefr_level, image_query) VALUES ('a1-töötama', 'töötama', 'to work', 'çalışmak', 'A1', NULL) ON CONFLICT (id) DO NOTHING;
INSERT INTO word_sentences (word_id, estonian, english, turkish, sort_order) VALUES ('a1-töötama', 'Ma töötan haiglas.', 'I work in a hospital.', 'Hastanede çalışıyorum.', 0);
INSERT INTO words (id, estonian, english, turkish, cefr_level, image_query) VALUES ('a1-magama', 'magama', 'to sleep', 'uyumak', 'A1', NULL) ON CONFLICT (id) DO NOTHING;
INSERT INTO word_sentences (word_id, estonian, english, turkish, sort_order) VALUES ('a1-magama', 'Ma magan kaheksa tundi.', 'I sleep eight hours.', 'Sekiz saat uyuyorum.', 0);
INSERT INTO words (id, estonian, english, turkish, cefr_level, image_query) VALUES ('a1-elama', 'elama', 'to live', 'yaşamak', 'A1', NULL) ON CONFLICT (id) DO NOTHING;
INSERT INTO word_sentences (word_id, estonian, english, turkish, sort_order) VALUES ('a1-elama', 'Ma elan Tallinnas.', 'I live in Tallinn.', 'Tallinn''de yaşıyorum.', 0);
INSERT INTO words (id, estonian, english, turkish, cefr_level, image_query) VALUES ('a1-tahtma', 'tahtma', 'to want', 'istemek', 'A1', NULL) ON CONFLICT (id) DO NOTHING;
INSERT INTO word_sentences (word_id, estonian, english, turkish, sort_order) VALUES ('a1-tahtma', 'Ma tahan jäätist.', 'I want ice cream.', 'Dondurma istiyorum.', 0);
INSERT INTO words (id, estonian, english, turkish, cefr_level, image_query) VALUES ('a1-saama', 'saama', 'to get / can', 'almak / yapabilmek', 'A1', NULL) ON CONFLICT (id) DO NOTHING;
INSERT INTO word_sentences (word_id, estonian, english, turkish, sort_order) VALUES ('a1-saama', 'Ma saan aru.', 'I understand.', 'Anlıyorum.', 0);
INSERT INTO words (id, estonian, english, turkish, cefr_level, image_query) VALUES ('a1-teadma', 'teadma', 'to know', 'bilmek', 'A1', NULL) ON CONFLICT (id) DO NOTHING;
INSERT INTO word_sentences (word_id, estonian, english, turkish, sort_order) VALUES ('a1-teadma', 'Ma ei tea.', 'I don''t know.', 'Bilmiyorum.', 0);
INSERT INTO words (id, estonian, english, turkish, cefr_level, image_query) VALUES ('a1-nägema', 'nägema', 'to see', 'görmek', 'A1', NULL) ON CONFLICT (id) DO NOTHING;
INSERT INTO word_sentences (word_id, estonian, english, turkish, sort_order) VALUES ('a1-nägema', 'Ma näen merd.', 'I see the sea.', 'Denizi görüyorum.', 0);
INSERT INTO words (id, estonian, english, turkish, cefr_level, image_query) VALUES ('a1-kuulma', 'kuulma', 'to hear', 'duymak', 'A1', NULL) ON CONFLICT (id) DO NOTHING;
INSERT INTO word_sentences (word_id, estonian, english, turkish, sort_order) VALUES ('a1-kuulma', 'Ma kuulen muusikat.', 'I hear music.', 'Müzik duyuyorum.', 0);
INSERT INTO words (id, estonian, english, turkish, cefr_level, image_query) VALUES ('a1-ostma', 'ostma', 'to buy', 'satın almak', 'A1', NULL) ON CONFLICT (id) DO NOTHING;
INSERT INTO word_sentences (word_id, estonian, english, turkish, sort_order) VALUES ('a1-ostma', 'Ma ostan leiba.', 'I am buying bread.', 'Ekmek alıyorum.', 0);
INSERT INTO words (id, estonian, english, turkish, cefr_level, image_query) VALUES ('a1-andma', 'andma', 'to give', 'vermek', 'A1', NULL) ON CONFLICT (id) DO NOTHING;
INSERT INTO word_sentences (word_id, estonian, english, turkish, sort_order) VALUES ('a1-andma', 'Anna mulle see raamat.', 'Give me that book.', 'Şu kitabı bana ver.', 0);
INSERT INTO words (id, estonian, english, turkish, cefr_level, image_query) VALUES ('a1-mängima', 'mängima', 'to play', 'oynamak', 'A1', NULL) ON CONFLICT (id) DO NOTHING;
INSERT INTO word_sentences (word_id, estonian, english, turkish, sort_order) VALUES ('a1-mängima', 'Lapsed mängivad õues.', 'The children play outside.', 'Çocuklar dışarıda oynuyor.', 0);
INSERT INTO words (id, estonian, english, turkish, cefr_level, image_query) VALUES ('a1-ilus', 'ilus', 'beautiful', 'güzel', 'A1', NULL) ON CONFLICT (id) DO NOTHING;
INSERT INTO word_sentences (word_id, estonian, english, turkish, sort_order) VALUES ('a1-ilus', 'See lill on ilus.', 'This flower is beautiful.', 'Bu çiçek güzel.', 0);
INSERT INTO words (id, estonian, english, turkish, cefr_level, image_query) VALUES ('a1-kuum', 'kuum', 'hot', 'sıcak', 'A1', NULL) ON CONFLICT (id) DO NOTHING;
INSERT INTO word_sentences (word_id, estonian, english, turkish, sort_order) VALUES ('a1-kuum', 'Kohv on kuum.', 'The coffee is hot.', 'Kahve sıcak.', 0);
INSERT INTO words (id, estonian, english, turkish, cefr_level, image_query) VALUES ('a1-külm', 'külm', 'cold', 'soğuk', 'A1', NULL) ON CONFLICT (id) DO NOTHING;
INSERT INTO word_sentences (word_id, estonian, english, turkish, sort_order) VALUES ('a1-külm', 'Talvel on külm.', 'It is cold in winter.', 'Kışın soğuk olur.', 0);
INSERT INTO words (id, estonian, english, turkish, cefr_level, image_query) VALUES ('a1-soe', 'soe', 'warm', 'ılık', 'A1', NULL) ON CONFLICT (id) DO NOTHING;
INSERT INTO word_sentences (word_id, estonian, english, turkish, sort_order) VALUES ('a1-soe', 'Täna on soe ilm.', 'Today the weather is warm.', 'Bugün hava ılık.', 0);
INSERT INTO words (id, estonian, english, turkish, cefr_level, image_query) VALUES ('a1-kallis', 'kallis', 'expensive / dear', 'pahalı / sevgili', 'A1', NULL) ON CONFLICT (id) DO NOTHING;
INSERT INTO word_sentences (word_id, estonian, english, turkish, sort_order) VALUES ('a1-kallis', 'See on liiga kallis.', 'This is too expensive.', 'Bu çok pahalı.', 0);
INSERT INTO words (id, estonian, english, turkish, cefr_level, image_query) VALUES ('a1-odav', 'odav', 'cheap', 'ucuz', 'A1', NULL) ON CONFLICT (id) DO NOTHING;
INSERT INTO word_sentences (word_id, estonian, english, turkish, sort_order) VALUES ('a1-odav', 'See pood on odav.', 'This shop is cheap.', 'Bu dükkan ucuz.', 0);
INSERT INTO words (id, estonian, english, turkish, cefr_level, image_query) VALUES ('a1-noor', 'noor', 'young', 'genç', 'A1', NULL) ON CONFLICT (id) DO NOTHING;
INSERT INTO word_sentences (word_id, estonian, english, turkish, sort_order) VALUES ('a1-noor', 'Ta on veel noor.', 'He/she is still young.', 'O hâlâ genç.', 0);
INSERT INTO words (id, estonian, english, turkish, cefr_level, image_query) VALUES ('a1-kiire', 'kiire', 'fast / busy', 'hızlı / meşgul', 'A1', NULL) ON CONFLICT (id) DO NOTHING;
INSERT INTO word_sentences (word_id, estonian, english, turkish, sort_order) VALUES ('a1-kiire', 'Mul on kiire.', 'I am in a hurry.', 'Acelem var.', 0);
INSERT INTO words (id, estonian, english, turkish, cefr_level, image_query) VALUES ('a1-aeglane', 'aeglane', 'slow', 'yavaş', 'A1', NULL) ON CONFLICT (id) DO NOTHING;
INSERT INTO word_sentences (word_id, estonian, english, turkish, sort_order) VALUES ('a1-aeglane', 'Palun räägi aeglasemalt.', 'Please speak more slowly.', 'Lütfen daha yavaş konuş.', 0);
INSERT INTO words (id, estonian, english, turkish, cefr_level, image_query) VALUES ('a1-pikk', 'pikk', 'tall / long', 'uzun', 'A1', NULL) ON CONFLICT (id) DO NOTHING;
INSERT INTO word_sentences (word_id, estonian, english, turkish, sort_order) VALUES ('a1-pikk', 'Ta on väga pikk.', 'He/she is very tall.', 'O çok uzun boylu.', 0);
INSERT INTO words (id, estonian, english, turkish, cefr_level, image_query) VALUES ('a1-lühike', 'lühike', 'short', 'kısa', 'A1', NULL) ON CONFLICT (id) DO NOTHING;
INSERT INTO word_sentences (word_id, estonian, english, turkish, sort_order) VALUES ('a1-lühike', 'See tee on lühike.', 'This road is short.', 'Bu yol kısa.', 0);
INSERT INTO words (id, estonian, english, turkish, cefr_level, image_query) VALUES ('a1-kerge', 'kerge', 'light / easy', 'hafif / kolay', 'A1', NULL) ON CONFLICT (id) DO NOTHING;
INSERT INTO word_sentences (word_id, estonian, english, turkish, sort_order) VALUES ('a1-kerge', 'See ülesanne on kerge.', 'This task is easy.', 'Bu görev kolay.', 0);
INSERT INTO words (id, estonian, english, turkish, cefr_level, image_query) VALUES ('a1-raske', 'raske', 'heavy / difficult', 'ağır / zor', 'A1', NULL) ON CONFLICT (id) DO NOTHING;
INSERT INTO word_sentences (word_id, estonian, english, turkish, sort_order) VALUES ('a1-raske', 'See kott on raske.', 'This bag is heavy.', 'Bu çanta ağır.', 0);
INSERT INTO words (id, estonian, english, turkish, cefr_level, image_query) VALUES ('a1-pood', 'pood', 'shop / store', 'dükkan / market', 'A1', NULL) ON CONFLICT (id) DO NOTHING;
INSERT INTO word_sentences (word_id, estonian, english, turkish, sort_order) VALUES ('a1-pood', 'Ma lähen poodi.', 'I am going to the store.', 'Markete gidiyorum.', 0);
INSERT INTO words (id, estonian, english, turkish, cefr_level, image_query) VALUES ('a1-restoran', 'restoran', 'restaurant', 'restoran', 'A1', NULL) ON CONFLICT (id) DO NOTHING;
INSERT INTO word_sentences (word_id, estonian, english, turkish, sort_order) VALUES ('a1-restoran', 'Me sööme restoranis.', 'We eat at a restaurant.', 'Restoranda yemek yiyoruz.', 0);
INSERT INTO words (id, estonian, english, turkish, cefr_level, image_query) VALUES ('a1-haigla', 'haigla', 'hospital', 'hastane', 'A1', NULL) ON CONFLICT (id) DO NOTHING;
INSERT INTO word_sentences (word_id, estonian, english, turkish, sort_order) VALUES ('a1-haigla', 'Arst töötab haiglas.', 'The doctor works in a hospital.', 'Doktor hastanede çalışıyor.', 0);
INSERT INTO words (id, estonian, english, turkish, cefr_level, image_query) VALUES ('a1-apteek', 'apteek', 'pharmacy', 'eczane', 'A1', NULL) ON CONFLICT (id) DO NOTHING;
INSERT INTO word_sentences (word_id, estonian, english, turkish, sort_order) VALUES ('a1-apteek', 'Ma ostan rohtu apteegist.', 'I buy medicine from the pharmacy.', 'Eczaneden ilaç alıyorum.', 0);
INSERT INTO words (id, estonian, english, turkish, cefr_level, image_query) VALUES ('a1-raamatukogu', 'raamatukogu', 'library', 'kütüphane', 'A1', NULL) ON CONFLICT (id) DO NOTHING;
INSERT INTO word_sentences (word_id, estonian, english, turkish, sort_order) VALUES ('a1-raamatukogu', 'Ma loen raamatukogus.', 'I read in the library.', 'Kütüphanede okuyorum.', 0);
INSERT INTO words (id, estonian, english, turkish, cefr_level, image_query) VALUES ('a1-linn', 'linn', 'city', 'şehir', 'A1', NULL) ON CONFLICT (id) DO NOTHING;
INSERT INTO word_sentences (word_id, estonian, english, turkish, sort_order) VALUES ('a1-linn', 'Tallinn on Eesti pealinn.', 'Tallinn is the capital of Estonia.', 'Tallinn, Estonya''nın başkentidir.', 0);
INSERT INTO words (id, estonian, english, turkish, cefr_level, image_query) VALUES ('a1-tänav', 'tänav', 'street', 'sokak', 'A1', NULL) ON CONFLICT (id) DO NOTHING;
INSERT INTO word_sentences (word_id, estonian, english, turkish, sort_order) VALUES ('a1-tänav', 'Mis tänaval sa elad?', 'What street do you live on?', 'Hangi sokakta oturuyorsun?', 0);
INSERT INTO words (id, estonian, english, turkish, cefr_level, image_query) VALUES ('a1-buss', 'buss', 'bus', 'otobüs', 'A1', NULL) ON CONFLICT (id) DO NOTHING;
INSERT INTO word_sentences (word_id, estonian, english, turkish, sort_order) VALUES ('a1-buss', 'Ma sõidan bussiga tööle.', 'I take the bus to work.', 'İşe otobüsle gidiyorum.', 0);
INSERT INTO words (id, estonian, english, turkish, cefr_level, image_query) VALUES ('a1-rong', 'rong', 'train', 'tren', 'A1', NULL) ON CONFLICT (id) DO NOTHING;
INSERT INTO word_sentences (word_id, estonian, english, turkish, sort_order) VALUES ('a1-rong', 'Rong läheb Tartusse.', 'The train goes to Tartu.', 'Tren Tartu''ya gidiyor.', 0);
INSERT INTO words (id, estonian, english, turkish, cefr_level, image_query) VALUES ('a1-lennuk', 'lennuk', 'airplane', 'uçak', 'A1', NULL) ON CONFLICT (id) DO NOTHING;
INSERT INTO word_sentences (word_id, estonian, english, turkish, sort_order) VALUES ('a1-lennuk', 'Lennuk lendab kõrgel.', 'The airplane flies high.', 'Uçak yüksekte uçuyor.', 0);
INSERT INTO words (id, estonian, english, turkish, cefr_level, image_query) VALUES ('a1-tund', 'tund', 'hour / lesson', 'saat / ders', 'A1', NULL) ON CONFLICT (id) DO NOTHING;
INSERT INTO word_sentences (word_id, estonian, english, turkish, sort_order) VALUES ('a1-tund', 'Tund kestab 45 minutit.', 'The lesson lasts 45 minutes.', 'Ders 45 dakika sürüyor.', 0);
INSERT INTO words (id, estonian, english, turkish, cefr_level, image_query) VALUES ('a1-minut', 'minut', 'minute', 'dakika', 'A1', NULL) ON CONFLICT (id) DO NOTHING;
INSERT INTO word_sentences (word_id, estonian, english, turkish, sort_order) VALUES ('a1-minut', 'Oota üks minut.', 'Wait one minute.', 'Bir dakika bekle.', 0);
INSERT INTO words (id, estonian, english, turkish, cefr_level, image_query) VALUES ('a1-nädal', 'nädal', 'week', 'hafta', 'A1', NULL) ON CONFLICT (id) DO NOTHING;
INSERT INTO word_sentences (word_id, estonian, english, turkish, sort_order) VALUES ('a1-nädal', 'Üks nädal on seitse päeva.', 'One week is seven days.', 'Bir hafta yedi gündür.', 0);
INSERT INTO words (id, estonian, english, turkish, cefr_level, image_query) VALUES ('a1-kuu', 'kuu', 'month / moon', 'ay', 'A1', NULL) ON CONFLICT (id) DO NOTHING;
INSERT INTO word_sentences (word_id, estonian, english, turkish, sort_order) VALUES ('a1-kuu', 'Üks kuu on umbes 30 päeva.', 'One month is about 30 days.', 'Bir ay yaklaşık 30 gündür.', 0);
INSERT INTO words (id, estonian, english, turkish, cefr_level, image_query) VALUES ('a1-aasta', 'aasta', 'year', 'yıl', 'A1', NULL) ON CONFLICT (id) DO NOTHING;
INSERT INTO word_sentences (word_id, estonian, english, turkish, sort_order) VALUES ('a1-aasta', 'Üks aasta on 12 kuud.', 'One year is 12 months.', 'Bir yıl 12 aydır.', 0);
INSERT INTO words (id, estonian, english, turkish, cefr_level, image_query) VALUES ('a1-kell', 'kell', 'clock / time', 'saat', 'A1', NULL) ON CONFLICT (id) DO NOTHING;
INSERT INTO word_sentences (word_id, estonian, english, turkish, sort_order) VALUES ('a1-kell', 'Mis kell on?', 'What time is it?', 'Saat kaç?', 0);
INSERT INTO words (id, estonian, english, turkish, cefr_level, image_query) VALUES ('a1-mina', 'mina', 'I (emphatic)', 'ben (vurgulu)', 'A1', NULL) ON CONFLICT (id) DO NOTHING;
INSERT INTO word_sentences (word_id, estonian, english, turkish, sort_order) VALUES ('a1-mina', 'Mina olen Eestist.', 'I am from Estonia.', 'Ben Estonya''danım.', 0);
INSERT INTO words (id, estonian, english, turkish, cefr_level, image_query) VALUES ('a1-sina', 'sina', 'you (emphatic)', 'sen (vurgulu)', 'A1', NULL) ON CONFLICT (id) DO NOTHING;
INSERT INTO word_sentences (word_id, estonian, english, turkish, sort_order) VALUES ('a1-sina', 'Sina oled minu sõber.', 'You are my friend.', 'Sen benim arkadaşımsın.', 0);
INSERT INTO words (id, estonian, english, turkish, cefr_level, image_query) VALUES ('a1-see', 'see', 'this / that', 'bu / şu', 'A1', NULL) ON CONFLICT (id) DO NOTHING;
INSERT INTO word_sentences (word_id, estonian, english, turkish, sort_order) VALUES ('a1-see', 'See on minu raamat.', 'This is my book.', 'Bu benim kitabım.', 0);
INSERT INTO words (id, estonian, english, turkish, cefr_level, image_query) VALUES ('a1-keel', 'keel', 'language / tongue', 'dil', 'A1', NULL) ON CONFLICT (id) DO NOTHING;
INSERT INTO word_sentences (word_id, estonian, english, turkish, sort_order) VALUES ('a1-keel', 'Eesti keel on ilus.', 'The Estonian language is beautiful.', 'Estonca güzel bir dil.', 0);
INSERT INTO words (id, estonian, english, turkish, cefr_level, image_query) VALUES ('a1-sõna', 'sõna', 'word', 'kelime', 'A1', NULL) ON CONFLICT (id) DO NOTHING;
INSERT INTO word_sentences (word_id, estonian, english, turkish, sort_order) VALUES ('a1-sõna', 'Ma õpin uusi sõnu.', 'I am learning new words.', 'Yeni kelimeler öğreniyorum.', 0);
INSERT INTO words (id, estonian, english, turkish, cefr_level, image_query) VALUES ('a1-küsimus', 'küsimus', 'question', 'soru', 'A1', NULL) ON CONFLICT (id) DO NOTHING;
INSERT INTO word_sentences (word_id, estonian, english, turkish, sort_order) VALUES ('a1-küsimus', 'Mul on üks küsimus.', 'I have one question.', 'Bir sorum var.', 0);
INSERT INTO words (id, estonian, english, turkish, cefr_level, image_query) VALUES ('a1-vastus', 'vastus', 'answer', 'cevap', 'A1', NULL) ON CONFLICT (id) DO NOTHING;
INSERT INTO word_sentences (word_id, estonian, english, turkish, sort_order) VALUES ('a1-vastus', 'Ma ei tea vastust.', 'I don''t know the answer.', 'Cevabı bilmiyorum.', 0);
INSERT INTO words (id, estonian, english, turkish, cefr_level, image_query) VALUES ('a1-arst', 'arst', 'doctor', 'doktor', 'A1', NULL) ON CONFLICT (id) DO NOTHING;
INSERT INTO word_sentences (word_id, estonian, english, turkish, sort_order) VALUES ('a1-arst', 'Ma lähen arsti juurde.', 'I am going to the doctor.', 'Doktora gidiyorum.', 0);
INSERT INTO words (id, estonian, english, turkish, cefr_level, image_query) VALUES ('a1-õpetaja', 'õpetaja', 'teacher', 'öğretmen', 'A1', NULL) ON CONFLICT (id) DO NOTHING;
INSERT INTO word_sentences (word_id, estonian, english, turkish, sort_order) VALUES ('a1-õpetaja', 'Minu õpetaja on väga hea.', 'My teacher is very good.', 'Öğretmenim çok iyi.', 0);
INSERT INTO words (id, estonian, english, turkish, cefr_level, image_query) VALUES ('a1-õpilane', 'õpilane', 'student', 'öğrenci', 'A1', NULL) ON CONFLICT (id) DO NOTHING;
INSERT INTO word_sentences (word_id, estonian, english, turkish, sort_order) VALUES ('a1-õpilane', 'Ma olen õpilane.', 'I am a student.', 'Ben öğrenciyim.', 0);
INSERT INTO words (id, estonian, english, turkish, cefr_level, image_query) VALUES ('a1-riik', 'riik', 'country / state', 'ülke / devlet', 'A1', NULL) ON CONFLICT (id) DO NOTHING;
INSERT INTO word_sentences (word_id, estonian, english, turkish, sort_order) VALUES ('a1-riik', 'Eesti on väike riik.', 'Estonia is a small country.', 'Estonya küçük bir ülke.', 0);
INSERT INTO words (id, estonian, english, turkish, cefr_level, image_query) VALUES ('a1-meri', 'meri', 'sea', 'deniz', 'A1', NULL) ON CONFLICT (id) DO NOTHING;
INSERT INTO word_sentences (word_id, estonian, english, turkish, sort_order) VALUES ('a1-meri', 'Meri on sinine.', 'The sea is blue.', 'Deniz mavi.', 0);
INSERT INTO words (id, estonian, english, turkish, cefr_level, image_query) VALUES ('a1-mets', 'mets', 'forest', 'orman', 'A1', NULL) ON CONFLICT (id) DO NOTHING;
INSERT INTO word_sentences (word_id, estonian, english, turkish, sort_order) VALUES ('a1-mets', 'Eestis on palju metsa.', 'There is a lot of forest in Estonia.', 'Estonya''da çok fazla orman var.', 0);
INSERT INTO words (id, estonian, english, turkish, cefr_level, image_query) VALUES ('a1-tuba', 'tuba', 'room', 'oda', 'A1', NULL) ON CONFLICT (id) DO NOTHING;
INSERT INTO word_sentences (word_id, estonian, english, turkish, sort_order) VALUES ('a1-tuba', 'See tuba on suur.', 'This room is big.', 'Bu oda büyük.', 0);
INSERT INTO words (id, estonian, english, turkish, cefr_level, image_query) VALUES ('a1-uks', 'uks', 'door', 'kapı', 'A1', NULL) ON CONFLICT (id) DO NOTHING;
INSERT INTO word_sentences (word_id, estonian, english, turkish, sort_order) VALUES ('a1-uks', 'Palun sulge uks.', 'Please close the door.', 'Lütfen kapıyı kapat.', 0);
INSERT INTO words (id, estonian, english, turkish, cefr_level, image_query) VALUES ('a1-aken', 'aken', 'window', 'pencere', 'A1', NULL) ON CONFLICT (id) DO NOTHING;
INSERT INTO word_sentences (word_id, estonian, english, turkish, sort_order) VALUES ('a1-aken', 'Tee aken lahti!', 'Open the window!', 'Pencereyi aç!', 0);
INSERT INTO words (id, estonian, english, turkish, cefr_level, image_query) VALUES ('a1-laud', 'laud', 'table', 'masa', 'A1', NULL) ON CONFLICT (id) DO NOTHING;
INSERT INTO word_sentences (word_id, estonian, english, turkish, sort_order) VALUES ('a1-laud', 'Raamat on laual.', 'The book is on the table.', 'Kitap masanın üstünde.', 0);
INSERT INTO words (id, estonian, english, turkish, cefr_level, image_query) VALUES ('a1-tool', 'tool', 'chair', 'sandalye', 'A1', NULL) ON CONFLICT (id) DO NOTHING;
INSERT INTO word_sentences (word_id, estonian, english, turkish, sort_order) VALUES ('a1-tool', 'Istu toolile.', 'Sit on the chair.', 'Sandalyeye otur.', 0);
INSERT INTO words (id, estonian, english, turkish, cefr_level, image_query) VALUES ('a1-telefon', 'telefon', 'phone', 'telefon', 'A1', NULL) ON CONFLICT (id) DO NOTHING;
INSERT INTO word_sentences (word_id, estonian, english, turkish, sort_order) VALUES ('a1-telefon', 'Minu telefon heliseb.', 'My phone is ringing.', 'Telefonum çalıyor.', 0);
INSERT INTO words (id, estonian, english, turkish, cefr_level, image_query) VALUES ('a1-raha', 'raha', 'money', 'para', 'A1', NULL) ON CONFLICT (id) DO NOTHING;
INSERT INTO word_sentences (word_id, estonian, english, turkish, sort_order) VALUES ('a1-raha', 'Mul ei ole raha.', 'I don''t have money.', 'Param yok.', 0);
INSERT INTO words (id, estonian, english, turkish, cefr_level, image_query) VALUES ('a1-aeg', 'aeg', 'time', 'zaman', 'A1', NULL) ON CONFLICT (id) DO NOTHING;
INSERT INTO word_sentences (word_id, estonian, english, turkish, sort_order) VALUES ('a1-aeg', 'Mul ei ole aega.', 'I don''t have time.', 'Zamanım yok.', 0);
INSERT INTO words (id, estonian, english, turkish, cefr_level, image_query) VALUES ('a1-koht', 'koht', 'place / spot', 'yer', 'A1', NULL) ON CONFLICT (id) DO NOTHING;
INSERT INTO word_sentences (word_id, estonian, english, turkish, sort_order) VALUES ('a1-koht', 'See on ilus koht.', 'This is a beautiful place.', 'Burası güzel bir yer.', 0);
INSERT INTO words (id, estonian, english, turkish, cefr_level, image_query) VALUES ('a1-inimene', 'inimene', 'person / human', 'insan', 'A1', NULL) ON CONFLICT (id) DO NOTHING;
INSERT INTO word_sentences (word_id, estonian, english, turkish, sort_order) VALUES ('a1-inimene', 'Ta on hea inimene.', 'He/she is a good person.', 'O iyi bir insan.', 0);
INSERT INTO words (id, estonian, english, turkish, cefr_level, image_query) VALUES ('a1-poiss', 'poiss', 'boy', 'oğlan', 'A1', NULL) ON CONFLICT (id) DO NOTHING;
INSERT INTO word_sentences (word_id, estonian, english, turkish, sort_order) VALUES ('a1-poiss', 'Poiss jookseb kiiresti.', 'The boy runs fast.', 'Oğlan hızlı koşuyor.', 0);
INSERT INTO words (id, estonian, english, turkish, cefr_level, image_query) VALUES ('a1-tüdruk', 'tüdruk', 'girl', 'kız', 'A1', NULL) ON CONFLICT (id) DO NOTHING;
INSERT INTO word_sentences (word_id, estonian, english, turkish, sort_order) VALUES ('a1-tüdruk', 'Tüdruk loeb raamatut.', 'The girl reads a book.', 'Kız kitap okuyor.', 0);
INSERT INTO words (id, estonian, english, turkish, cefr_level, image_query) VALUES ('a1-talv', 'talv', 'winter', 'kış', 'A1', NULL) ON CONFLICT (id) DO NOTHING;
INSERT INTO word_sentences (word_id, estonian, english, turkish, sort_order) VALUES ('a1-talv', 'Eesti talv on pikk.', 'Estonian winter is long.', 'Estonya kışı uzundur.', 0);
INSERT INTO words (id, estonian, english, turkish, cefr_level, image_query) VALUES ('a1-suvi', 'suvi', 'summer', 'yaz', 'A1', NULL) ON CONFLICT (id) DO NOTHING;
INSERT INTO word_sentences (word_id, estonian, english, turkish, sort_order) VALUES ('a1-suvi', 'Suvel on soe.', 'It is warm in summer.', 'Yazın hava ılık olur.', 0);
INSERT INTO words (id, estonian, english, turkish, cefr_level, image_query) VALUES ('a1-kevad', 'kevad', 'spring', 'ilkbahar', 'A1', NULL) ON CONFLICT (id) DO NOTHING;
INSERT INTO word_sentences (word_id, estonian, english, turkish, sort_order) VALUES ('a1-kevad', 'Kevadel hakkavad lilled õitsema.', 'In spring the flowers start blooming.', 'İlkbaharda çiçekler açmaya başlar.', 0);
INSERT INTO words (id, estonian, english, turkish, cefr_level, image_query) VALUES ('a1-sügis', 'sügis', 'autumn', 'sonbahar', 'A1', NULL) ON CONFLICT (id) DO NOTHING;
INSERT INTO word_sentences (word_id, estonian, english, turkish, sort_order) VALUES ('a1-sügis', 'Sügisel langevad lehed.', 'In autumn the leaves fall.', 'Sonbaharda yapraklar dökülür.', 0);
INSERT INTO words (id, estonian, english, turkish, cefr_level, image_query) VALUES ('a1-ütlema', 'ütlema', 'say', 'söylemek', 'A1', NULL) ON CONFLICT (id) DO NOTHING;
INSERT INTO word_sentences (word_id, estonian, english, turkish, sort_order) VALUES ('a1-ütlema', 'Ütle oma nimi!', 'Ütle oma nimi!', 'Adını söyle!', 0);
INSERT INTO word_sentences (word_id, estonian, english, turkish, sort_order) VALUES ('a1-ütlema', 'Oleks ta siis ühegi lohutava sõna öelnud.', 'Oleks ta siis ühegi lohutava sõna öelnud.', 'Keşke tek bir teselli edici söz söyleseydi.', 1);
INSERT INTO word_sentences (word_id, estonian, english, turkish, sort_order) VALUES ('a1-ütlema', 'Hästi öeldud!', 'Hästi öeldud!', 'İyi söyledin!', 2);
INSERT INTO words (id, estonian, english, turkish, cefr_level, image_query) VALUES ('a1-võtma', 'võtma', 'take', 'almak', 'A1', NULL) ON CONFLICT (id) DO NOTHING;
INSERT INTO word_sentences (word_id, estonian, english, turkish, sort_order) VALUES ('a1-võtma', 'Võta kott ja lähme!', 'Võta kott ja lähme!', 'Çantayı al ve gidelim!', 0);
INSERT INTO word_sentences (word_id, estonian, english, turkish, sort_order) VALUES ('a1-võtma', 'Vares võttis leivatüki noka vahele.', 'Vares võttis leivatüki noka vahele.', 'Karga ekmek parçasını gagasına aldı.', 1);
INSERT INTO word_sentences (word_id, estonian, english, turkish, sort_order) VALUES ('a1-võtma', 'Võtsin laua pealt võtmed.', 'Võtsin laua pealt võtmed.', 'Masanın üstünden anahtarları aldım.', 2);
INSERT INTO words (id, estonian, english, turkish, cefr_level, image_query) VALUES ('a1-pidama', 'pidama', 'need', 'gerekmek / zorunda olmak', 'A1', NULL) ON CONFLICT (id) DO NOTHING;
INSERT INTO word_sentences (word_id, estonian, english, turkish, sort_order) VALUES ('a1-pidama', 'Kõik peavad kohal olema.', 'Kõik peavad kohal olema.', 'Herkes orada olmak zorunda.', 0);
INSERT INTO word_sentences (word_id, estonian, english, turkish, sort_order) VALUES ('a1-pidama', 'Ta pidi vaikides ülekohut taluma.', 'Ta pidi vaikides ülekohut taluma.', 'Sessizce haksızlığa katlanmak zorunda kaldı.', 1);
INSERT INTO word_sentences (word_id, estonian, english, turkish, sort_order) VALUES ('a1-pidama', 'Lapsed peavad vanemate sõna kuulama.', 'Lapsed peavad vanemate sõna kuulama.', 'Çocuklar anne babalarının sözünü dinlemek zorunda.', 2);
INSERT INTO words (id, estonian, english, turkish, cefr_level, image_query) VALUES ('a1-panema', 'panema', 'put', 'koymak', 'A1', NULL) ON CONFLICT (id) DO NOTHING;
INSERT INTO word_sentences (word_id, estonian, english, turkish, sort_order) VALUES ('a1-panema', 'Pane piim külmkappi.', 'Pane piim külmkappi.', 'Sütü buzdolabına koy.', 0);
INSERT INTO word_sentences (word_id, estonian, english, turkish, sort_order) VALUES ('a1-panema', 'Maria paneb näputöö käest ja läheb ust avama.', 'Maria paneb näputöö käest ja läheb ust avama.', 'Maria el işini bırakıp kapıyı açmaya gidiyor.', 1);
INSERT INTO word_sentences (word_id, estonian, english, turkish, sort_order) VALUES ('a1-panema', 'Pane raamat lauale.', 'Pane raamat lauale.', 'Kitabı masaya koy.', 2);
INSERT INTO words (id, estonian, english, turkish, cefr_level, image_query) VALUES ('a1-hakkama', 'hakkama', 'start', 'başlamak', 'A1', NULL) ON CONFLICT (id) DO NOTHING;
INSERT INTO word_sentences (word_id, estonian, english, turkish, sort_order) VALUES ('a1-hakkama', 'Kõik hakkasid naerma.', 'Kõik hakkasid naerma.', 'Herkes gülmeye başladı.', 0);
INSERT INTO word_sentences (word_id, estonian, english, turkish, sort_order) VALUES ('a1-hakkama', 'Päevad hakkavad pikenema.', 'Päevad hakkavad pikenema.', 'Günler uzamaya başlıyor.', 1);
INSERT INTO word_sentences (word_id, estonian, english, turkish, sort_order) VALUES ('a1-hakkama', 'Hakkame siis tööle.', 'Hakkame siis tööle.', 'Haydi o zaman işe başlayalım.', 2);
INSERT INTO words (id, estonian, english, turkish, cefr_level, image_query) VALUES ('a1-viima', 'viima', 'take', 'götürmek', 'A1', NULL) ON CONFLICT (id) DO NOTHING;
INSERT INTO word_sentences (word_id, estonian, english, turkish, sort_order) VALUES ('a1-viima', 'Isa viis hommikul lapsed kooli.', 'Isa viis hommikul lapsed kooli.', 'Baba sabah çocukları okula götürdü.', 0);
INSERT INTO word_sentences (word_id, estonian, english, turkish, sort_order) VALUES ('a1-viima', 'Ära unusta naisele sünnipäevaks lilli viia.', 'Ära unusta naisele sünnipäevaks lilli viia.', 'Eşine doğum günü için çiçek götürmeyi unutma.', 1);
INSERT INTO word_sentences (word_id, estonian, english, turkish, sort_order) VALUES ('a1-viima', 'Limusiin viib presidendi otse lennujaama.', 'Limusiin viib presidendi otse lennujaama.', 'Limuzin cumhurbaşkanını doğrudan havalimanına götürüyor.', 2);
INSERT INTO words (id, estonian, english, turkish, cefr_level, image_query) VALUES ('a1-tooma', 'tooma', 'bring', 'getirmek', 'A1', NULL) ON CONFLICT (id) DO NOTHING;
INSERT INTO word_sentences (word_id, estonian, english, turkish, sort_order) VALUES ('a1-tooma', 'Kohv toodi lauda sekundiga.', 'Kohv toodi lauda sekundiga.', 'Kahve bir saniyede masaya getirildi.', 0);
INSERT INTO word_sentences (word_id, estonian, english, turkish, sort_order) VALUES ('a1-tooma', 'Jõuluvana tõi kõigile kingitusi.', 'Jõuluvana tõi kõigile kingitusi.', 'Noel Baba herkese hediye getirdi.', 1);
INSERT INTO word_sentences (word_id, estonian, english, turkish, sort_order) VALUES ('a1-tooma', 'Paat tõi merehädalised meie saarele.', 'Paat tõi merehädalised meie saarele.', 'Tekne deniz kazasına uğrayanları adamıza getirdi.', 2);
INSERT INTO words (id, estonian, english, turkish, cefr_level, image_query) VALUES ('a1-leidma', 'leidma', 'find', 'bulmak', 'A1', NULL) ON CONFLICT (id) DO NOTHING;
INSERT INTO word_sentences (word_id, estonian, english, turkish, sort_order) VALUES ('a1-leidma', 'Viige linnupoeg tagasi sinna, kust te ta leidsite.', 'Viige linnupoeg tagasi sinna, kust te ta leidsite.', 'Kuş yavrusunu bulduğunuz yere geri götürün.', 0);
INSERT INTO word_sentences (word_id, estonian, english, turkish, sort_order) VALUES ('a1-leidma', 'On vähe lootust teda elusana leida.', 'On vähe lootust teda elusana leida.', 'Onu sağ bulma umudu çok az.', 1);
INSERT INTO word_sentences (word_id, estonian, english, turkish, sort_order) VALUES ('a1-leidma', 'Ma ei leia oma rahakotti.', 'Ma ei leia oma rahakotti.', 'Cüzdanımı bulamıyorum.', 2);
INSERT INTO words (id, estonian, english, turkish, cefr_level, image_query) VALUES ('a1-mõtlema', 'mõtlema', 'think', 'düşünmek', 'A1', NULL) ON CONFLICT (id) DO NOTHING;
INSERT INTO word_sentences (word_id, estonian, english, turkish, sort_order) VALUES ('a1-mõtlema', 'Pean asjad enda jaoks selgeks mõtlema.', 'Pean asjad enda jaoks selgeks mõtlema.', 'İşleri kafamda netleştirmem gerekiyor.', 0);
INSERT INTO word_sentences (word_id, estonian, english, turkish, sort_order) VALUES ('a1-mõtlema', 'Ära kohe vasta, mõtle enne natuke.', 'Ära kohe vasta, mõtle enne natuke.', 'Hemen cevap verme, önce biraz düşün.', 1);
INSERT INTO word_sentences (word_id, estonian, english, turkish, sort_order) VALUES ('a1-mõtlema', 'Inimesed ei mõtle, mida nad ütlevad.', 'Inimesed ei mõtle, mida nad ütlevad.', 'İnsanlar ne söylediklerini düşünmüyor.', 2);
INSERT INTO words (id, estonian, english, turkish, cefr_level, image_query) VALUES ('a1-vaatama', 'vaatama', 'watch', 'bakmak / izlemek', 'A1', NULL) ON CONFLICT (id) DO NOTHING;
INSERT INTO word_sentences (word_id, estonian, english, turkish, sort_order) VALUES ('a1-vaatama', 'Ära otse päikesesse vaata!', 'Ära otse päikesesse vaata!', 'Güneşe doğrudan bakma!', 0);
INSERT INTO word_sentences (word_id, estonian, english, turkish, sort_order) VALUES ('a1-vaatama', 'Ootaja vaatas närviliselt kella.', 'Ootaja vaatas närviliselt kella.', 'Bekleyen kişi gergin bir şekilde saate baktı.', 1);
INSERT INTO word_sentences (word_id, estonian, english, turkish, sort_order) VALUES ('a1-vaatama', 'Vaata mõlemale poole, enne kui üle tee lähed.', 'Vaata mõlemale poole, enne kui üle tee lähed.', 'Karşıya geçmeden önce iki tarafa da bak.', 2);
INSERT INTO words (id, estonian, english, turkish, cefr_level, image_query) VALUES ('a1-elu', 'elu', 'life', 'hayat', 'A1', NULL) ON CONFLICT (id) DO NOTHING;
INSERT INTO word_sentences (word_id, estonian, english, turkish, sort_order) VALUES ('a1-elu', 'Ta elu on väljaspool hädaohtu.', 'Ta elu on väljaspool hädaohtu.', 'Hayatı tehlike dışında.', 0);
INSERT INTO word_sentences (word_id, estonian, english, turkish, sort_order) VALUES ('a1-elu', 'Arstid võitlesid haige elu eest.', 'Arstid võitlesid haige elu eest.', 'Doktorlar hastanın hayatı için mücadele etti.', 1);
INSERT INTO word_sentences (word_id, estonian, english, turkish, sort_order) VALUES ('a1-elu', 'Kas siin kiputi kellegi elu kallale?', 'Kas siin kiputi kellegi elu kallale?', 'Burada birinin hayatına kast mı edildi?', 2);
INSERT INTO words (id, estonian, english, turkish, cefr_level, image_query) VALUES ('a1-maa', 'maa', 'land', 'toprak / kara', 'A1', NULL) ON CONFLICT (id) DO NOTHING;
INSERT INTO word_sentences (word_id, estonian, english, turkish, sort_order) VALUES ('a1-maa', 'Pikk merereis ei ole sellega veel lõppenud, kui maa paistma hakkab.', 'Pikk merereis ei ole sellega veel lõppenud, kui maa paistma hakkab.', 'Uzun deniz yolculuğu, kara göründüğünde henüz bitmemiş olur.', 0);
INSERT INTO word_sentences (word_id, estonian, english, turkish, sort_order) VALUES ('a1-maa', 'Pääsukesed lendasid madalalt maa kohal.', 'Pääsukesed lendasid madalalt maa kohal.', 'Kırlangıçlar yerin üstünde alçaktan uçtu.', 1);
INSERT INTO word_sentences (word_id, estonian, english, turkish, sort_order) VALUES ('a1-maa', 'Laev lähenes maale.', 'Laev lähenes maale.', 'Gemi karaya yaklaştı.', 2);
INSERT INTO words (id, estonian, english, turkish, cefr_level, image_query) VALUES ('a1-asi', 'asi', 'thing', 'şey / eşya', 'A1', NULL) ON CONFLICT (id) DO NOTHING;
INSERT INTO word_sentences (word_id, estonian, english, turkish, sort_order) VALUES ('a1-asi', 'Terve tuba oli igasuguseid asju täis.', 'Terve tuba oli igasuguseid asju täis.', 'Bütün oda her türlü eşyayla doluydu.', 0);
INSERT INTO word_sentences (word_id, estonian, english, turkish, sort_order) VALUES ('a1-asi', 'Naine pakkis oma asjad kokku ja läks minema.', 'Naine pakkis oma asjad kokku ja läks minema.', 'Kadın eşyalarını topladı ve gitti.', 1);
INSERT INTO word_sentences (word_id, estonian, english, turkish, sort_order) VALUES ('a1-asi', 'Küll ta armastab ilusaid asju.', 'Küll ta armastab ilusaid asju.', 'O güzel şeyleri ne kadar çok seviyor.', 2);
INSERT INTO words (id, estonian, english, turkish, cefr_level, image_query) VALUES ('a1-kord', 'kord', 'time', 'kez / defa', 'A1', NULL) ON CONFLICT (id) DO NOTHING;
INSERT INTO word_sentences (word_id, estonian, english, turkish, sort_order) VALUES ('a1-kord', 'See oli ka ainus kord, kui reisil arstiabi vaja läks.', 'See oli ka ainus kord, kui reisil arstiabi vaja läks.', 'Bu, yolculukta tıbbi yardım gereken tek seferdi.', 0);
INSERT INTO word_sentences (word_id, estonian, english, turkish, sort_order) VALUES ('a1-kord', 'Iga kord lõpeb see halvasti.', 'Iga kord lõpeb see halvasti.', 'Her seferinde kötü bitiyor.', 1);
INSERT INTO word_sentences (word_id, estonian, english, turkish, sort_order) VALUES ('a1-kord', 'Sel korral tuli ta üksi.', 'Sel korral tuli ta üksi.', 'Bu sefer tek başına geldi.', 2);
INSERT INTO words (id, estonian, english, turkish, cefr_level, image_query) VALUES ('a1-osa', 'osa', 'part', 'parça / bölüm', 'A1', NULL) ON CONFLICT (id) DO NOTHING;
INSERT INTO word_sentences (word_id, estonian, english, turkish, sort_order) VALUES ('a1-osa', 'Rõdu on hoone osa.', 'Rõdu on hoone osa.', 'Balkon binanın bir parçasıdır.', 0);
INSERT INTO word_sentences (word_id, estonian, english, turkish, sort_order) VALUES ('a1-osa', 'Eri suuruse ja kujuga aju osad.', 'Eri suuruse ja kujuga aju osad.', 'Farklı büyüklük ve şekillerde beyin bölümleri.', 1);
INSERT INTO word_sentences (word_id, estonian, english, turkish, sort_order) VALUES ('a1-osa', 'Alustame õhtu piduliku osaga.', 'Alustame õhtu piduliku osaga.', 'Gecenin şenlik bölümüyle başlayalım.', 2);
INSERT INTO words (id, estonian, english, turkish, cefr_level, image_query) VALUES ('a1-pool', 'pool', 'half', 'yarım', 'A1', NULL) ON CONFLICT (id) DO NOTHING;
INSERT INTO word_sentences (word_id, estonian, english, turkish, sort_order) VALUES ('a1-pool', 'Pool miljonit.', 'Pool miljonit.', 'Yarım milyon.', 0);
INSERT INTO word_sentences (word_id, estonian, english, turkish, sort_order) VALUES ('a1-pool', 'Ostsin pool kilo õunu.', 'Ostsin pool kilo õunu.', 'Yarım kilo elma aldım.', 1);
INSERT INTO word_sentences (word_id, estonian, english, turkish, sort_order) VALUES ('a1-pool', 'Koosolek kestis pool tundi (= 30 minutit).', 'Koosolek kestis pool tundi (= 30 minutit).', 'Toplantı yarım saat sürdü (= 30 dakika).', 2);
INSERT INTO words (id, estonian, english, turkish, cefr_level, image_query) VALUES ('a1-loom', 'loom', 'animal', 'hayvan', 'A1', NULL) ON CONFLICT (id) DO NOTHING;
INSERT INTO word_sentences (word_id, estonian, english, turkish, sort_order) VALUES ('a1-loom', 'Maailmas elab palju huvitavaid linde, loomi ja putukaid.', 'Maailmas elab palju huvitavaid linde, loomi ja putukaid.', 'Dünyada birçok ilginç kuş, hayvan ve böcek yaşar.', 0);
INSERT INTO word_sentences (word_id, estonian, english, turkish, sort_order) VALUES ('a1-loom', 'Elevandid on ühed vaadatumad loomad loomaaedades.', 'Elevandid on ühed vaadatumad loomad loomaaedades.', 'Filler hayvanat bahçelerinde en çok izlenen hayvanlardan biridir.', 1);
INSERT INTO word_sentences (word_id, estonian, english, turkish, sort_order) VALUES ('a1-loom', 'Jänes, rebane ja karu on loomad.', 'Jänes, rebane ja karu on loomad.', 'Tavşan, tilki ve ayı hayvanlardır.', 2);
INSERT INTO words (id, estonian, english, turkish, cefr_level, image_query) VALUES ('a1-puu', 'puu', 'tree', 'ağaç', 'A1', NULL) ON CONFLICT (id) DO NOTHING;
INSERT INTO word_sentences (word_id, estonian, english, turkish, sort_order) VALUES ('a1-puu', 'Ahvid elavad puu otsas.', 'Ahvid elavad puu otsas.', 'Maymunlar ağaçların üstünde yaşar.', 0);
INSERT INTO word_sentences (word_id, estonian, english, turkish, sort_order) VALUES ('a1-puu', 'Metsas on kohti, kus puud ei kasva.', 'Metsas on kohti, kus puud ei kasva.', 'Ormanda ağaçların yetişmediği yerler var.', 1);
INSERT INTO word_sentences (word_id, estonian, english, turkish, sort_order) VALUES ('a1-puu', 'Päike hakkab puude taha vajuma.', 'Päike hakkab puude taha vajuma.', 'Güneş ağaçların arkasına batmaya başlıyor.', 2);
INSERT INTO words (id, estonian, english, turkish, cefr_level, image_query) VALUES ('a1-lill', 'lill', 'flower', 'çiçek', 'A1', NULL) ON CONFLICT (id) DO NOTHING;
INSERT INTO word_sentences (word_id, estonian, english, turkish, sort_order) VALUES ('a1-lill', 'Aeda on istutatud õunapuid ja põõsaid, lilledest rääkimata.', 'Aeda on istutatud õunapuid ja põõsaid, lilledest rääkimata.', 'Bahçeye elma ağaçları ve çalılar dikilmiş, çiçeklerden bahsetmiyorum bile.', 0);
INSERT INTO word_sentences (word_id, estonian, english, turkish, sort_order) VALUES ('a1-lill', 'Aias õitsevad kaunid lilled.', 'Aias õitsevad kaunid lilled.', 'Bahçede güzel çiçekler açıyor.', 1);
INSERT INTO word_sentences (word_id, estonian, english, turkish, sort_order) VALUES ('a1-lill', 'Pane lilled vaasi!', 'Pane lilled vaasi!', 'Çiçekleri vazoya koy!', 2);
INSERT INTO words (id, estonian, english, turkish, cefr_level, image_query) VALUES ('a1-jõgi', 'jõgi', 'river', 'nehir', 'A1', NULL) ON CONFLICT (id) DO NOTHING;
INSERT INTO word_sentences (word_id, estonian, english, turkish, sort_order) VALUES ('a1-jõgi', 'Sügaval oru põhjas lookleb jõgi.', 'Sügaval oru põhjas lookleb jõgi.', 'Derin vadinin dibinde bir nehir kıvrılarak akıyor.', 0);
INSERT INTO word_sentences (word_id, estonian, english, turkish, sort_order) VALUES ('a1-jõgi', 'Laevatatav jõgi.', 'Laevatatav jõgi.', 'Gemi ulaşımına uygun nehir.', 1);
INSERT INTO word_sentences (word_id, estonian, english, turkish, sort_order) VALUES ('a1-jõgi', 'Amazonas on üks maailma pikimaid jõgesid.', 'Amazonas on üks maailma pikimaid jõgesid.', 'Amazon, dünyanın en uzun nehirlerinden biridir.', 2);
INSERT INTO words (id, estonian, english, turkish, cefr_level, image_query) VALUES ('a1-mägi', 'mägi', 'mountain', 'dağ', 'A1', NULL) ON CONFLICT (id) DO NOTHING;
INSERT INTO word_sentences (word_id, estonian, english, turkish, sort_order) VALUES ('a1-mägi', 'Otepää ümbruse mäed.', 'Otepää ümbruse mäed.', 'Otepää çevresindeki dağlar.', 0);
INSERT INTO word_sentences (word_id, estonian, english, turkish, sort_order) VALUES ('a1-mägi', 'Mäe otsast avanesid imelised vaated.', 'Mäe otsast avanesid imelised vaated.', 'Dağın tepesinden muhteşem manzaralar açılıyordu.', 1);
INSERT INTO word_sentences (word_id, estonian, english, turkish, sort_order) VALUES ('a1-mägi', 'Fuji on jaapanlastele püha mägi.', 'Fuji on jaapanlastele püha mägi.', 'Fuji, Japonlar için kutsal bir dağdır.', 2);
INSERT INTO words (id, estonian, english, turkish, cefr_level, image_query) VALUES ('a1-järv', 'järv', 'lake', 'göl', 'A1', NULL) ON CONFLICT (id) DO NOTHING;
INSERT INTO word_sentences (word_id, estonian, english, turkish, sort_order) VALUES ('a1-järv', 'Käisime järves ujumas.', 'Käisime järves ujumas.', 'Gölde yüzmeye gittik.', 0);
INSERT INTO word_sentences (word_id, estonian, english, turkish, sort_order) VALUES ('a1-järv', 'Kalamehed sõitsid paadiga järvele.', 'Kalamehed sõitsid paadiga järvele.', 'Balıkçılar tekneyle göle çıktı.', 1);
INSERT INTO word_sentences (word_id, estonian, english, turkish, sort_order) VALUES ('a1-järv', 'Maja ehitati järve kaldale.', 'Maja ehitati järve kaldale.', 'Ev göl kıyısına inşa edildi.', 2);
INSERT INTO words (id, estonian, english, turkish, cefr_level, image_query) VALUES ('a1-tuul', 'tuul', 'wind', 'rüzgar', 'A1', NULL) ON CONFLICT (id) DO NOTHING;
INSERT INTO word_sentences (word_id, estonian, english, turkish, sort_order) VALUES ('a1-tuul', 'Väljas tõusis tugev tuul.', 'Väljas tõusis tugev tuul.', 'Dışarıda şiddetli bir rüzgar çıktı.', 0);
INSERT INTO word_sentences (word_id, estonian, english, turkish, sort_order) VALUES ('a1-tuul', 'Tuul puhub tormi ajal kuni 30 meetrit sekundis.', 'Tuul puhub tormi ajal kuni 30 meetrit sekundis.', 'Fırtınada rüzgar saniyede 30 metreye kadar esiyor.', 1);
INSERT INTO word_sentences (word_id, estonian, english, turkish, sort_order) VALUES ('a1-tuul', 'Kael on kange, tuul on vist läbi tõmmanud.', 'Kael on kange, tuul on vist läbi tõmmanud.', 'Boynum tutulmuş, galiba rüzgar çarpmış.', 2);
INSERT INTO words (id, estonian, english, turkish, cefr_level, image_query) VALUES ('a1-taevas', 'taevas', 'sky', 'gökyüzü', 'A1', NULL) ON CONFLICT (id) DO NOTHING;
INSERT INTO word_sentences (word_id, estonian, english, turkish, sort_order) VALUES ('a1-taevas', 'Vanasti oli rohi rohelisem ja taevas sinisem.', 'Vanasti oli rohi rohelisem ja taevas sinisem.', 'Eskiden çimenler daha yeşil, gökyüzü daha maviydi.', 0);
INSERT INTO word_sentences (word_id, estonian, english, turkish, sort_order) VALUES ('a1-taevas', 'Taevas on pilves.', 'Taevas on pilves.', 'Gökyüzü bulutlu.', 1);
INSERT INTO word_sentences (word_id, estonian, english, turkish, sort_order) VALUES ('a1-taevas', 'Taevasse ilmus vikerkaar.', 'Taevasse ilmus vikerkaar.', 'Gökyüzünde gökkuşağı belirdi.', 2);
INSERT INTO words (id, estonian, english, turkish, cefr_level, image_query) VALUES ('a1-täht', 'täht', 'star', 'yıldız', 'A1', NULL) ON CONFLICT (id) DO NOTHING;
INSERT INTO word_sentences (word_id, estonian, english, turkish, sort_order) VALUES ('a1-täht', 'Taevas näeb tuhandeid langevaid tähti.', 'Taevas näeb tuhandeid langevaid tähti.', 'Gökyüzünde binlerce kayan yıldız görülüyor.', 0);
INSERT INTO word_sentences (word_id, estonian, english, turkish, sort_order) VALUES ('a1-täht', 'Tähed säravad taevas.', 'Tähed säravad taevas.', 'Yıldızlar gökyüzünde parlıyor.', 1);
INSERT INTO words (id, estonian, english, turkish, cefr_level, image_query) VALUES ('a1-laev', 'laev', 'ship', 'gemi', 'A1', NULL) ON CONFLICT (id) DO NOTHING;
INSERT INTO word_sentences (word_id, estonian, english, turkish, sort_order) VALUES ('a1-laev', 'Laev sõidab Eesti lipu all.', 'Laev sõidab Eesti lipu all.', 'Gemi Estonya bayrağı altında yol alıyor.', 0);
INSERT INTO word_sentences (word_id, estonian, english, turkish, sort_order) VALUES ('a1-laev', 'Merearheoloogid otsivad Läänemerest uppunud laevu.', 'Merearheoloogid otsivad Läänemerest uppunud laevu.', 'Deniz arkeologları Baltık Denizi''nde batık gemiler arıyor.', 1);
INSERT INTO word_sentences (word_id, estonian, english, turkish, sort_order) VALUES ('a1-laev', 'Lõbusõidulaev.', 'Lõbusõidulaev.', 'Gezi gemisi.', 2);
INSERT INTO words (id, estonian, english, turkish, cefr_level, image_query) VALUES ('a1-sild', 'sild', 'bridge', 'köprü', 'A1', NULL) ON CONFLICT (id) DO NOTHING;
INSERT INTO word_sentences (word_id, estonian, english, turkish, sort_order) VALUES ('a1-sild', 'Pirita jõe sild.', 'Pirita jõe sild.', 'Pirita nehir köprüsü.', 0);
INSERT INTO word_sentences (word_id, estonian, english, turkish, sort_order) VALUES ('a1-sild', 'Elava liiklusega tänavale tehti jalakäijate sild.', 'Elava liiklusega tänavale tehti jalakäijate sild.', 'Yoğun trafikli caddeye yaya köprüsü yapıldı.', 1);
INSERT INTO word_sentences (word_id, estonian, english, turkish, sort_order) VALUES ('a1-sild', 'Raudsild.', 'Raudsild.', 'Demir köprü.', 2);
INSERT INTO words (id, estonian, english, turkish, cefr_level, image_query) VALUES ('a1-tugev', 'tugev', 'strong', 'güçlü', 'A1', NULL) ON CONFLICT (id) DO NOTHING;
INSERT INTO word_sentences (word_id, estonian, english, turkish, sort_order) VALUES ('a1-tugev', 'Vanaisa oli tugev nagu karu.', 'Vanaisa oli tugev nagu karu.', 'Büyükbabam ayı gibi güçlüydü.', 0);
INSERT INTO word_sentences (word_id, estonian, english, turkish, sort_order) VALUES ('a1-tugev', 'Kehalt tugev mees.', 'Kehalt tugev mees.', 'Bedenen güçlü bir adam.', 1);
INSERT INTO word_sentences (word_id, estonian, english, turkish, sort_order) VALUES ('a1-tugev', 'Minu isa on väga tugev mees.', 'Minu isa on väga tugev mees.', 'Babam çok güçlü bir adam.', 2);
INSERT INTO words (id, estonian, english, turkish, cefr_level, image_query) VALUES ('a1-nõrk', 'nõrk', 'weak', 'zayıf', 'A1', NULL) ON CONFLICT (id) DO NOTHING;
INSERT INTO word_sentences (word_id, estonian, english, turkish, sort_order) VALUES ('a1-nõrk', 'Ründaja otsib nõrku vastaseid.', 'Ründaja otsib nõrku vastaseid.', 'Saldırgan zayıf rakipler arıyor.', 0);
INSERT INTO word_sentences (word_id, estonian, english, turkish, sort_order) VALUES ('a1-nõrk', 'Nõrk iseloom.', 'Nõrk iseloom.', 'Zayıf karakter.', 1);
INSERT INTO word_sentences (word_id, estonian, english, turkish, sort_order) VALUES ('a1-nõrk', 'Nõrk käepigistus.', 'Nõrk käepigistus.', 'Zayıf el sıkışma.', 2);
INSERT INTO words (id, estonian, english, turkish, cefr_level, image_query) VALUES ('a1-puhas', 'puhas', 'clean', 'temiz', 'A1', NULL) ON CONFLICT (id) DO NOTHING;
INSERT INTO word_sentences (word_id, estonian, english, turkish, sort_order) VALUES ('a1-puhas', 'Peske käed puhtaks.', 'Peske käed puhtaks.', 'Ellerinizi temiz yıkayın.', 0);
INSERT INTO word_sentences (word_id, estonian, english, turkish, sort_order) VALUES ('a1-puhas', 'Panin voodisse puhtad linad.', 'Panin voodisse puhtad linad.', 'Yatağa temiz çarşaflar serdim.', 1);
INSERT INTO word_sentences (word_id, estonian, english, turkish, sort_order) VALUES ('a1-puhas', 'Puhas õhk, puhas vesi ja vaikus on väärtused omaette.', 'Puhas õhk, puhas vesi ja vaikus on väärtused omaette.', 'Temiz hava, temiz su ve sessizlik başlı başına birer değerdir.', 2);
INSERT INTO words (id, estonian, english, turkish, cefr_level, image_query) VALUES ('a1-oluline', 'oluline', 'important', 'önemli', 'A1', NULL) ON CONFLICT (id) DO NOTHING;
INSERT INTO word_sentences (word_id, estonian, english, turkish, sort_order) VALUES ('a1-oluline', 'Metsadel on oluline osa süsinikuringes.', 'Metsadel on oluline osa süsinikuringes.', 'Ormanların karbon döngüsünde önemli bir rolü var.', 0);
INSERT INTO word_sentences (word_id, estonian, english, turkish, sort_order) VALUES ('a1-oluline', 'Teiste arvamus on talle väga oluline.', 'Teiste arvamus on talle väga oluline.', 'Başkalarının görüşü onun için çok önemli.', 1);
INSERT INTO word_sentences (word_id, estonian, english, turkish, sort_order) VALUES ('a1-oluline', 'Üks oluline erinevus siiski oli.', 'Üks oluline erinevus siiski oli.', 'Yine de önemli bir fark vardı.', 2);
INSERT INTO words (id, estonian, english, turkish, cefr_level, image_query) VALUES ('a1-vajalik', 'vajalik', 'necessary', 'gerekli', 'A1', NULL) ON CONFLICT (id) DO NOTHING;
INSERT INTO word_sentences (word_id, estonian, english, turkish, sort_order) VALUES ('a1-vajalik', 'Liha on inimese jaoks vajalike toitainete ning energia allikas.', 'Liha on inimese jaoks vajalike toitainete ning energia allikas.', 'Et, insan için gerekli besin maddeleri ve enerji kaynağıdır.', 0);
INSERT INTO word_sentences (word_id, estonian, english, turkish, sort_order) VALUES ('a1-vajalik', 'Samba rajamiseks vajalik summa on 5000 eurot.', 'Samba rajamiseks vajalik summa on 5000 eurot.', 'Anıtın inşası için gerekli miktar 5000 avrodur.', 1);
INSERT INTO word_sentences (word_id, estonian, english, turkish, sort_order) VALUES ('a1-vajalik', 'Ülivajalik.', 'Ülivajalik.', 'Son derece gerekli.', 2);
INSERT INTO words (id, estonian, english, turkish, cefr_level, image_query) VALUES ('a1-võimalik', 'võimalik', 'possible', 'mümkün', 'A1', NULL) ON CONFLICT (id) DO NOTHING;
INSERT INTO word_sentences (word_id, estonian, english, turkish, sort_order) VALUES ('a1-võimalik', 'Seda oleks võimalik arvutada.', 'Seda oleks võimalik arvutada.', 'Bunu hesaplamak mümkün olabilir.', 0);
INSERT INTO word_sentences (word_id, estonian, english, turkish, sort_order) VALUES ('a1-võimalik', 'Seaduse järgi on see võimalik.', 'Seaduse järgi on see võimalik.', 'Yasaya göre bu mümkün.', 1);
INSERT INTO word_sentences (word_id, estonian, english, turkish, sort_order) VALUES ('a1-võimalik', 'Asjad lahenesid parimal võimalikul moel.', 'Asjad lahenesid parimal võimalikul moel.', 'İşler mümkün olan en iyi şekilde çözüldü.', 2);
INSERT INTO words (id, estonian, english, turkish, cefr_level, image_query) VALUES ('a1-huvitav', 'huvitav', 'interesting', 'ilginç', 'A1', NULL) ON CONFLICT (id) DO NOTHING;
INSERT INTO word_sentences (word_id, estonian, english, turkish, sort_order) VALUES ('a1-huvitav', 'Äärmiselt huvitav nähtus.', 'Äärmiselt huvitav nähtus.', 'Son derece ilginç bir olay.', 0);
INSERT INTO word_sentences (word_id, estonian, english, turkish, sort_order) VALUES ('a1-huvitav', 'Kuulsime huvitavaid fakte perekonna ajaloost.', 'Kuulsime huvitavaid fakte perekonna ajaloost.', 'Aile tarihinden ilginç bilgiler duyduk.', 1);
INSERT INTO word_sentences (word_id, estonian, english, turkish, sort_order) VALUES ('a1-huvitav', 'Telekas polnud midagi huvitavat.', 'Telekas polnud midagi huvitavat.', 'Televizyonda ilginç bir şey yoktu.', 2);
INSERT INTO words (id, estonian, english, turkish, cefr_level, image_query) VALUES ('a1-tervis', 'tervis', 'health', 'sağlık', 'A1', NULL) ON CONFLICT (id) DO NOTHING;
INSERT INTO word_sentences (word_id, estonian, english, turkish, sort_order) VALUES ('a1-tervis', 'Ta on hea vaimse tervise juures.', 'Ta on hea vaimse tervise juures.', 'Ruh sağlığı yerinde.', 0);
INSERT INTO word_sentences (word_id, estonian, english, turkish, sort_order) VALUES ('a1-tervis', 'Nõrga tervisega tüdrukud.', 'Nõrga tervisega tüdrukud.', 'Sağlığı zayıf kızlar.', 1);
INSERT INTO word_sentences (word_id, estonian, english, turkish, sort_order) VALUES ('a1-tervis', 'Tulen, kui tervis lubab.', 'Tulen, kui tervis lubab.', 'Sağlığım el verirse gelirim.', 2);
INSERT INTO words (id, estonian, english, turkish, cefr_level, image_query) VALUES ('a1-kultuur', 'kultuur', 'culture', 'kültür', 'A1', NULL) ON CONFLICT (id) DO NOTHING;
INSERT INTO word_sentences (word_id, estonian, english, turkish, sort_order) VALUES ('a1-kultuur', 'Kasvab majandus, õitseb kultuur.', 'Kasvab majandus, õitseb kultuur.', 'Ekonomi büyüyor, kültür gelişiyor.', 0);
INSERT INTO word_sentences (word_id, estonian, english, turkish, sort_order) VALUES ('a1-kultuur', 'Iidse kultuuriga maa.', 'Iidse kultuuriga maa.', 'Kadim kültüre sahip bir ülke.', 1);
INSERT INTO word_sentences (word_id, estonian, english, turkish, sort_order) VALUES ('a1-kultuur', 'Tänapäeva kultuur.', 'Tänapäeva kultuur.', 'Günümüz kültürü.', 2);
INSERT INTO words (id, estonian, english, turkish, cefr_level, image_query) VALUES ('a1-loodus', 'loodus', 'nature', 'doğa', 'A1', NULL) ON CONFLICT (id) DO NOTHING;
INSERT INTO word_sentences (word_id, estonian, english, turkish, sort_order) VALUES ('a1-loodus', 'Veetsin päeva vabas looduses.', 'Veetsin päeva vabas looduses.', 'Günü doğada geçirdim.', 0);
INSERT INTO word_sentences (word_id, estonian, english, turkish, sort_order) VALUES ('a1-loodus', 'Plastpudel võib loodust reostada aastakümneid.', 'Plastpudel võib loodust reostada aastakümneid.', 'Plastik şişe doğayı on yıllarca kirletebilir.', 1);
INSERT INTO word_sentences (word_id, estonian, english, turkish, sort_order) VALUES ('a1-loodus', 'Inimkond on osa loodusest.', 'Inimkond on osa loodusest.', 'İnsanlık doğanın bir parçasıdır.', 2);
INSERT INTO words (id, estonian, english, turkish, cefr_level, image_query) VALUES ('a1-muusika', 'muusika', 'music', 'müzik', 'A1', NULL) ON CONFLICT (id) DO NOTHING;
INSERT INTO word_sentences (word_id, estonian, english, turkish, sort_order) VALUES ('a1-muusika', 'Muusikale pühendatud elu.', 'Muusikale pühendatud elu.', 'Müziğe adanmış bir hayat.', 0);
INSERT INTO word_sentences (word_id, estonian, english, turkish, sort_order) VALUES ('a1-muusika', 'Peol mängis vali muusika.', 'Peol mängis vali muusika.', 'Partide yüksek sesli müzik çalıyordu.', 1);
INSERT INTO words (id, estonian, english, turkish, cefr_level, image_query) VALUES ('a1-plaan', 'plaan', 'plan', 'plan', 'A1', NULL) ON CONFLICT (id) DO NOTHING;
INSERT INTO word_sentences (word_id, estonian, english, turkish, sort_order) VALUES ('a1-plaan', 'Mul on täna plaan teha lambalihahautist.', 'Mul on täna plaan teha lambalihahautist.', 'Bugün kuzu yahnisi yapma planım var.', 0);
INSERT INTO word_sentences (word_id, estonian, english, turkish, sort_order) VALUES ('a1-plaan', 'Suvel on plaanis sõpradega mööda Eestit ringi sõita.', 'Suvel on plaanis sõpradega mööda Eestit ringi sõita.', 'Yazın arkadaşlarla Estonya''yı gezme planımız var.', 1);
INSERT INTO word_sentences (word_id, estonian, english, turkish, sort_order) VALUES ('a1-plaan', 'Ülemusel olid uue töötajaga oma plaanid.', 'Ülemusel olid uue töötajaga oma plaanid.', 'Patronun yeni çalışanla ilgili kendi planları vardı.', 2);
INSERT INTO words (id, estonian, english, turkish, cefr_level, image_query) VALUES ('a1-uskuma', 'uskuma', 'believe', 'inanmak', 'A1', NULL) ON CONFLICT (id) DO NOTHING;
INSERT INTO word_sentences (word_id, estonian, english, turkish, sort_order) VALUES ('a1-uskuma', 'Ta usub Jumalasse.', 'Ta usub Jumalasse.', 'O Tanrı''ya inanıyor.', 0);
INSERT INTO word_sentences (word_id, estonian, english, turkish, sort_order) VALUES ('a1-uskuma', 'Ma ei usu jumalaid, ma ei usu saatust, vaid ennast.', 'Ma ei usu jumalaid, ma ei usu saatust, vaid ennast.', 'Tanrılara inanmam, kadere inanmam, sadece kendime inanırım.', 1);
INSERT INTO word_sentences (word_id, estonian, english, turkish, sort_order) VALUES ('a1-uskuma', 'Kas sa usud jumalasse/jumalat?', 'Kas sa usud jumalasse/jumalat?', 'Sen Tanrı''ya inanıyor musun?', 2);
INSERT INTO words (id, estonian, english, turkish, cefr_level, image_query) VALUES ('a1-unustama', 'unustama', 'forget', 'unutmak', 'A1', NULL) ON CONFLICT (id) DO NOTHING;
INSERT INTO word_sentences (word_id, estonian, english, turkish, sort_order) VALUES ('a1-unustama', 'Hommikuks olin unenäo unustanud.', 'Hommikuks olin unenäo unustanud.', 'Sabaha kadar rüyayı unutmuştum.', 0);
INSERT INTO word_sentences (word_id, estonian, english, turkish, sort_order) VALUES ('a1-unustama', 'Kas unustasid parooli?', 'Kas unustasid parooli?', 'Şifreni mi unuttun?', 1);
INSERT INTO word_sentences (word_id, estonian, english, turkish, sort_order) VALUES ('a1-unustama', 'Lubadused unustati kiiresti.', 'Lubadused unustati kiiresti.', 'Sözler çabucak unutuldu.', 2);
INSERT INTO words (id, estonian, english, turkish, cefr_level, image_query) VALUES ('a1-ootama', 'ootama', 'wait', 'beklemek', 'A1', NULL) ON CONFLICT (id) DO NOTHING;
INSERT INTO word_sentences (word_id, estonian, english, turkish, sort_order) VALUES ('a1-ootama', 'Peatuses ootas bussi kaks inimest.', 'Peatuses ootas bussi kaks inimest.', 'Durakta iki kişi otobüs bekliyordu.', 0);
INSERT INTO word_sentences (word_id, estonian, english, turkish, sort_order) VALUES ('a1-ootama', 'Takso ootab maja ees.', 'Takso ootab maja ees.', 'Taksi evin önünde bekliyor.', 1);
INSERT INTO word_sentences (word_id, estonian, english, turkish, sort_order) VALUES ('a1-ootama', 'Ema on juba kümme aastat oma kadunud poega koju oodanud.', 'Ema on juba kümme aastat oma kadunud poega koju oodanud.', 'Anne on yıldır kayıp oğlunu eve bekliyor.', 2);
INSERT INTO words (id, estonian, english, turkish, cefr_level, image_query) VALUES ('a1-otsima', 'otsima', 'look', 'aramak', 'A1', NULL) ON CONFLICT (id) DO NOTHING;
INSERT INTO word_sentences (word_id, estonian, english, turkish, sort_order) VALUES ('a1-otsima', 'Aita mul prille otsida!', 'Aita mul prille otsida!', 'Gözlüklerimi aramamda bana yardım et!', 0);
INSERT INTO word_sentences (word_id, estonian, english, turkish, sort_order) VALUES ('a1-otsima', 'Politsei otsib kadunud marjulist.', 'Politsei otsib kadunud marjulist.', 'Polis kayıp mantar toplayıcısını arıyor.', 1);
INSERT INTO word_sentences (word_id, estonian, english, turkish, sort_order) VALUES ('a1-otsima', 'Esimene koht, kust infot otsitakse, on internet.', 'Esimene koht, kust infot otsitakse, on internet.', 'Bilgi aranan ilk yer internettir.', 2);
INSERT INTO words (id, estonian, english, turkish, cefr_level, image_query) VALUES ('a1-alustama', 'alustama', 'begin', 'başlamak', 'A1', NULL) ON CONFLICT (id) DO NOTHING;
INSERT INTO word_sentences (word_id, estonian, english, turkish, sort_order) VALUES ('a1-alustama', 'Kui alustasin kunstnikuelu, maalisin peamiselt kõrbemaastikke.', 'Kui alustasin kunstnikuelu, maalisin peamiselt kõrbemaastikke.', 'Sanatçı hayatıma başladığımda çoğunlukla çöl manzaraları çizerdim.', 0);
INSERT INTO word_sentences (word_id, estonian, english, turkish, sort_order) VALUES ('a1-alustama', 'Homme alustan dieeti.', 'Homme alustan dieeti.', 'Yarın diyete başlıyorum.', 1);
INSERT INTO word_sentences (word_id, estonian, english, turkish, sort_order) VALUES ('a1-alustama', 'Meeskond alustas treeningutega aprillis.', 'Meeskond alustas treeningutega aprillis.', 'Takım antrenmanlara nisanda başladı.', 2);
INSERT INTO words (id, estonian, english, turkish, cefr_level, image_query) VALUES ('a1-lõpetama', 'lõpetama', 'finish', 'bitirmek', 'A1', NULL) ON CONFLICT (id) DO NOTHING;
INSERT INTO word_sentences (word_id, estonian, english, turkish, sort_order) VALUES ('a1-lõpetama', 'Ta lõpetas ülikooli 2010. aastal.', 'Ta lõpetas ülikooli 2010. aastal.', '2010 yılında üniversiteyi bitirdi.', 0);
INSERT INTO word_sentences (word_id, estonian, english, turkish, sort_order) VALUES ('a1-lõpetama', 'Lõpetan parasjagu koristamist.', 'Lõpetan parasjagu koristamist.', 'Tam şu an temizliği bitiriyorum.', 1);
INSERT INTO word_sentences (word_id, estonian, english, turkish, sort_order) VALUES ('a1-lõpetama', 'Kontserdi lõpetas „Salve Regina”.', 'Kontserdi lõpetas „Salve Regina”.', 'Konseri ''Salve Regina'' bitirdi.', 2);
INSERT INTO words (id, estonian, english, turkish, cefr_level, image_query) VALUES ('a1-kasvama', 'kasvama', 'grow', 'büyümek', 'A1', NULL) ON CONFLICT (id) DO NOTHING;
INSERT INTO word_sentences (word_id, estonian, english, turkish, sort_order) VALUES ('a1-kasvama', 'Lapsed kasvavad kiiresti.', 'Lapsed kasvavad kiiresti.', 'Çocuklar hızlı büyür.', 0);
INSERT INTO word_sentences (word_id, estonian, english, turkish, sort_order) VALUES ('a1-kasvama', 'Sul on juuksed pikaks kasvanud.', 'Sul on juuksed pikaks kasvanud.', 'Saçların uzamış.', 1);
INSERT INTO words (id, estonian, english, turkish, cefr_level, image_query) VALUES ('a1-number', 'number', 'number', 'numara', 'A1', NULL) ON CONFLICT (id) DO NOTHING;
INSERT INTO word_sentences (word_id, estonian, english, turkish, sort_order) VALUES ('a1-number', 'Tähtedest ja numbritest koosnev salasõna.', 'Tähtedest ja numbritest koosnev salasõna.', 'Harflerden ve rakamlardan oluşan şifre.', 0);
INSERT INTO word_sentences (word_id, estonian, english, turkish, sort_order) VALUES ('a1-number', 'Summa numbritega.', 'Summa numbritega.', 'Rakamlarla toplam.', 1);
INSERT INTO word_sentences (word_id, estonian, english, turkish, sort_order) VALUES ('a1-number', 'Numbrid ühest kümneni.', 'Numbrid ühest kümneni.', 'Birden ona kadar rakamlar.', 2);
INSERT INTO words (id, estonian, english, turkish, cefr_level, image_query) VALUES ('a1-arv', 'arv', 'number', 'sayı', 'A1', NULL) ON CONFLICT (id) DO NOTHING;
INSERT INTO word_sentences (word_id, estonian, english, turkish, sort_order) VALUES ('a1-arv', 'Arvud ühest kümneni.', 'Arvud ühest kümneni.', 'Birden ona kadar sayılar.', 0);
INSERT INTO word_sentences (word_id, estonian, english, turkish, sort_order) VALUES ('a1-arv', 'Kolmekohalised arvud.', 'Kolmekohalised arvud.', 'Üç basamaklı sayılar.', 1);
INSERT INTO word_sentences (word_id, estonian, english, turkish, sort_order) VALUES ('a1-arv', 'Seitse on maagiline arv.', 'Seitse on maagiline arv.', 'Yedi sihirli bir sayıdır.', 2);
INSERT INTO words (id, estonian, english, turkish, cefr_level, image_query) VALUES ('a1-politsei', 'politsei', 'police', 'polis', 'A1', NULL) ON CONFLICT (id) DO NOTHING;
INSERT INTO word_sentences (word_id, estonian, english, turkish, sort_order) VALUES ('a1-politsei', 'Ta töötab politseis.', 'Ta töötab politseis.', 'O poliste çalışıyor.', 0);
INSERT INTO word_sentences (word_id, estonian, english, turkish, sort_order) VALUES ('a1-politsei', 'Lärmi peale kutsuti kohale politsei.', 'Lärmi peale kutsuti kohale politsei.', 'Gürültü üzerine polis çağrıldı.', 1);
INSERT INTO word_sentences (word_id, estonian, english, turkish, sort_order) VALUES ('a1-politsei', 'Naine viis leitud rahakoti politseisse.', 'Naine viis leitud rahakoti politseisse.', 'Kadın bulduğu cüzdanı polise götürdü.', 2);
INSERT INTO words (id, estonian, english, turkish, cefr_level, image_query) VALUES ('a1-arvuti', 'arvuti', 'computer', 'bilgisayar', 'A1', NULL) ON CONFLICT (id) DO NOTHING;
INSERT INTO word_sentences (word_id, estonian, english, turkish, sort_order) VALUES ('a1-arvuti', 'Istusin arvuti taga terve päeva.', 'Istusin arvuti taga terve päeva.', 'Bütün gün bilgisayar başında oturdum.', 0);
INSERT INTO word_sentences (word_id, estonian, english, turkish, sort_order) VALUES ('a1-arvuti', 'Andmetele saab ligi nutitelefoni või arvutit kasutades.', 'Andmetele saab ligi nutitelefoni või arvutit kasutades.', 'Verilere akıllı telefon veya bilgisayar kullanarak erişilebilir.', 1);
INSERT INTO word_sentences (word_id, estonian, english, turkish, sort_order) VALUES ('a1-arvuti', 'Lülitan arvuti sisse.', 'Lülitan arvuti sisse.', 'Bilgisayarı açıyorum.', 2);
INSERT INTO words (id, estonian, english, turkish, cefr_level, image_query) VALUES ('a1-internet', 'internet', 'internet', 'internet', 'A1', NULL) ON CONFLICT (id) DO NOTHING;
INSERT INTO word_sentences (word_id, estonian, english, turkish, sort_order) VALUES ('a1-internet', 'Juhtmevaba internet.', 'Juhtmevaba internet.', 'Kablosuz internet.', 0);
INSERT INTO word_sentences (word_id, estonian, english, turkish, sort_order) VALUES ('a1-internet', 'Mobiilne internet.', 'Mobiilne internet.', 'Mobil internet.', 1);
INSERT INTO word_sentences (word_id, estonian, english, turkish, sort_order) VALUES ('a1-internet', 'Kasutan internetti iga päev.', 'Kasutan internetti iga päev.', 'Her gün internet kullanıyorum.', 2);
INSERT INTO words (id, estonian, english, turkish, cefr_level, image_query) VALUES ('a1-köök', 'köök', 'kitchen', 'mutfak', 'A1', NULL) ON CONFLICT (id) DO NOTHING;
INSERT INTO word_sentences (word_id, estonian, english, turkish, sort_order) VALUES ('a1-köök', 'Ema tegi köögis süüa.', 'Ema tegi köögis süüa.', 'Anne mutfakta yemek yaptı.', 0);
INSERT INTO word_sentences (word_id, estonian, english, turkish, sort_order) VALUES ('a1-köök', 'Ema teeb köögis süüa.', 'Ema teeb köögis süüa.', 'Anne mutfakta yemek yapıyor.', 1);
INSERT INTO word_sentences (word_id, estonian, english, turkish, sort_order) VALUES ('a1-köök', 'Korteris on köök, elutuba, magamistuba ja vannituba.', 'Korteris on köök, elutuba, magamistuba ja vannituba.', 'Dairede mutfak, oturma odası, yatak odası ve banyo var.', 2);
INSERT INTO words (id, estonian, english, turkish, cefr_level, image_query) VALUES ('a1-korrus', 'korrus', 'storey', 'kat', 'A1', NULL) ON CONFLICT (id) DO NOTHING;
INSERT INTO word_sentences (word_id, estonian, english, turkish, sort_order) VALUES ('a1-korrus', 'Renoveerimise käigus ehitati hoonele üks korrus juurde.', 'Renoveerimise käigus ehitati hoonele üks korrus juurde.', 'Tadilat sırasında binaya bir kat daha eklendi.', 0);
INSERT INTO word_sentences (word_id, estonian, english, turkish, sort_order) VALUES ('a1-korrus', 'Majakorrus.', 'Majakorrus.', 'Bina katı.', 1);
INSERT INTO word_sentences (word_id, estonian, english, turkish, sort_order) VALUES ('a1-korrus', 'Ma elan viiendal korrusel.', 'Ma elan viiendal korrusel.', 'Beşinci katta oturuyorum.', 2);
-- A2: 282 words
INSERT INTO words (id, estonian, english, turkish, cefr_level, image_query) VALUES ('a2-lennujaam', 'lennujaam', 'airport', 'havalimanı', 'A2', NULL) ON CONFLICT (id) DO NOTHING;
INSERT INTO word_sentences (word_id, estonian, english, turkish, sort_order) VALUES ('a2-lennujaam', 'Lennujaam on linnast kaugel.', 'The airport is far from the city.', 'Havalimanı şehirden uzakta.', 0);
INSERT INTO words (id, estonian, english, turkish, cefr_level, image_query) VALUES ('a2-rong', 'rong', 'train', 'tren', 'A2', NULL) ON CONFLICT (id) DO NOTHING;
INSERT INTO word_sentences (word_id, estonian, english, turkish, sort_order) VALUES ('a2-rong', 'Rong väljub kell kaheksa.', 'The train departs at eight o''clock.', 'Tren saat sekizde kalkıyor.', 0);
INSERT INTO words (id, estonian, english, turkish, cefr_level, image_query) VALUES ('a2-pilet', 'pilet', 'ticket', 'bilet', 'A2', NULL) ON CONFLICT (id) DO NOTHING;
INSERT INTO word_sentences (word_id, estonian, english, turkish, sort_order) VALUES ('a2-pilet', 'Ma ostsin pileti Tartusse.', 'I bought a ticket to Tartu.', 'Tartu''ya bir bilet aldım.', 0);
INSERT INTO words (id, estonian, english, turkish, cefr_level, image_query) VALUES ('a2-hotell', 'hotell', 'hotel', 'otel', 'A2', NULL) ON CONFLICT (id) DO NOTHING;
INSERT INTO word_sentences (word_id, estonian, english, turkish, sort_order) VALUES ('a2-hotell', 'Hotell asub kesklinna lähedal.', 'The hotel is located near the city center.', 'Otel şehir merkezinin yakınında.', 0);
INSERT INTO words (id, estonian, english, turkish, cefr_level, image_query) VALUES ('a2-reisimine', 'reisimine', 'traveling', 'seyahat etmek', 'A2', NULL) ON CONFLICT (id) DO NOTHING;
INSERT INTO word_sentences (word_id, estonian, english, turkish, sort_order) VALUES ('a2-reisimine', 'Mulle meeldib reisimine väga.', 'I like traveling very much.', 'Seyahat etmeyi çok seviyorum.', 0);
INSERT INTO words (id, estonian, english, turkish, cefr_level, image_query) VALUES ('a2-kohver', 'kohver', 'suitcase', 'bavul', 'A2', NULL) ON CONFLICT (id) DO NOTHING;
INSERT INTO word_sentences (word_id, estonian, english, turkish, sort_order) VALUES ('a2-kohver', 'Minu kohver on väga raske.', 'My suitcase is very heavy.', 'Bavulum çok ağır.', 0);
INSERT INTO words (id, estonian, english, turkish, cefr_level, image_query) VALUES ('a2-pass', 'pass', 'passport', 'pasaport', 'A2', NULL) ON CONFLICT (id) DO NOTHING;
INSERT INTO word_sentences (word_id, estonian, english, turkish, sort_order) VALUES ('a2-pass', 'Ära unusta passi koju!', 'Don''t forget your passport at home!', 'Pasaportunu evde unutma!', 0);
INSERT INTO words (id, estonian, english, turkish, cefr_level, image_query) VALUES ('a2-buss', 'buss', 'bus', 'otobüs', 'A2', NULL) ON CONFLICT (id) DO NOTHING;
INSERT INTO word_sentences (word_id, estonian, english, turkish, sort_order) VALUES ('a2-buss', 'Buss sõidab iga kümne minuti tagant.', 'The bus runs every ten minutes.', 'Otobüs her on dakikada bir geçiyor.', 0);
INSERT INTO words (id, estonian, english, turkish, cefr_level, image_query) VALUES ('a2-peatus', 'peatus', 'stop (bus/tram)', 'durak', 'A2', NULL) ON CONFLICT (id) DO NOTHING;
INSERT INTO word_sentences (word_id, estonian, english, turkish, sort_order) VALUES ('a2-peatus', 'Järgmine peatus on minu oma.', 'The next stop is mine.', 'Bir sonraki durak benimki.', 0);
INSERT INTO words (id, estonian, english, turkish, cefr_level, image_query) VALUES ('a2-laev', 'laev', 'ship', 'gemi', 'A2', NULL) ON CONFLICT (id) DO NOTHING;
INSERT INTO word_sentences (word_id, estonian, english, turkish, sort_order) VALUES ('a2-laev', 'Laev sõidab Helsingisse.', 'The ship goes to Helsinki.', 'Gemi Helsinki''ye gidiyor.', 0);
INSERT INTO words (id, estonian, english, turkish, cefr_level, image_query) VALUES ('a2-lennuk', 'lennuk', 'airplane', 'uçak', 'A2', NULL) ON CONFLICT (id) DO NOTHING;
INSERT INTO word_sentences (word_id, estonian, english, turkish, sort_order) VALUES ('a2-lennuk', 'Lennuk maandub kell viis.', 'The airplane lands at five o''clock.', 'Uçak saat beşte iniyor.', 0);
INSERT INTO words (id, estonian, english, turkish, cefr_level, image_query) VALUES ('a2-kaart', 'kaart', 'map / card', 'harita / kart', 'A2', NULL) ON CONFLICT (id) DO NOTHING;
INSERT INTO word_sentences (word_id, estonian, english, turkish, sort_order) VALUES ('a2-kaart', 'Mul on vaja kaarti, et teed leida.', 'I need a map to find the way.', 'Yolu bulmak için haritaya ihtiyacım var.', 0);
INSERT INTO words (id, estonian, english, turkish, cefr_level, image_query) VALUES ('a2-tee', 'tee', 'road / way', 'yol', 'A2', NULL) ON CONFLICT (id) DO NOTHING;
INSERT INTO word_sentences (word_id, estonian, english, turkish, sort_order) VALUES ('a2-tee', 'See tee viib metsa.', 'This road leads to the forest.', 'Bu yol ormana çıkıyor.', 0);
INSERT INTO words (id, estonian, english, turkish, cefr_level, image_query) VALUES ('a2-sild', 'sild', 'bridge', 'köprü', 'A2', NULL) ON CONFLICT (id) DO NOTHING;
INSERT INTO word_sentences (word_id, estonian, english, turkish, sort_order) VALUES ('a2-sild', 'Me läksime üle silla.', 'We went across the bridge.', 'Köprüden geçtik.', 0);
INSERT INTO words (id, estonian, english, turkish, cefr_level, image_query) VALUES ('a2-hind', 'hind', 'price', 'fiyat', 'A2', NULL) ON CONFLICT (id) DO NOTHING;
INSERT INTO word_sentences (word_id, estonian, english, turkish, sort_order) VALUES ('a2-hind', 'Mis on selle hind?', 'What is the price of this?', 'Bunun fiyatı ne?', 0);
INSERT INTO words (id, estonian, english, turkish, cefr_level, image_query) VALUES ('a2-odav', 'odav', 'cheap', 'ucuz', 'A2', NULL) ON CONFLICT (id) DO NOTHING;
INSERT INTO word_sentences (word_id, estonian, english, turkish, sort_order) VALUES ('a2-odav', 'See pood on väga odav.', 'This shop is very cheap.', 'Bu dükkan çok ucuz.', 0);
INSERT INTO words (id, estonian, english, turkish, cefr_level, image_query) VALUES ('a2-kallis', 'kallis', 'expensive / dear', 'pahalı / değerli', 'A2', NULL) ON CONFLICT (id) DO NOTHING;
INSERT INTO word_sentences (word_id, estonian, english, turkish, sort_order) VALUES ('a2-kallis', 'See kleit on liiga kallis.', 'This dress is too expensive.', 'Bu elbise çok pahalı.', 0);
INSERT INTO words (id, estonian, english, turkish, cefr_level, image_query) VALUES ('a2-müüma', 'müüma', 'to sell', 'satmak', 'A2', NULL) ON CONFLICT (id) DO NOTHING;
INSERT INTO word_sentences (word_id, estonian, english, turkish, sort_order) VALUES ('a2-müüma', 'Nad müüvad värsket kala.', 'They sell fresh fish.', 'Taze balık satıyorlar.', 0);
INSERT INTO words (id, estonian, english, turkish, cefr_level, image_query) VALUES ('a2-ostma', 'ostma', 'to buy', 'satın almak', 'A2', NULL) ON CONFLICT (id) DO NOTHING;
INSERT INTO word_sentences (word_id, estonian, english, turkish, sort_order) VALUES ('a2-ostma', 'Ma tahan osta uue telefoni.', 'I want to buy a new phone.', 'Yeni bir telefon almak istiyorum.', 0);
INSERT INTO words (id, estonian, english, turkish, cefr_level, image_query) VALUES ('a2-pood', 'pood', 'shop / store', 'dükkan / mağaza', 'A2', NULL) ON CONFLICT (id) DO NOTHING;
INSERT INTO word_sentences (word_id, estonian, english, turkish, sort_order) VALUES ('a2-pood', 'Pood on avatud kella üheksani.', 'The shop is open until nine o''clock.', 'Dükkan saat dokuza kadar açık.', 0);
INSERT INTO words (id, estonian, english, turkish, cefr_level, image_query) VALUES ('a2-turg', 'turg', 'market', 'pazar', 'A2', NULL) ON CONFLICT (id) DO NOTHING;
INSERT INTO word_sentences (word_id, estonian, english, turkish, sort_order) VALUES ('a2-turg', 'Turul on värsked puuviljad.', 'There are fresh fruits at the market.', 'Pazarda taze meyveler var.', 0);
INSERT INTO words (id, estonian, english, turkish, cefr_level, image_query) VALUES ('a2-raha', 'raha', 'money', 'para', 'A2', NULL) ON CONFLICT (id) DO NOTHING;
INSERT INTO word_sentences (word_id, estonian, english, turkish, sort_order) VALUES ('a2-raha', 'Mul ei ole piisavalt raha.', 'I don''t have enough money.', 'Yeterli param yok.', 0);
INSERT INTO words (id, estonian, english, turkish, cefr_level, image_query) VALUES ('a2-maksma', 'maksma', 'to pay / to cost', 'ödemek / mal olmak', 'A2', NULL) ON CONFLICT (id) DO NOTHING;
INSERT INTO word_sentences (word_id, estonian, english, turkish, sort_order) VALUES ('a2-maksma', 'Kui palju see maksab?', 'How much does this cost?', 'Bu ne kadar?', 0);
INSERT INTO words (id, estonian, english, turkish, cefr_level, image_query) VALUES ('a2-klient', 'klient', 'customer / client', 'müşteri', 'A2', NULL) ON CONFLICT (id) DO NOTHING;
INSERT INTO word_sentences (word_id, estonian, english, turkish, sort_order) VALUES ('a2-klient', 'Klient ootab kassas.', 'The customer is waiting at the checkout.', 'Müşteri kasada bekliyor.', 0);
INSERT INTO words (id, estonian, english, turkish, cefr_level, image_query) VALUES ('a2-allahindlus', 'allahindlus', 'discount', 'indirim', 'A2', NULL) ON CONFLICT (id) DO NOTHING;
INSERT INTO word_sentences (word_id, estonian, english, turkish, sort_order) VALUES ('a2-allahindlus', 'Täna on suur allahindlus.', 'Today there is a big discount.', 'Bugün büyük indirim var.', 0);
INSERT INTO words (id, estonian, english, turkish, cefr_level, image_query) VALUES ('a2-kott', 'kott', 'bag', 'çanta', 'A2', NULL) ON CONFLICT (id) DO NOTHING;
INSERT INTO word_sentences (word_id, estonian, english, turkish, sort_order) VALUES ('a2-kott', 'Palun pange kõik kotti.', 'Please put everything in the bag.', 'Lütfen her şeyi çantaya koyun.', 0);
INSERT INTO words (id, estonian, english, turkish, cefr_level, image_query) VALUES ('a2-arst', 'arst', 'doctor', 'doktor', 'A2', NULL) ON CONFLICT (id) DO NOTHING;
INSERT INTO word_sentences (word_id, estonian, english, turkish, sort_order) VALUES ('a2-arst', 'Ma pean arsti juurde minema.', 'I have to go to the doctor.', 'Doktora gitmem gerekiyor.', 0);
INSERT INTO words (id, estonian, english, turkish, cefr_level, image_query) VALUES ('a2-haige', 'haige', 'sick / ill', 'hasta', 'A2', NULL) ON CONFLICT (id) DO NOTHING;
INSERT INTO word_sentences (word_id, estonian, english, turkish, sort_order) VALUES ('a2-haige', 'Ma olen haige ja jään koju.', 'I am sick and will stay home.', 'Hastayım ve evde kalacağım.', 0);
INSERT INTO words (id, estonian, english, turkish, cefr_level, image_query) VALUES ('a2-rohi', 'rohi', 'medicine / grass', 'ilaç / ot', 'A2', NULL) ON CONFLICT (id) DO NOTHING;
INSERT INTO word_sentences (word_id, estonian, english, turkish, sort_order) VALUES ('a2-rohi', 'Arst kirjutas mulle rohtu.', 'The doctor prescribed me medicine.', 'Doktor bana ilaç yazdı.', 0);
INSERT INTO words (id, estonian, english, turkish, cefr_level, image_query) VALUES ('a2-valu', 'valu', 'pain', 'ağrı', 'A2', NULL) ON CONFLICT (id) DO NOTHING;
INSERT INTO word_sentences (word_id, estonian, english, turkish, sort_order) VALUES ('a2-valu', 'Mul on peavalu.', 'I have a headache.', 'Başım ağrıyor.', 0);
INSERT INTO words (id, estonian, english, turkish, cefr_level, image_query) VALUES ('a2-haigla', 'haigla', 'hospital', 'hastane', 'A2', NULL) ON CONFLICT (id) DO NOTHING;
INSERT INTO word_sentences (word_id, estonian, english, turkish, sort_order) VALUES ('a2-haigla', 'Haigla on selle tänava lõpus.', 'The hospital is at the end of this street.', 'Hastane bu sokağın sonunda.', 0);
INSERT INTO words (id, estonian, english, turkish, cefr_level, image_query) VALUES ('a2-apteek', 'apteek', 'pharmacy', 'eczane', 'A2', NULL) ON CONFLICT (id) DO NOTHING;
INSERT INTO word_sentences (word_id, estonian, english, turkish, sort_order) VALUES ('a2-apteek', 'Apteek on avatud ka laupäeval.', 'The pharmacy is open on Saturday too.', 'Eczane cumartesi de açık.', 0);
INSERT INTO words (id, estonian, english, turkish, cefr_level, image_query) VALUES ('a2-terve', 'terve', 'healthy / whole', 'sağlıklı / bütün', 'A2', NULL) ON CONFLICT (id) DO NOTHING;
INSERT INTO word_sentences (word_id, estonian, english, turkish, sort_order) VALUES ('a2-terve', 'Ta on jälle terve.', 'He is healthy again.', 'O yine sağlığına kavuştu.', 0);
INSERT INTO words (id, estonian, english, turkish, cefr_level, image_query) VALUES ('a2-palavik', 'palavik', 'fever', 'ateş', 'A2', NULL) ON CONFLICT (id) DO NOTHING;
INSERT INTO word_sentences (word_id, estonian, english, turkish, sort_order) VALUES ('a2-palavik', 'Lapsel on kõrge palavik.', 'The child has a high fever.', 'Çocuğun yüksek ateşi var.', 0);
INSERT INTO words (id, estonian, english, turkish, cefr_level, image_query) VALUES ('a2-köha', 'köha', 'cough', 'öksürük', 'A2', NULL) ON CONFLICT (id) DO NOTHING;
INSERT INTO word_sentences (word_id, estonian, english, turkish, sort_order) VALUES ('a2-köha', 'Mul on tugev köha.', 'I have a strong cough.', 'Şiddetli öksürüğüm var.', 0);
INSERT INTO words (id, estonian, english, turkish, cefr_level, image_query) VALUES ('a2-hammas', 'hammas', 'tooth', 'diş', 'A2', NULL) ON CONFLICT (id) DO NOTHING;
INSERT INTO word_sentences (word_id, estonian, english, turkish, sort_order) VALUES ('a2-hammas', 'Mul valutab hammas.', 'My tooth hurts.', 'Dişim ağrıyor.', 0);
INSERT INTO words (id, estonian, english, turkish, cefr_level, image_query) VALUES ('a2-rõõmus', 'rõõmus', 'happy / joyful', 'mutlu / neşeli', 'A2', NULL) ON CONFLICT (id) DO NOTHING;
INSERT INTO word_sentences (word_id, estonian, english, turkish, sort_order) VALUES ('a2-rõõmus', 'Lapsed on väga rõõmsad.', 'The children are very happy.', 'Çocuklar çok mutlu.', 0);
INSERT INTO words (id, estonian, english, turkish, cefr_level, image_query) VALUES ('a2-kurb', 'kurb', 'sad', 'üzgün', 'A2', NULL) ON CONFLICT (id) DO NOTHING;
INSERT INTO word_sentences (word_id, estonian, english, turkish, sort_order) VALUES ('a2-kurb', 'Ta on kurb, sest sõber läks ära.', 'He is sad because his friend left.', 'Arkadaşı gittiği için üzgün.', 0);
INSERT INTO words (id, estonian, english, turkish, cefr_level, image_query) VALUES ('a2-vihane', 'vihane', 'angry', 'kızgın', 'A2', NULL) ON CONFLICT (id) DO NOTHING;
INSERT INTO word_sentences (word_id, estonian, english, turkish, sort_order) VALUES ('a2-vihane', 'Ära ole vihane minu peale!', 'Don''t be angry at me!', 'Bana kızma!', 0);
INSERT INTO words (id, estonian, english, turkish, cefr_level, image_query) VALUES ('a2-väsinud', 'väsinud', 'tired', 'yorgun', 'A2', NULL) ON CONFLICT (id) DO NOTHING;
INSERT INTO word_sentences (word_id, estonian, english, turkish, sort_order) VALUES ('a2-väsinud', 'Ma olen täna väga väsinud.', 'I am very tired today.', 'Bugün çok yorgunum.', 0);
INSERT INTO words (id, estonian, english, turkish, cefr_level, image_query) VALUES ('a2-mures', 'mures', 'worried', 'endişeli', 'A2', NULL) ON CONFLICT (id) DO NOTHING;
INSERT INTO word_sentences (word_id, estonian, english, turkish, sort_order) VALUES ('a2-mures', 'Ema on lapse pärast mures.', 'Mother is worried about the child.', 'Anne çocuğu için endişeli.', 0);
INSERT INTO words (id, estonian, english, turkish, cefr_level, image_query) VALUES ('a2-üllatunud', 'üllatunud', 'surprised', 'şaşırmış', 'A2', NULL) ON CONFLICT (id) DO NOTHING;
INSERT INTO word_sentences (word_id, estonian, english, turkish, sort_order) VALUES ('a2-üllatunud', 'Ma olin väga üllatunud.', 'I was very surprised.', 'Çok şaşırdım.', 0);
INSERT INTO words (id, estonian, english, turkish, cefr_level, image_query) VALUES ('a2-õnnelik', 'õnnelik', 'happy / fortunate', 'mutlu / şanslı', 'A2', NULL) ON CONFLICT (id) DO NOTHING;
INSERT INTO word_sentences (word_id, estonian, english, turkish, sort_order) VALUES ('a2-õnnelik', 'Ta on väga õnnelik inimene.', 'She is a very happy person.', 'O çok mutlu bir insan.', 0);
INSERT INTO words (id, estonian, english, turkish, cefr_level, image_query) VALUES ('a2-kartma', 'kartma', 'to be afraid', 'korkmak', 'A2', NULL) ON CONFLICT (id) DO NOTHING;
INSERT INTO word_sentences (word_id, estonian, english, turkish, sort_order) VALUES ('a2-kartma', 'Ma kardan pimedust.', 'I am afraid of the dark.', 'Karanlıktan korkuyorum.', 0);
INSERT INTO words (id, estonian, english, turkish, cefr_level, image_query) VALUES ('a2-lootma', 'lootma', 'to hope', 'ummak', 'A2', NULL) ON CONFLICT (id) DO NOTHING;
INSERT INTO word_sentences (word_id, estonian, english, turkish, sort_order) VALUES ('a2-lootma', 'Ma loodan, et homme on ilus ilm.', 'I hope the weather will be nice tomorrow.', 'Umarım yarın hava güzel olur.', 0);
INSERT INTO words (id, estonian, english, turkish, cefr_level, image_query) VALUES ('a2-sport', 'sport', 'sport', 'spor', 'A2', NULL) ON CONFLICT (id) DO NOTHING;
INSERT INTO word_sentences (word_id, estonian, english, turkish, sort_order) VALUES ('a2-sport', 'Sport on tervisele kasulik.', 'Sport is good for health.', 'Spor sağlık için faydalıdır.', 0);
INSERT INTO words (id, estonian, english, turkish, cefr_level, image_query) VALUES ('a2-muusika', 'muusika', 'music', 'müzik', 'A2', NULL) ON CONFLICT (id) DO NOTHING;
INSERT INTO word_sentences (word_id, estonian, english, turkish, sort_order) VALUES ('a2-muusika', 'Mulle meeldib klassikaline muusika.', 'I like classical music.', 'Klasik müzik seviyorum.', 0);
INSERT INTO words (id, estonian, english, turkish, cefr_level, image_query) VALUES ('a2-film', 'film', 'film / movie', 'film', 'A2', NULL) ON CONFLICT (id) DO NOTHING;
INSERT INTO word_sentences (word_id, estonian, english, turkish, sort_order) VALUES ('a2-film', 'See film oli väga põnev.', 'This movie was very exciting.', 'Bu film çok heyecanlıydı.', 0);
INSERT INTO words (id, estonian, english, turkish, cefr_level, image_query) VALUES ('a2-mängima', 'mängima', 'to play', 'oynamak', 'A2', NULL) ON CONFLICT (id) DO NOTHING;
INSERT INTO word_sentences (word_id, estonian, english, turkish, sort_order) VALUES ('a2-mängima', 'Lapsed mängivad pargis jalgpalli.', 'The children play football in the park.', 'Çocuklar parkta futbol oynuyor.', 0);
INSERT INTO words (id, estonian, english, turkish, cefr_level, image_query) VALUES ('a2-jooksma', 'jooksma', 'to run', 'koşmak', 'A2', NULL) ON CONFLICT (id) DO NOTHING;
INSERT INTO word_sentences (word_id, estonian, english, turkish, sort_order) VALUES ('a2-jooksma', 'Ma jooksen igal hommikul.', 'I run every morning.', 'Her sabah koşuyorum.', 0);
INSERT INTO words (id, estonian, english, turkish, cefr_level, image_query) VALUES ('a2-ujuma', 'ujuma', 'to swim', 'yüzmek', 'A2', NULL) ON CONFLICT (id) DO NOTHING;
INSERT INTO word_sentences (word_id, estonian, english, turkish, sort_order) VALUES ('a2-ujuma', 'Suvel me ujume järves.', 'In summer we swim in the lake.', 'Yazın gölde yüzüyoruz.', 0);
INSERT INTO words (id, estonian, english, turkish, cefr_level, image_query) VALUES ('a2-jalgratas', 'jalgratas', 'bicycle', 'bisiklet', 'A2', NULL) ON CONFLICT (id) DO NOTHING;
INSERT INTO word_sentences (word_id, estonian, english, turkish, sort_order) VALUES ('a2-jalgratas', 'Ma sõidan jalgrattaga tööle.', 'I ride a bicycle to work.', 'İşe bisikletle gidiyorum.', 0);
INSERT INTO words (id, estonian, english, turkish, cefr_level, image_query) VALUES ('a2-laul', 'laul', 'song', 'şarkı', 'A2', NULL) ON CONFLICT (id) DO NOTHING;
INSERT INTO word_sentences (word_id, estonian, english, turkish, sort_order) VALUES ('a2-laul', 'See on ilus eesti laul.', 'This is a beautiful Estonian song.', 'Bu güzel bir Estonca şarkı.', 0);
INSERT INTO words (id, estonian, english, turkish, cefr_level, image_query) VALUES ('a2-tants', 'tants', 'dance', 'dans', 'A2', NULL) ON CONFLICT (id) DO NOTHING;
INSERT INTO word_sentences (word_id, estonian, english, turkish, sort_order) VALUES ('a2-tants', 'Rahvatants on Eestis populaarne.', 'Folk dance is popular in Estonia.', 'Halk dansı Estonya''da popüler.', 0);
INSERT INTO words (id, estonian, english, turkish, cefr_level, image_query) VALUES ('a2-teater', 'teater', 'theater', 'tiyatro', 'A2', NULL) ON CONFLICT (id) DO NOTHING;
INSERT INTO word_sentences (word_id, estonian, english, turkish, sort_order) VALUES ('a2-teater', 'Me läheme õhtul teatrisse.', 'We are going to the theater in the evening.', 'Akşam tiyatroya gidiyoruz.', 0);
INSERT INTO words (id, estonian, english, turkish, cefr_level, image_query) VALUES ('a2-mets', 'mets', 'forest', 'orman', 'A2', NULL) ON CONFLICT (id) DO NOTHING;
INSERT INTO word_sentences (word_id, estonian, english, turkish, sort_order) VALUES ('a2-mets', 'Eesti metsad on väga ilusad.', 'Estonian forests are very beautiful.', 'Estonya ormanları çok güzel.', 0);
INSERT INTO words (id, estonian, english, turkish, cefr_level, image_query) VALUES ('a2-jõgi', 'jõgi', 'river', 'nehir', 'A2', NULL) ON CONFLICT (id) DO NOTHING;
INSERT INTO word_sentences (word_id, estonian, english, turkish, sort_order) VALUES ('a2-jõgi', 'Emajõgi on Tartu jõgi.', 'Emajõgi is the river of Tartu.', 'Emajõgi, Tartu''nun nehridir.', 0);
INSERT INTO words (id, estonian, english, turkish, cefr_level, image_query) VALUES ('a2-mägi', 'mägi', 'mountain / hill', 'dağ / tepe', 'A2', NULL) ON CONFLICT (id) DO NOTHING;
INSERT INTO word_sentences (word_id, estonian, english, turkish, sort_order) VALUES ('a2-mägi', 'Suur Munamägi on Eesti kõrgeim mägi.', 'Suur Munamägi is the highest hill in Estonia.', 'Suur Munamägi, Estonya''nın en yüksek tepesidir.', 0);
INSERT INTO words (id, estonian, english, turkish, cefr_level, image_query) VALUES ('a2-loom', 'loom', 'animal', 'hayvan', 'A2', NULL) ON CONFLICT (id) DO NOTHING;
INSERT INTO word_sentences (word_id, estonian, english, turkish, sort_order) VALUES ('a2-loom', 'Metsas elab palju loomi.', 'Many animals live in the forest.', 'Ormanda birçok hayvan yaşıyor.', 0);
INSERT INTO words (id, estonian, english, turkish, cefr_level, image_query) VALUES ('a2-lind', 'lind', 'bird', 'kuş', 'A2', NULL) ON CONFLICT (id) DO NOTHING;
INSERT INTO word_sentences (word_id, estonian, english, turkish, sort_order) VALUES ('a2-lind', 'Linnud laulavad kevadel.', 'Birds sing in spring.', 'Kuşlar ilkbaharda şarkı söyler.', 0);
INSERT INTO words (id, estonian, english, turkish, cefr_level, image_query) VALUES ('a2-järv', 'järv', 'lake', 'göl', 'A2', NULL) ON CONFLICT (id) DO NOTHING;
INSERT INTO word_sentences (word_id, estonian, english, turkish, sort_order) VALUES ('a2-järv', 'Peipsi järv on väga suur.', 'Lake Peipsi is very large.', 'Peipsi Gölü çok büyük.', 0);
INSERT INTO words (id, estonian, english, turkish, cefr_level, image_query) VALUES ('a2-meri', 'meri', 'sea', 'deniz', 'A2', NULL) ON CONFLICT (id) DO NOTHING;
INSERT INTO word_sentences (word_id, estonian, english, turkish, sort_order) VALUES ('a2-meri', 'Läänemeri on Eesti läänerannikul.', 'The Baltic Sea is on Estonia''s west coast.', 'Baltık Denizi Estonya''nın batı kıyısındadır.', 0);
INSERT INTO words (id, estonian, english, turkish, cefr_level, image_query) VALUES ('a2-rand', 'rand', 'beach', 'plaj', 'A2', NULL) ON CONFLICT (id) DO NOTHING;
INSERT INTO word_sentences (word_id, estonian, english, turkish, sort_order) VALUES ('a2-rand', 'Pärnu rand on suvel väga populaarne.', 'Pärnu beach is very popular in summer.', 'Pärnu plajı yazın çok popüler.', 0);
INSERT INTO words (id, estonian, english, turkish, cefr_level, image_query) VALUES ('a2-lill', 'lill', 'flower', 'çiçek', 'A2', NULL) ON CONFLICT (id) DO NOTHING;
INSERT INTO word_sentences (word_id, estonian, english, turkish, sort_order) VALUES ('a2-lill', 'Aias kasvavad ilusad lilled.', 'Beautiful flowers grow in the garden.', 'Bahçede güzel çiçekler yetişiyor.', 0);
INSERT INTO words (id, estonian, english, turkish, cefr_level, image_query) VALUES ('a2-puu', 'puu', 'tree / wood', 'ağaç / tahta', 'A2', NULL) ON CONFLICT (id) DO NOTHING;
INSERT INTO word_sentences (word_id, estonian, english, turkish, sort_order) VALUES ('a2-puu', 'See puu on väga vana.', 'This tree is very old.', 'Bu ağaç çok yaşlı.', 0);
INSERT INTO words (id, estonian, english, turkish, cefr_level, image_query) VALUES ('a2-saar', 'saar', 'island', 'ada', 'A2', NULL) ON CONFLICT (id) DO NOTHING;
INSERT INTO word_sentences (word_id, estonian, english, turkish, sort_order) VALUES ('a2-saar', 'Saaremaa on Eesti suurim saar.', 'Saaremaa is the largest island of Estonia.', 'Saaremaa, Estonya''nın en büyük adasıdır.', 0);
INSERT INTO words (id, estonian, english, turkish, cefr_level, image_query) VALUES ('a2-õpetaja', 'õpetaja', 'teacher', 'öğretmen', 'A2', NULL) ON CONFLICT (id) DO NOTHING;
INSERT INTO word_sentences (word_id, estonian, english, turkish, sort_order) VALUES ('a2-õpetaja', 'Meie õpetaja on väga tark.', 'Our teacher is very smart.', 'Öğretmenimiz çok zeki.', 0);
INSERT INTO words (id, estonian, english, turkish, cefr_level, image_query) VALUES ('a2-insener', 'insener', 'engineer', 'mühendis', 'A2', NULL) ON CONFLICT (id) DO NOTHING;
INSERT INTO word_sentences (word_id, estonian, english, turkish, sort_order) VALUES ('a2-insener', 'Ta töötab insenerina tehases.', 'He works as an engineer in a factory.', 'Fabrikada mühendis olarak çalışıyor.', 0);
INSERT INTO words (id, estonian, english, turkish, cefr_level, image_query) VALUES ('a2-kokk', 'kokk', 'cook / chef', 'aşçı / şef', 'A2', NULL) ON CONFLICT (id) DO NOTHING;
INSERT INTO word_sentences (word_id, estonian, english, turkish, sort_order) VALUES ('a2-kokk', 'Kokk valmistab suurepärast toitu.', 'The chef prepares excellent food.', 'Şef mükemmel yemekler hazırlıyor.', 0);
INSERT INTO words (id, estonian, english, turkish, cefr_level, image_query) VALUES ('a2-müüja', 'müüja', 'salesperson', 'satıcı', 'A2', NULL) ON CONFLICT (id) DO NOTHING;
INSERT INTO word_sentences (word_id, estonian, english, turkish, sort_order) VALUES ('a2-müüja', 'Müüja oli väga sõbralik.', 'The salesperson was very friendly.', 'Satıcı çok güler yüzlüydü.', 0);
INSERT INTO words (id, estonian, english, turkish, cefr_level, image_query) VALUES ('a2-juht', 'juht', 'leader / driver / manager', 'lider / sürücü / yönetici', 'A2', NULL) ON CONFLICT (id) DO NOTHING;
INSERT INTO word_sentences (word_id, estonian, english, turkish, sort_order) VALUES ('a2-juht', 'Ta on meie meeskonna juht.', 'He is the leader of our team.', 'O bizim takımın lideri.', 0);
INSERT INTO words (id, estonian, english, turkish, cefr_level, image_query) VALUES ('a2-politseinik', 'politseinik', 'police officer', 'polis memuru', 'A2', NULL) ON CONFLICT (id) DO NOTHING;
INSERT INTO word_sentences (word_id, estonian, english, turkish, sort_order) VALUES ('a2-politseinik', 'Politseinik aitas meid tee leidmisel.', 'The police officer helped us find the way.', 'Polis memuru yolu bulmamızda bize yardım etti.', 0);
INSERT INTO words (id, estonian, english, turkish, cefr_level, image_query) VALUES ('a2-tuletõrjuja', 'tuletõrjuja', 'firefighter', 'itfaiyeci', 'A2', NULL) ON CONFLICT (id) DO NOTHING;
INSERT INTO word_sentences (word_id, estonian, english, turkish, sort_order) VALUES ('a2-tuletõrjuja', 'Tuletõrjujad tulid kiiresti kohale.', 'The firefighters arrived quickly.', 'İtfaiyeciler hızla olay yerine geldi.', 0);
INSERT INTO words (id, estonian, english, turkish, cefr_level, image_query) VALUES ('a2-ajakirjanik', 'ajakirjanik', 'journalist', 'gazeteci', 'A2', NULL) ON CONFLICT (id) DO NOTHING;
INSERT INTO word_sentences (word_id, estonian, english, turkish, sort_order) VALUES ('a2-ajakirjanik', 'Ajakirjanik kirjutas artikli.', 'The journalist wrote an article.', 'Gazeteci bir makale yazdı.', 0);
INSERT INTO words (id, estonian, english, turkish, cefr_level, image_query) VALUES ('a2-põllumees', 'põllumees', 'farmer', 'çiftçi', 'A2', NULL) ON CONFLICT (id) DO NOTHING;
INSERT INTO word_sentences (word_id, estonian, english, turkish, sort_order) VALUES ('a2-põllumees', 'Põllumees kasvatab kartuleid.', 'The farmer grows potatoes.', 'Çiftçi patates yetiştiriyor.', 0);
INSERT INTO words (id, estonian, english, turkish, cefr_level, image_query) VALUES ('a2-advokaat', 'advokaat', 'lawyer', 'avukat', 'A2', NULL) ON CONFLICT (id) DO NOTHING;
INSERT INTO word_sentences (word_id, estonian, english, turkish, sort_order) VALUES ('a2-advokaat', 'Advokaat aitas klienti kohtus.', 'The lawyer helped the client in court.', 'Avukat müvekkiline mahkemede yardım etti.', 0);
INSERT INTO words (id, estonian, english, turkish, cefr_level, image_query) VALUES ('a2-tool', 'tool', 'chair', 'sandalye', 'A2', NULL) ON CONFLICT (id) DO NOTHING;
INSERT INTO word_sentences (word_id, estonian, english, turkish, sort_order) VALUES ('a2-tool', 'Palun istu toolile.', 'Please sit on the chair.', 'Lütfen sandalyeye oturun.', 0);
INSERT INTO words (id, estonian, english, turkish, cefr_level, image_query) VALUES ('a2-laud', 'laud', 'table', 'masa', 'A2', NULL) ON CONFLICT (id) DO NOTHING;
INSERT INTO word_sentences (word_id, estonian, english, turkish, sort_order) VALUES ('a2-laud', 'Laud on kaetud õhtusöögiks.', 'The table is set for dinner.', 'Masa akşam yemeği için hazırlandı.', 0);
INSERT INTO words (id, estonian, english, turkish, cefr_level, image_query) VALUES ('a2-voodi', 'voodi', 'bed', 'yatak', 'A2', NULL) ON CONFLICT (id) DO NOTHING;
INSERT INTO word_sentences (word_id, estonian, english, turkish, sort_order) VALUES ('a2-voodi', 'Voodi on väga mugav.', 'The bed is very comfortable.', 'Yatak çok rahat.', 0);
INSERT INTO words (id, estonian, english, turkish, cefr_level, image_query) VALUES ('a2-köök', 'köök', 'kitchen', 'mutfak', 'A2', NULL) ON CONFLICT (id) DO NOTHING;
INSERT INTO word_sentences (word_id, estonian, english, turkish, sort_order) VALUES ('a2-köök', 'Ma valmistasin süüa köögis.', 'I cooked in the kitchen.', 'Mutfakta yemek yaptım.', 0);
INSERT INTO words (id, estonian, english, turkish, cefr_level, image_query) VALUES ('a2-vannituba', 'vannituba', 'bathroom', 'banyo', 'A2', NULL) ON CONFLICT (id) DO NOTHING;
INSERT INTO word_sentences (word_id, estonian, english, turkish, sort_order) VALUES ('a2-vannituba', 'Vannituba on teisel korrusel.', 'The bathroom is on the second floor.', 'Banyo ikinci katta.', 0);
INSERT INTO words (id, estonian, english, turkish, cefr_level, image_query) VALUES ('a2-tuba', 'tuba', 'room', 'oda', 'A2', NULL) ON CONFLICT (id) DO NOTHING;
INSERT INTO word_sentences (word_id, estonian, english, turkish, sort_order) VALUES ('a2-tuba', 'See tuba on väga valgusküllane.', 'This room is very bright.', 'Bu oda çok aydınlık.', 0);
INSERT INTO words (id, estonian, english, turkish, cefr_level, image_query) VALUES ('a2-aken', 'aken', 'window', 'pencere', 'A2', NULL) ON CONFLICT (id) DO NOTHING;
INSERT INTO word_sentences (word_id, estonian, english, turkish, sort_order) VALUES ('a2-aken', 'Palun ava aken!', 'Please open the window!', 'Lütfen pencereyi aç!', 0);
INSERT INTO words (id, estonian, english, turkish, cefr_level, image_query) VALUES ('a2-uks', 'uks', 'door', 'kapı', 'A2', NULL) ON CONFLICT (id) DO NOTHING;
INSERT INTO word_sentences (word_id, estonian, english, turkish, sort_order) VALUES ('a2-uks', 'Uks on lukus.', 'The door is locked.', 'Kapı kilitli.', 0);
INSERT INTO words (id, estonian, english, turkish, cefr_level, image_query) VALUES ('a2-trepp', 'trepp', 'stairs', 'merdiven', 'A2', NULL) ON CONFLICT (id) DO NOTHING;
INSERT INTO word_sentences (word_id, estonian, english, turkish, sort_order) VALUES ('a2-trepp', 'Me läksime trepist üles.', 'We went up the stairs.', 'Merdivenlerden yukarı çıktık.', 0);
INSERT INTO words (id, estonian, english, turkish, cefr_level, image_query) VALUES ('a2-korrus', 'korrus', 'floor / story', 'kat', 'A2', NULL) ON CONFLICT (id) DO NOTHING;
INSERT INTO word_sentences (word_id, estonian, english, turkish, sort_order) VALUES ('a2-korrus', 'Ma elan kolmandal korrusel.', 'I live on the third floor.', 'Üçüncü katta oturuyorum.', 0);
INSERT INTO words (id, estonian, english, turkish, cefr_level, image_query) VALUES ('a2-peegel', 'peegel', 'mirror', 'ayna', 'A2', NULL) ON CONFLICT (id) DO NOTHING;
INSERT INTO word_sentences (word_id, estonian, english, turkish, sort_order) VALUES ('a2-peegel', 'Peegel on vannitoas.', 'The mirror is in the bathroom.', 'Ayna banyoda.', 0);
INSERT INTO words (id, estonian, english, turkish, cefr_level, image_query) VALUES ('a2-lamp', 'lamp', 'lamp', 'lamba', 'A2', NULL) ON CONFLICT (id) DO NOTHING;
INSERT INTO word_sentences (word_id, estonian, english, turkish, sort_order) VALUES ('a2-lamp', 'Palun pane lamp põlema.', 'Please turn on the lamp.', 'Lütfen lambayı yak.', 0);
INSERT INTO words (id, estonian, english, turkish, cefr_level, image_query) VALUES ('a2-diivan', 'diivan', 'sofa / couch', 'kanepe', 'A2', NULL) ON CONFLICT (id) DO NOTHING;
INSERT INTO word_sentences (word_id, estonian, english, turkish, sort_order) VALUES ('a2-diivan', 'Ma istun diivanil ja loen.', 'I sit on the sofa and read.', 'Kanepede oturup kitap okuyorum.', 0);
INSERT INTO words (id, estonian, english, turkish, cefr_level, image_query) VALUES ('a2-vaip', 'vaip', 'carpet / rug', 'halı', 'A2', NULL) ON CONFLICT (id) DO NOTHING;
INSERT INTO word_sentences (word_id, estonian, english, turkish, sort_order) VALUES ('a2-vaip', 'Põrandal on ilus vaip.', 'There is a beautiful carpet on the floor.', 'Yerde güzel bir halı var.', 0);
INSERT INTO words (id, estonian, english, turkish, cefr_level, image_query) VALUES ('a2-kleit', 'kleit', 'dress', 'elbise', 'A2', NULL) ON CONFLICT (id) DO NOTHING;
INSERT INTO word_sentences (word_id, estonian, english, turkish, sort_order) VALUES ('a2-kleit', 'Ta kannab punast kleiti.', 'She is wearing a red dress.', 'Kırmızı bir elbise giyiyor.', 0);
INSERT INTO words (id, estonian, english, turkish, cefr_level, image_query) VALUES ('a2-püksid', 'püksid', 'trousers / pants', 'pantolon', 'A2', NULL) ON CONFLICT (id) DO NOTHING;
INSERT INTO word_sentences (word_id, estonian, english, turkish, sort_order) VALUES ('a2-püksid', 'Need püksid on liiga pikad.', 'These trousers are too long.', 'Bu pantolon çok uzun.', 0);
INSERT INTO words (id, estonian, english, turkish, cefr_level, image_query) VALUES ('a2-king', 'king', 'shoe', 'ayakkabı', 'A2', NULL) ON CONFLICT (id) DO NOTHING;
INSERT INTO word_sentences (word_id, estonian, english, turkish, sort_order) VALUES ('a2-king', 'Ma ostsin uued kingad.', 'I bought new shoes.', 'Yeni ayakkabılar aldım.', 0);
INSERT INTO words (id, estonian, english, turkish, cefr_level, image_query) VALUES ('a2-müts', 'müts', 'hat / cap', 'şapka / bere', 'A2', NULL) ON CONFLICT (id) DO NOTHING;
INSERT INTO word_sentences (word_id, estonian, english, turkish, sort_order) VALUES ('a2-müts', 'Talvel tuleb mütsi kanda.', 'In winter you should wear a hat.', 'Kışın şapka giymek gerekir.', 0);
INSERT INTO words (id, estonian, english, turkish, cefr_level, image_query) VALUES ('a2-särk', 'särk', 'shirt', 'gömlek', 'A2', NULL) ON CONFLICT (id) DO NOTHING;
INSERT INTO word_sentences (word_id, estonian, english, turkish, sort_order) VALUES ('a2-särk', 'See särk on puuvillast.', 'This shirt is made of cotton.', 'Bu gömlek pamuktan yapılmış.', 0);
INSERT INTO words (id, estonian, english, turkish, cefr_level, image_query) VALUES ('a2-jakk', 'jakk', 'jacket', 'ceket', 'A2', NULL) ON CONFLICT (id) DO NOTHING;
INSERT INTO word_sentences (word_id, estonian, english, turkish, sort_order) VALUES ('a2-jakk', 'Võta jakk kaasa, õhtul on jahe.', 'Take a jacket, it''s cool in the evening.', 'Ceketini al, akşam serin oluyor.', 0);
INSERT INTO words (id, estonian, english, turkish, cefr_level, image_query) VALUES ('a2-mantel', 'mantel', 'coat', 'palto', 'A2', NULL) ON CONFLICT (id) DO NOTHING;
INSERT INTO word_sentences (word_id, estonian, english, turkish, sort_order) VALUES ('a2-mantel', 'Talvel kannan sooja mantlit.', 'In winter I wear a warm coat.', 'Kışın sıcak bir palto giyiyorum.', 0);
INSERT INTO words (id, estonian, english, turkish, cefr_level, image_query) VALUES ('a2-sokid', 'sokid', 'socks', 'çoraplar', 'A2', NULL) ON CONFLICT (id) DO NOTHING;
INSERT INTO word_sentences (word_id, estonian, english, turkish, sort_order) VALUES ('a2-sokid', 'Ma panen soojad sokid jalga.', 'I put on warm socks.', 'Sıcak çoraplar giyiyorum.', 0);
INSERT INTO words (id, estonian, english, turkish, cefr_level, image_query) VALUES ('a2-kindad', 'kindad', 'gloves', 'eldivenler', 'A2', NULL) ON CONFLICT (id) DO NOTHING;
INSERT INTO word_sentences (word_id, estonian, english, turkish, sort_order) VALUES ('a2-kindad', 'Kindad hoiavad käed soojana.', 'Gloves keep the hands warm.', 'Eldivenler elleri sıcak tutar.', 0);
INSERT INTO words (id, estonian, english, turkish, cefr_level, image_query) VALUES ('a2-sall', 'sall', 'scarf', 'atkı', 'A2', NULL) ON CONFLICT (id) DO NOTHING;
INSERT INTO word_sentences (word_id, estonian, english, turkish, sort_order) VALUES ('a2-sall', 'Ta seob salli ümber kaela.', 'She ties a scarf around her neck.', 'Boynuna bir atkı bağlıyor.', 0);
INSERT INTO words (id, estonian, english, turkish, cefr_level, image_query) VALUES ('a2-rääkima', 'rääkima', 'to speak / to talk', 'konuşmak', 'A2', NULL) ON CONFLICT (id) DO NOTHING;
INSERT INTO word_sentences (word_id, estonian, english, turkish, sort_order) VALUES ('a2-rääkima', 'Ta räägib kolme keelt.', 'She speaks three languages.', 'Üç dil konuşuyor.', 0);
INSERT INTO words (id, estonian, english, turkish, cefr_level, image_query) VALUES ('a2-kirjutama', 'kirjutama', 'to write', 'yazmak', 'A2', NULL) ON CONFLICT (id) DO NOTHING;
INSERT INTO word_sentences (word_id, estonian, english, turkish, sort_order) VALUES ('a2-kirjutama', 'Ma kirjutan kirja sõbrale.', 'I am writing a letter to a friend.', 'Bir arkadaşıma mektup yazıyorum.', 0);
INSERT INTO words (id, estonian, english, turkish, cefr_level, image_query) VALUES ('a2-lugema', 'lugema', 'to read', 'okumak', 'A2', NULL) ON CONFLICT (id) DO NOTHING;
INSERT INTO word_sentences (word_id, estonian, english, turkish, sort_order) VALUES ('a2-lugema', 'Ma loen iga õhtu raamatut.', 'I read a book every evening.', 'Her akşam kitap okuyorum.', 0);
INSERT INTO words (id, estonian, english, turkish, cefr_level, image_query) VALUES ('a2-õppima', 'õppima', 'to study / to learn', 'çalışmak / öğrenmek', 'A2', NULL) ON CONFLICT (id) DO NOTHING;
INSERT INTO word_sentences (word_id, estonian, english, turkish, sort_order) VALUES ('a2-õppima', 'Ma õpin eesti keelt.', 'I am studying Estonian.', 'Estonca öğreniyorum.', 0);
INSERT INTO words (id, estonian, english, turkish, cefr_level, image_query) VALUES ('a2-mõtlema', 'mõtlema', 'to think', 'düşünmek', 'A2', NULL) ON CONFLICT (id) DO NOTHING;
INSERT INTO word_sentences (word_id, estonian, english, turkish, sort_order) VALUES ('a2-mõtlema', 'Ma mõtlen selle peale.', 'I am thinking about it.', 'Bunu düşünüyorum.', 0);
INSERT INTO words (id, estonian, english, turkish, cefr_level, image_query) VALUES ('a2-uskuma', 'uskuma', 'to believe', 'inanmak', 'A2', NULL) ON CONFLICT (id) DO NOTHING;
INSERT INTO word_sentences (word_id, estonian, english, turkish, sort_order) VALUES ('a2-uskuma', 'Ma usun sind.', 'I believe you.', 'Sana inanıyorum.', 0);
INSERT INTO words (id, estonian, english, turkish, cefr_level, image_query) VALUES ('a2-teadma', 'teadma', 'to know', 'bilmek', 'A2', NULL) ON CONFLICT (id) DO NOTHING;
INSERT INTO word_sentences (word_id, estonian, english, turkish, sort_order) VALUES ('a2-teadma', 'Ma ei tea, kus ta on.', 'I don''t know where he is.', 'Onun nerede olduğunu bilmiyorum.', 0);
INSERT INTO words (id, estonian, english, turkish, cefr_level, image_query) VALUES ('a2-unustama', 'unustama', 'to forget', 'unutmak', 'A2', NULL) ON CONFLICT (id) DO NOTHING;
INSERT INTO word_sentences (word_id, estonian, english, turkish, sort_order) VALUES ('a2-unustama', 'Ma unustasin su nime.', 'I forgot your name.', 'İsmini unuttum.', 0);
INSERT INTO words (id, estonian, english, turkish, cefr_level, image_query) VALUES ('a2-mäletama', 'mäletama', 'to remember', 'hatırlamak', 'A2', NULL) ON CONFLICT (id) DO NOTHING;
INSERT INTO word_sentences (word_id, estonian, english, turkish, sort_order) VALUES ('a2-mäletama', 'Ma mäletan seda päeva hästi.', 'I remember that day well.', 'O günü iyi hatırlıyorum.', 0);
INSERT INTO words (id, estonian, english, turkish, cefr_level, image_query) VALUES ('a2-vastama', 'vastama', 'to answer', 'cevap vermek', 'A2', NULL) ON CONFLICT (id) DO NOTHING;
INSERT INTO word_sentences (word_id, estonian, english, turkish, sort_order) VALUES ('a2-vastama', 'Palun vasta mu küsimusele.', 'Please answer my question.', 'Lütfen soruma cevap ver.', 0);
INSERT INTO words (id, estonian, english, turkish, cefr_level, image_query) VALUES ('a2-küsima', 'küsima', 'to ask', 'sormak', 'A2', NULL) ON CONFLICT (id) DO NOTHING;
INSERT INTO word_sentences (word_id, estonian, english, turkish, sort_order) VALUES ('a2-küsima', 'Ma tahan küsida midagi.', 'I want to ask something.', 'Bir şey sormak istiyorum.', 0);
INSERT INTO words (id, estonian, english, turkish, cefr_level, image_query) VALUES ('a2-aitama', 'aitama', 'to help', 'yardım etmek', 'A2', NULL) ON CONFLICT (id) DO NOTHING;
INSERT INTO word_sentences (word_id, estonian, english, turkish, sort_order) VALUES ('a2-aitama', 'Kas sa saad mind aidata?', 'Can you help me?', 'Bana yardım edebilir misin?', 0);
INSERT INTO words (id, estonian, english, turkish, cefr_level, image_query) VALUES ('a2-proovima', 'proovima', 'to try', 'denemek', 'A2', NULL) ON CONFLICT (id) DO NOTHING;
INSERT INTO word_sentences (word_id, estonian, english, turkish, sort_order) VALUES ('a2-proovima', 'Ma tahan seda proovida.', 'I want to try this.', 'Bunu denemek istiyorum.', 0);
INSERT INTO words (id, estonian, english, turkish, cefr_level, image_query) VALUES ('a2-otsima', 'otsima', 'to search / to look for', 'aramak', 'A2', NULL) ON CONFLICT (id) DO NOTHING;
INSERT INTO word_sentences (word_id, estonian, english, turkish, sort_order) VALUES ('a2-otsima', 'Ma otsin oma võtmeid.', 'I am looking for my keys.', 'Anahtarlarımı arıyorum.', 0);
INSERT INTO words (id, estonian, english, turkish, cefr_level, image_query) VALUES ('a2-leidma', 'leidma', 'to find', 'bulmak', 'A2', NULL) ON CONFLICT (id) DO NOTHING;
INSERT INTO word_sentences (word_id, estonian, english, turkish, sort_order) VALUES ('a2-leidma', 'Ma leidsin hea restorani.', 'I found a good restaurant.', 'İyi bir restoran buldum.', 0);
INSERT INTO words (id, estonian, english, turkish, cefr_level, image_query) VALUES ('a2-valima', 'valima', 'to choose', 'seçmek', 'A2', NULL) ON CONFLICT (id) DO NOTHING;
INSERT INTO word_sentences (word_id, estonian, english, turkish, sort_order) VALUES ('a2-valima', 'Palun vali üks neist.', 'Please choose one of these.', 'Lütfen bunlardan birini seç.', 0);
INSERT INTO words (id, estonian, english, turkish, cefr_level, image_query) VALUES ('a2-alustama', 'alustama', 'to begin / to start', 'başlamak', 'A2', NULL) ON CONFLICT (id) DO NOTHING;
INSERT INTO word_sentences (word_id, estonian, english, turkish, sort_order) VALUES ('a2-alustama', 'Koosolek alustab kell kümme.', 'The meeting starts at ten o''clock.', 'Toplantı saat onda başlıyor.', 0);
INSERT INTO words (id, estonian, english, turkish, cefr_level, image_query) VALUES ('a2-lõpetama', 'lõpetama', 'to finish / to end', 'bitirmek', 'A2', NULL) ON CONFLICT (id) DO NOTHING;
INSERT INTO word_sentences (word_id, estonian, english, turkish, sort_order) VALUES ('a2-lõpetama', 'Ma lõpetasin oma töö.', 'I finished my work.', 'İşimi bitirdim.', 0);
INSERT INTO words (id, estonian, english, turkish, cefr_level, image_query) VALUES ('a2-ootama', 'ootama', 'to wait', 'beklemek', 'A2', NULL) ON CONFLICT (id) DO NOTHING;
INSERT INTO word_sentences (word_id, estonian, english, turkish, sort_order) VALUES ('a2-ootama', 'Palun oota mind siin.', 'Please wait for me here.', 'Lütfen burada beni bekle.', 0);
INSERT INTO words (id, estonian, english, turkish, cefr_level, image_query) VALUES ('a2-saatma', 'saatma', 'to send', 'göndermek', 'A2', NULL) ON CONFLICT (id) DO NOTHING;
INSERT INTO word_sentences (word_id, estonian, english, turkish, sort_order) VALUES ('a2-saatma', 'Ma saadan sulle kirja.', 'I will send you a letter.', 'Sana bir mektup göndereceğim.', 0);
INSERT INTO words (id, estonian, english, turkish, cefr_level, image_query) VALUES ('a2-saama', 'saama', 'to get / to receive / can', 'almak / elde etmek / yapabilmek', 'A2', NULL) ON CONFLICT (id) DO NOTHING;
INSERT INTO word_sentences (word_id, estonian, english, turkish, sort_order) VALUES ('a2-saama', 'Ma sain hea uudise.', 'I received good news.', 'İyi bir haber aldım.', 0);
INSERT INTO words (id, estonian, english, turkish, cefr_level, image_query) VALUES ('a2-tooma', 'tooma', 'to bring', 'getirmek', 'A2', NULL) ON CONFLICT (id) DO NOTHING;
INSERT INTO word_sentences (word_id, estonian, english, turkish, sort_order) VALUES ('a2-tooma', 'Palun too mulle klaas vett.', 'Please bring me a glass of water.', 'Lütfen bana bir bardak su getir.', 0);
INSERT INTO words (id, estonian, english, turkish, cefr_level, image_query) VALUES ('a2-viima', 'viima', 'to take (somewhere)', 'götürmek', 'A2', NULL) ON CONFLICT (id) DO NOTHING;
INSERT INTO word_sentences (word_id, estonian, english, turkish, sort_order) VALUES ('a2-viima', 'Ma viin koera jalutama.', 'I take the dog for a walk.', 'Köpeği yürüyüşe götürüyorum.', 0);
INSERT INTO words (id, estonian, english, turkish, cefr_level, image_query) VALUES ('a2-panema', 'panema', 'to put', 'koymak', 'A2', NULL) ON CONFLICT (id) DO NOTHING;
INSERT INTO word_sentences (word_id, estonian, english, turkish, sort_order) VALUES ('a2-panema', 'Pane raamat lauale.', 'Put the book on the table.', 'Kitabı masaya koy.', 0);
INSERT INTO words (id, estonian, english, turkish, cefr_level, image_query) VALUES ('a2-võtma', 'võtma', 'to take', 'almak', 'A2', NULL) ON CONFLICT (id) DO NOTHING;
INSERT INTO word_sentences (word_id, estonian, english, turkish, sort_order) VALUES ('a2-võtma', 'Võta vihmavari kaasa.', 'Take an umbrella with you.', 'Şemsiyeni yanına al.', 0);
INSERT INTO words (id, estonian, english, turkish, cefr_level, image_query) VALUES ('a2-kuulama', 'kuulama', 'to listen', 'dinlemek', 'A2', NULL) ON CONFLICT (id) DO NOTHING;
INSERT INTO word_sentences (word_id, estonian, english, turkish, sort_order) VALUES ('a2-kuulama', 'Ma kuulan muusikat.', 'I am listening to music.', 'Müzik dinliyorum.', 0);
INSERT INTO words (id, estonian, english, turkish, cefr_level, image_query) VALUES ('a2-vaatama', 'vaatama', 'to watch / to look', 'izlemek / bakmak', 'A2', NULL) ON CONFLICT (id) DO NOTHING;
INSERT INTO word_sentences (word_id, estonian, english, turkish, sort_order) VALUES ('a2-vaatama', 'Me vaatame filmi.', 'We are watching a movie.', 'Film izliyoruz.', 0);
INSERT INTO words (id, estonian, english, turkish, cefr_level, image_query) VALUES ('a2-pesema', 'pesema', 'to wash', 'yıkamak', 'A2', NULL) ON CONFLICT (id) DO NOTHING;
INSERT INTO word_sentences (word_id, estonian, english, turkish, sort_order) VALUES ('a2-pesema', 'Ma pesen käsi enne söömist.', 'I wash my hands before eating.', 'Yemekten önce ellerimi yıkıyorum.', 0);
INSERT INTO words (id, estonian, english, turkish, cefr_level, image_query) VALUES ('a2-keetma', 'keetma', 'to boil / to cook', 'kaynatmak / pişirmek', 'A2', NULL) ON CONFLICT (id) DO NOTHING;
INSERT INTO word_sentences (word_id, estonian, english, turkish, sort_order) VALUES ('a2-keetma', 'Ma keedan suppi.', 'I am cooking soup.', 'Çorba pişiriyorum.', 0);
INSERT INTO words (id, estonian, english, turkish, cefr_level, image_query) VALUES ('a2-küpsetama', 'küpsetama', 'to bake', 'fırında pişirmek', 'A2', NULL) ON CONFLICT (id) DO NOTHING;
INSERT INTO word_sentences (word_id, estonian, english, turkish, sort_order) VALUES ('a2-küpsetama', 'Ema küpsetab kooki.', 'Mom is baking a cake.', 'Annem kek yapıyor.', 0);
INSERT INTO words (id, estonian, english, turkish, cefr_level, image_query) VALUES ('a2-raske', 'raske', 'heavy / difficult', 'ağır / zor', 'A2', NULL) ON CONFLICT (id) DO NOTHING;
INSERT INTO word_sentences (word_id, estonian, english, turkish, sort_order) VALUES ('a2-raske', 'See ülesanne on väga raske.', 'This task is very difficult.', 'Bu ödev çok zor.', 0);
INSERT INTO words (id, estonian, english, turkish, cefr_level, image_query) VALUES ('a2-kerge', 'kerge', 'light / easy', 'hafif / kolay', 'A2', NULL) ON CONFLICT (id) DO NOTHING;
INSERT INTO word_sentences (word_id, estonian, english, turkish, sort_order) VALUES ('a2-kerge', 'See kohver on kerge.', 'This suitcase is light.', 'Bu bavul hafif.', 0);
INSERT INTO words (id, estonian, english, turkish, cefr_level, image_query) VALUES ('a2-kiire', 'kiire', 'fast / busy', 'hızlı / meşgul', 'A2', NULL) ON CONFLICT (id) DO NOTHING;
INSERT INTO word_sentences (word_id, estonian, english, turkish, sort_order) VALUES ('a2-kiire', 'Mul on täna väga kiire.', 'I am very busy today.', 'Bugün çok meşgulüm.', 0);
INSERT INTO words (id, estonian, english, turkish, cefr_level, image_query) VALUES ('a2-aeglane', 'aeglane', 'slow', 'yavaş', 'A2', NULL) ON CONFLICT (id) DO NOTHING;
INSERT INTO word_sentences (word_id, estonian, english, turkish, sort_order) VALUES ('a2-aeglane', 'See rong on väga aeglane.', 'This train is very slow.', 'Bu tren çok yavaş.', 0);
INSERT INTO words (id, estonian, english, turkish, cefr_level, image_query) VALUES ('a2-pikk', 'pikk', 'long / tall', 'uzun / uzun boylu', 'A2', NULL) ON CONFLICT (id) DO NOTHING;
INSERT INTO word_sentences (word_id, estonian, english, turkish, sort_order) VALUES ('a2-pikk', 'Ta on pikk mees.', 'He is a tall man.', 'O uzun boylu bir adam.', 0);
INSERT INTO words (id, estonian, english, turkish, cefr_level, image_query) VALUES ('a2-lühike', 'lühike', 'short', 'kısa', 'A2', NULL) ON CONFLICT (id) DO NOTHING;
INSERT INTO word_sentences (word_id, estonian, english, turkish, sort_order) VALUES ('a2-lühike', 'See tee on lühike.', 'This road is short.', 'Bu yol kısa.', 0);
INSERT INTO words (id, estonian, english, turkish, cefr_level, image_query) VALUES ('a2-lai', 'lai', 'wide', 'geniş', 'A2', NULL) ON CONFLICT (id) DO NOTHING;
INSERT INTO word_sentences (word_id, estonian, english, turkish, sort_order) VALUES ('a2-lai', 'See tänav on väga lai.', 'This street is very wide.', 'Bu cadde çok geniş.', 0);
INSERT INTO words (id, estonian, english, turkish, cefr_level, image_query) VALUES ('a2-kitsas', 'kitsas', 'narrow', 'dar', 'A2', NULL) ON CONFLICT (id) DO NOTHING;
INSERT INTO word_sentences (word_id, estonian, english, turkish, sort_order) VALUES ('a2-kitsas', 'See tee on liiga kitsas.', 'This road is too narrow.', 'Bu yol çok dar.', 0);
INSERT INTO words (id, estonian, english, turkish, cefr_level, image_query) VALUES ('a2-soe', 'soe', 'warm', 'ılık / sıcak', 'A2', NULL) ON CONFLICT (id) DO NOTHING;
INSERT INTO word_sentences (word_id, estonian, english, turkish, sort_order) VALUES ('a2-soe', 'Täna on soe ilm.', 'Today the weather is warm.', 'Bugün hava sıcak.', 0);
INSERT INTO words (id, estonian, english, turkish, cefr_level, image_query) VALUES ('a2-külm', 'külm', 'cold', 'soğuk', 'A2', NULL) ON CONFLICT (id) DO NOTHING;
INSERT INTO word_sentences (word_id, estonian, english, turkish, sort_order) VALUES ('a2-külm', 'Talvel on Eestis külm.', 'In winter it is cold in Estonia.', 'Kışın Estonya''da soğuk olur.', 0);
INSERT INTO words (id, estonian, english, turkish, cefr_level, image_query) VALUES ('a2-märg', 'märg', 'wet', 'ıslak', 'A2', NULL) ON CONFLICT (id) DO NOTHING;
INSERT INTO word_sentences (word_id, estonian, english, turkish, sort_order) VALUES ('a2-märg', 'Mu riided on märjad.', 'My clothes are wet.', 'Kıyafetlerim ıslak.', 0);
INSERT INTO words (id, estonian, english, turkish, cefr_level, image_query) VALUES ('a2-kuiv', 'kuiv', 'dry', 'kuru', 'A2', NULL) ON CONFLICT (id) DO NOTHING;
INSERT INTO word_sentences (word_id, estonian, english, turkish, sort_order) VALUES ('a2-kuiv', 'Riided on juba kuivad.', 'The clothes are already dry.', 'Kıyafetler artık kuru.', 0);
INSERT INTO words (id, estonian, english, turkish, cefr_level, image_query) VALUES ('a2-puhas', 'puhas', 'clean', 'temiz', 'A2', NULL) ON CONFLICT (id) DO NOTHING;
INSERT INTO word_sentences (word_id, estonian, english, turkish, sort_order) VALUES ('a2-puhas', 'Tuba on puhas ja korras.', 'The room is clean and tidy.', 'Oda temiz ve düzenli.', 0);
INSERT INTO words (id, estonian, english, turkish, cefr_level, image_query) VALUES ('a2-must', 'must', 'dirty / black', 'kirli / siyah', 'A2', NULL) ON CONFLICT (id) DO NOTHING;
INSERT INTO word_sentences (word_id, estonian, english, turkish, sort_order) VALUES ('a2-must', 'Mu käed on mustad.', 'My hands are dirty.', 'Ellerim kirli.', 0);
INSERT INTO words (id, estonian, english, turkish, cefr_level, image_query) VALUES ('a2-vaikne', 'vaikne', 'quiet', 'sessiz', 'A2', NULL) ON CONFLICT (id) DO NOTHING;
INSERT INTO word_sentences (word_id, estonian, english, turkish, sort_order) VALUES ('a2-vaikne', 'Raamatukogus peab olema vaikne.', 'You have to be quiet in the library.', 'Kütüphanede sessiz olmak gerekir.', 0);
INSERT INTO words (id, estonian, english, turkish, cefr_level, image_query) VALUES ('a2-vali', 'vali', 'loud', 'yüksek sesli', 'A2', NULL) ON CONFLICT (id) DO NOTHING;
INSERT INTO word_sentences (word_id, estonian, english, turkish, sort_order) VALUES ('a2-vali', 'Muusika on liiga vali.', 'The music is too loud.', 'Müzik çok yüksek.', 0);
INSERT INTO words (id, estonian, english, turkish, cefr_level, image_query) VALUES ('a2-tugev', 'tugev', 'strong', 'güçlü', 'A2', NULL) ON CONFLICT (id) DO NOTHING;
INSERT INTO word_sentences (word_id, estonian, english, turkish, sort_order) VALUES ('a2-tugev', 'Ta on väga tugev mees.', 'He is a very strong man.', 'O çok güçlü bir adam.', 0);
INSERT INTO words (id, estonian, english, turkish, cefr_level, image_query) VALUES ('a2-nõrk', 'nõrk', 'weak', 'zayıf / güçsüz', 'A2', NULL) ON CONFLICT (id) DO NOTHING;
INSERT INTO word_sentences (word_id, estonian, english, turkish, sort_order) VALUES ('a2-nõrk', 'Pärast haigust oli ta nõrk.', 'After the illness he was weak.', 'Hastalıktan sonra güçsüzdü.', 0);
INSERT INTO words (id, estonian, english, turkish, cefr_level, image_query) VALUES ('a2-ilus', 'ilus', 'beautiful', 'güzel', 'A2', NULL) ON CONFLICT (id) DO NOTHING;
INSERT INTO word_sentences (word_id, estonian, english, turkish, sort_order) VALUES ('a2-ilus', 'See koht on väga ilus.', 'This place is very beautiful.', 'Burası çok güzel bir yer.', 0);
INSERT INTO words (id, estonian, english, turkish, cefr_level, image_query) VALUES ('a2-kole', 'kole', 'ugly', 'çirkin', 'A2', NULL) ON CONFLICT (id) DO NOTHING;
INSERT INTO word_sentences (word_id, estonian, english, turkish, sort_order) VALUES ('a2-kole', 'See hoone on päris kole.', 'This building is quite ugly.', 'Bu bina oldukça çirkin.', 0);
INSERT INTO words (id, estonian, english, turkish, cefr_level, image_query) VALUES ('a2-huvitav', 'huvitav', 'interesting', 'ilginç', 'A2', NULL) ON CONFLICT (id) DO NOTHING;
INSERT INTO word_sentences (word_id, estonian, english, turkish, sort_order) VALUES ('a2-huvitav', 'See raamat on väga huvitav.', 'This book is very interesting.', 'Bu kitap çok ilginç.', 0);
INSERT INTO words (id, estonian, english, turkish, cefr_level, image_query) VALUES ('a2-igav', 'igav', 'boring', 'sıkıcı', 'A2', NULL) ON CONFLICT (id) DO NOTHING;
INSERT INTO word_sentences (word_id, estonian, english, turkish, sort_order) VALUES ('a2-igav', 'See film oli igav.', 'This movie was boring.', 'Bu film sıkıcıydı.', 0);
INSERT INTO words (id, estonian, english, turkish, cefr_level, image_query) VALUES ('a2-tähtis', 'tähtis', 'important', 'önemli', 'A2', NULL) ON CONFLICT (id) DO NOTHING;
INSERT INTO word_sentences (word_id, estonian, english, turkish, sort_order) VALUES ('a2-tähtis', 'See on väga tähtis küsimus.', 'This is a very important question.', 'Bu çok önemli bir soru.', 0);
INSERT INTO words (id, estonian, english, turkish, cefr_level, image_query) VALUES ('a2-ohtlik', 'ohtlik', 'dangerous', 'tehlikeli', 'A2', NULL) ON CONFLICT (id) DO NOTHING;
INSERT INTO word_sentences (word_id, estonian, english, turkish, sort_order) VALUES ('a2-ohtlik', 'Kiire sõitmine on ohtlik.', 'Fast driving is dangerous.', 'Hızlı araba kullanmak tehlikelidir.', 0);
INSERT INTO words (id, estonian, english, turkish, cefr_level, image_query) VALUES ('a2-turvaline', 'turvaline', 'safe', 'güvenli', 'A2', NULL) ON CONFLICT (id) DO NOTHING;
INSERT INTO word_sentences (word_id, estonian, english, turkish, sort_order) VALUES ('a2-turvaline', 'Eesti on turvaline riik.', 'Estonia is a safe country.', 'Estonya güvenli bir ülke.', 0);
INSERT INTO words (id, estonian, english, turkish, cefr_level, image_query) VALUES ('a2-võimalik', 'võimalik', 'possible', 'mümkün', 'A2', NULL) ON CONFLICT (id) DO NOTHING;
INSERT INTO word_sentences (word_id, estonian, english, turkish, sort_order) VALUES ('a2-võimalik', 'Kas see on võimalik?', 'Is this possible?', 'Bu mümkün mü?', 0);
INSERT INTO words (id, estonian, english, turkish, cefr_level, image_query) VALUES ('a2-vajalik', 'vajalik', 'necessary', 'gerekli', 'A2', NULL) ON CONFLICT (id) DO NOTHING;
INSERT INTO word_sentences (word_id, estonian, english, turkish, sort_order) VALUES ('a2-vajalik', 'See on vajalik dokument.', 'This is a necessary document.', 'Bu gerekli bir belge.', 0);
INSERT INTO words (id, estonian, english, turkish, cefr_level, image_query) VALUES ('a2-valmis', 'valmis', 'ready / finished', 'hazır / bitmiş', 'A2', NULL) ON CONFLICT (id) DO NOTHING;
INSERT INTO word_sentences (word_id, estonian, english, turkish, sort_order) VALUES ('a2-valmis', 'Söök on valmis!', 'The food is ready!', 'Yemek hazır!', 0);
INSERT INTO words (id, estonian, english, turkish, cefr_level, image_query) VALUES ('a2-vahel', 'vahel', 'sometimes / between', 'bazen / arasında', 'A2', NULL) ON CONFLICT (id) DO NOTHING;
INSERT INTO word_sentences (word_id, estonian, english, turkish, sort_order) VALUES ('a2-vahel', 'Vahel käin ma kinos.', 'Sometimes I go to the cinema.', 'Bazen sinemaya giderim.', 0);
INSERT INTO words (id, estonian, english, turkish, cefr_level, image_query) VALUES ('a2-alati', 'alati', 'always', 'her zaman', 'A2', NULL) ON CONFLICT (id) DO NOTHING;
INSERT INTO word_sentences (word_id, estonian, english, turkish, sort_order) VALUES ('a2-alati', 'Ta on alati õigeaegne.', 'He is always on time.', 'O her zaman zamanında gelir.', 0);
INSERT INTO words (id, estonian, english, turkish, cefr_level, image_query) VALUES ('a2-kunagi', 'kunagi', 'never / ever / once', 'hiçbir zaman / hiç / bir zamanlar', 'A2', NULL) ON CONFLICT (id) DO NOTHING;
INSERT INTO word_sentences (word_id, estonian, english, turkish, sort_order) VALUES ('a2-kunagi', 'Ma ei ole kunagi Pariisis käinud.', 'I have never been to Paris.', 'Hiç Paris''e gitmedim.', 0);
INSERT INTO words (id, estonian, english, turkish, cefr_level, image_query) VALUES ('a2-praegu', 'praegu', 'now / right now', 'şimdi / şu anda', 'A2', NULL) ON CONFLICT (id) DO NOTHING;
INSERT INTO word_sentences (word_id, estonian, english, turkish, sort_order) VALUES ('a2-praegu', 'Praegu ma õpin.', 'Right now I am studying.', 'Şu anda ders çalışıyorum.', 0);
INSERT INTO words (id, estonian, english, turkish, cefr_level, image_query) VALUES ('a2-juba', 'juba', 'already', 'zaten / çoktan', 'A2', NULL) ON CONFLICT (id) DO NOTHING;
INSERT INTO word_sentences (word_id, estonian, english, turkish, sort_order) VALUES ('a2-juba', 'Ma olen juba söönud.', 'I have already eaten.', 'Zaten yedim.', 0);
INSERT INTO words (id, estonian, english, turkish, cefr_level, image_query) VALUES ('a2-veel', 'veel', 'still / yet / more', 'hâlâ / henüz / daha', 'A2', NULL) ON CONFLICT (id) DO NOTHING;
INSERT INTO word_sentences (word_id, estonian, english, turkish, sort_order) VALUES ('a2-veel', 'Kas sa tahad veel kohvi?', 'Do you want more coffee?', 'Daha kahve ister misin?', 0);
INSERT INTO words (id, estonian, english, turkish, cefr_level, image_query) VALUES ('a2-peaaegu', 'peaaegu', 'almost', 'neredeyse', 'A2', NULL) ON CONFLICT (id) DO NOTHING;
INSERT INTO word_sentences (word_id, estonian, english, turkish, sort_order) VALUES ('a2-peaaegu', 'Ma olen peaaegu valmis.', 'I am almost ready.', 'Neredeyse hazırım.', 0);
INSERT INTO words (id, estonian, english, turkish, cefr_level, image_query) VALUES ('a2-tihti', 'tihti', 'often', 'sık sık', 'A2', NULL) ON CONFLICT (id) DO NOTHING;
INSERT INTO word_sentences (word_id, estonian, english, turkish, sort_order) VALUES ('a2-tihti', 'Ma käin tihti jooksmas.', 'I often go running.', 'Sık sık koşuya çıkarım.', 0);
INSERT INTO words (id, estonian, english, turkish, cefr_level, image_query) VALUES ('a2-harva', 'harva', 'rarely', 'nadiren', 'A2', NULL) ON CONFLICT (id) DO NOTHING;
INSERT INTO word_sentences (word_id, estonian, english, turkish, sort_order) VALUES ('a2-harva', 'Ma käin harva teatris.', 'I rarely go to the theater.', 'Nadiren tiyatroya giderim.', 0);
INSERT INTO words (id, estonian, english, turkish, cefr_level, image_query) VALUES ('a2-kohe', 'kohe', 'right away / immediately', 'hemen', 'A2', NULL) ON CONFLICT (id) DO NOTHING;
INSERT INTO word_sentences (word_id, estonian, english, turkish, sort_order) VALUES ('a2-kohe', 'Ma tulen kohe tagasi.', 'I will come back right away.', 'Hemen döneceğim.', 0);
INSERT INTO words (id, estonian, english, turkish, cefr_level, image_query) VALUES ('a2-hiljem', 'hiljem', 'later', 'sonra / daha sonra', 'A2', NULL) ON CONFLICT (id) DO NOTHING;
INSERT INTO word_sentences (word_id, estonian, english, turkish, sort_order) VALUES ('a2-hiljem', 'Räägime hiljem.', 'Let''s talk later.', 'Sonra konuşalım.', 0);
INSERT INTO words (id, estonian, english, turkish, cefr_level, image_query) VALUES ('a2-varem', 'varem', 'earlier', 'daha önce / erken', 'A2', NULL) ON CONFLICT (id) DO NOTHING;
INSERT INTO word_sentences (word_id, estonian, english, turkish, sort_order) VALUES ('a2-varem', 'Ma tulin täna varem.', 'I came earlier today.', 'Bugün erken geldim.', 0);
INSERT INTO words (id, estonian, english, turkish, cefr_level, image_query) VALUES ('a2-koos', 'koos', 'together', 'birlikte', 'A2', NULL) ON CONFLICT (id) DO NOTHING;
INSERT INTO word_sentences (word_id, estonian, english, turkish, sort_order) VALUES ('a2-koos', 'Me läheme koos kinno.', 'We are going to the cinema together.', 'Birlikte sinemaya gidiyoruz.', 0);
INSERT INTO words (id, estonian, english, turkish, cefr_level, image_query) VALUES ('a2-üksi', 'üksi', 'alone', 'yalnız', 'A2', NULL) ON CONFLICT (id) DO NOTHING;
INSERT INTO word_sentences (word_id, estonian, english, turkish, sort_order) VALUES ('a2-üksi', 'Ta elab üksi.', 'She lives alone.', 'Yalnız yaşıyor.', 0);
INSERT INTO words (id, estonian, english, turkish, cefr_level, image_query) VALUES ('a2-umbes', 'umbes', 'approximately / about', 'yaklaşık', 'A2', NULL) ON CONFLICT (id) DO NOTHING;
INSERT INTO word_sentences (word_id, estonian, english, turkish, sort_order) VALUES ('a2-umbes', 'See maksab umbes kümme eurot.', 'It costs approximately ten euros.', 'Yaklaşık on euro tutuyor.', 0);
INSERT INTO words (id, estonian, english, turkish, cefr_level, image_query) VALUES ('a2-eriti', 'eriti', 'especially', 'özellikle', 'A2', NULL) ON CONFLICT (id) DO NOTHING;
INSERT INTO word_sentences (word_id, estonian, english, turkish, sort_order) VALUES ('a2-eriti', 'Mulle meeldib eriti supp.', 'I especially like soup.', 'Özellikle çorba seviyorum.', 0);
INSERT INTO words (id, estonian, english, turkish, cefr_level, image_query) VALUES ('a2-kahjuks', 'kahjuks', 'unfortunately', 'maalesef', 'A2', NULL) ON CONFLICT (id) DO NOTHING;
INSERT INTO word_sentences (word_id, estonian, english, turkish, sort_order) VALUES ('a2-kahjuks', 'Kahjuks ma ei saa tulla.', 'Unfortunately I cannot come.', 'Maalesef gelemiyorum.', 0);
INSERT INTO words (id, estonian, english, turkish, cefr_level, image_query) VALUES ('a2-õnneks', 'õnneks', 'fortunately', 'neyse ki', 'A2', NULL) ON CONFLICT (id) DO NOTHING;
INSERT INTO word_sentences (word_id, estonian, english, turkish, sort_order) VALUES ('a2-õnneks', 'Õnneks ilm läks paremaks.', 'Fortunately the weather got better.', 'Neyse ki hava düzeldi.', 0);
INSERT INTO words (id, estonian, english, turkish, cefr_level, image_query) VALUES ('a2-nädal', 'nädal', 'week', 'hafta', 'A2', NULL) ON CONFLICT (id) DO NOTHING;
INSERT INTO word_sentences (word_id, estonian, english, turkish, sort_order) VALUES ('a2-nädal', 'Järgmisel nädalal on puhkus.', 'Next week is vacation.', 'Gelecek hafta tatil.', 0);
INSERT INTO words (id, estonian, english, turkish, cefr_level, image_query) VALUES ('a2-kuu', 'kuu', 'month / moon', 'ay', 'A2', NULL) ON CONFLICT (id) DO NOTHING;
INSERT INTO word_sentences (word_id, estonian, english, turkish, sort_order) VALUES ('a2-kuu', 'See kuu on väga kiire olnud.', 'This month has been very busy.', 'Bu ay çok yoğun geçti.', 0);
INSERT INTO words (id, estonian, english, turkish, cefr_level, image_query) VALUES ('a2-aasta', 'aasta', 'year', 'yıl', 'A2', NULL) ON CONFLICT (id) DO NOTHING;
INSERT INTO word_sentences (word_id, estonian, english, turkish, sort_order) VALUES ('a2-aasta', 'Ma olen elanud siin kolm aastat.', 'I have lived here for three years.', 'Burada üç yıldır yaşıyorum.', 0);
INSERT INTO words (id, estonian, english, turkish, cefr_level, image_query) VALUES ('a2-kevad', 'kevad', 'spring', 'ilkbahar', 'A2', NULL) ON CONFLICT (id) DO NOTHING;
INSERT INTO word_sentences (word_id, estonian, english, turkish, sort_order) VALUES ('a2-kevad', 'Kevadel hakkavad lilled õitsema.', 'In spring the flowers start to bloom.', 'İlkbaharda çiçekler açmaya başlar.', 0);
INSERT INTO words (id, estonian, english, turkish, cefr_level, image_query) VALUES ('a2-suvi', 'suvi', 'summer', 'yaz', 'A2', NULL) ON CONFLICT (id) DO NOTHING;
INSERT INTO word_sentences (word_id, estonian, english, turkish, sort_order) VALUES ('a2-suvi', 'Suvel on päevad pikad.', 'In summer the days are long.', 'Yazın günler uzun olur.', 0);
INSERT INTO words (id, estonian, english, turkish, cefr_level, image_query) VALUES ('a2-sügis', 'sügis', 'autumn / fall', 'sonbahar', 'A2', NULL) ON CONFLICT (id) DO NOTHING;
INSERT INTO word_sentences (word_id, estonian, english, turkish, sort_order) VALUES ('a2-sügis', 'Sügisel langevad lehed.', 'In autumn the leaves fall.', 'Sonbaharda yapraklar dökülür.', 0);
INSERT INTO words (id, estonian, english, turkish, cefr_level, image_query) VALUES ('a2-talv', 'talv', 'winter', 'kış', 'A2', NULL) ON CONFLICT (id) DO NOTHING;
INSERT INTO word_sentences (word_id, estonian, english, turkish, sort_order) VALUES ('a2-talv', 'Talv on Eestis pikk ja külm.', 'Winter in Estonia is long and cold.', 'Estonya''da kış uzun ve soğuktur.', 0);
INSERT INTO words (id, estonian, english, turkish, cefr_level, image_query) VALUES ('a2-sünnipäev', 'sünnipäev', 'birthday', 'doğum günü', 'A2', NULL) ON CONFLICT (id) DO NOTHING;
INSERT INTO word_sentences (word_id, estonian, english, turkish, sort_order) VALUES ('a2-sünnipäev', 'Palju õnne sünnipäevaks!', 'Happy birthday!', 'Doğum günün kutlu olsun!', 0);
INSERT INTO words (id, estonian, english, turkish, cefr_level, image_query) VALUES ('a2-pidu', 'pidu', 'party / celebration', 'parti / kutlama', 'A2', NULL) ON CONFLICT (id) DO NOTHING;
INSERT INTO word_sentences (word_id, estonian, english, turkish, sort_order) VALUES ('a2-pidu', 'Me korraldame suure pidu.', 'We are organizing a big party.', 'Büyük bir parti düzenliyoruz.', 0);
INSERT INTO words (id, estonian, english, turkish, cefr_level, image_query) VALUES ('a2-kingitus', 'kingitus', 'gift / present', 'hediye', 'A2', NULL) ON CONFLICT (id) DO NOTHING;
INSERT INTO word_sentences (word_id, estonian, english, turkish, sort_order) VALUES ('a2-kingitus', 'See on sulle kingitus.', 'This is a gift for you.', 'Bu sana bir hediye.', 0);
INSERT INTO words (id, estonian, english, turkish, cefr_level, image_query) VALUES ('a2-kiri', 'kiri', 'letter', 'mektup', 'A2', NULL) ON CONFLICT (id) DO NOTHING;
INSERT INTO word_sentences (word_id, estonian, english, turkish, sort_order) VALUES ('a2-kiri', 'Ma sain kirja sõbralt.', 'I received a letter from a friend.', 'Bir arkadaşımdan mektup aldım.', 0);
INSERT INTO words (id, estonian, english, turkish, cefr_level, image_query) VALUES ('a2-ajaleht', 'ajaleht', 'newspaper', 'gazete', 'A2', NULL) ON CONFLICT (id) DO NOTHING;
INSERT INTO word_sentences (word_id, estonian, english, turkish, sort_order) VALUES ('a2-ajaleht', 'Ma loen hommikul ajalehte.', 'I read the newspaper in the morning.', 'Sabahları gazete okurum.', 0);
INSERT INTO words (id, estonian, english, turkish, cefr_level, image_query) VALUES ('a2-uudis', 'uudis', 'news', 'haber', 'A2', NULL) ON CONFLICT (id) DO NOTHING;
INSERT INTO word_sentences (word_id, estonian, english, turkish, sort_order) VALUES ('a2-uudis', 'Kas sa kuulsid seda uudist?', 'Did you hear this news?', 'Bu haberi duydun mu?', 0);
INSERT INTO words (id, estonian, english, turkish, cefr_level, image_query) VALUES ('a2-arvuti', 'arvuti', 'computer', 'bilgisayar', 'A2', NULL) ON CONFLICT (id) DO NOTHING;
INSERT INTO word_sentences (word_id, estonian, english, turkish, sort_order) VALUES ('a2-arvuti', 'Ma töötan arvutiga.', 'I work with a computer.', 'Bilgisayarla çalışıyorum.', 0);
INSERT INTO words (id, estonian, english, turkish, cefr_level, image_query) VALUES ('a2-telefon', 'telefon', 'telephone / phone', 'telefon', 'A2', NULL) ON CONFLICT (id) DO NOTHING;
INSERT INTO word_sentences (word_id, estonian, english, turkish, sort_order) VALUES ('a2-telefon', 'Mu telefon heliseb.', 'My phone is ringing.', 'Telefonum çalıyor.', 0);
INSERT INTO words (id, estonian, english, turkish, cefr_level, image_query) VALUES ('a2-internet', 'internet', 'internet', 'internet', 'A2', NULL) ON CONFLICT (id) DO NOTHING;
INSERT INTO word_sentences (word_id, estonian, english, turkish, sort_order) VALUES ('a2-internet', 'Eestis on kiire internet.', 'Estonia has fast internet.', 'Estonya''da hızlı internet var.', 0);
INSERT INTO words (id, estonian, english, turkish, cefr_level, image_query) VALUES ('a2-pilt', 'pilt', 'picture / image', 'resim / fotoğraf', 'A2', NULL) ON CONFLICT (id) DO NOTHING;
INSERT INTO word_sentences (word_id, estonian, english, turkish, sort_order) VALUES ('a2-pilt', 'See pilt on väga ilus.', 'This picture is very beautiful.', 'Bu resim çok güzel.', 0);
INSERT INTO words (id, estonian, english, turkish, cefr_level, image_query) VALUES ('a2-linn', 'linn', 'city / town', 'şehir / kasaba', 'A2', NULL) ON CONFLICT (id) DO NOTHING;
INSERT INTO word_sentences (word_id, estonian, english, turkish, sort_order) VALUES ('a2-linn', 'Tallinn on Eesti pealinn.', 'Tallinn is the capital of Estonia.', 'Tallinn, Estonya''nın başkentidir.', 0);
INSERT INTO words (id, estonian, english, turkish, cefr_level, image_query) VALUES ('a2-küla', 'küla', 'village', 'köy', 'A2', NULL) ON CONFLICT (id) DO NOTHING;
INSERT INTO word_sentences (word_id, estonian, english, turkish, sort_order) VALUES ('a2-küla', 'Mu vanaema elab külas.', 'My grandmother lives in a village.', 'Büyükannem köyde yaşıyor.', 0);
INSERT INTO words (id, estonian, english, turkish, cefr_level, image_query) VALUES ('a2-tänav', 'tänav', 'street', 'sokak / cadde', 'A2', NULL) ON CONFLICT (id) DO NOTHING;
INSERT INTO word_sentences (word_id, estonian, english, turkish, sort_order) VALUES ('a2-tänav', 'See tänav on väga vaikne.', 'This street is very quiet.', 'Bu sokak çok sessiz.', 0);
INSERT INTO words (id, estonian, english, turkish, cefr_level, image_query) VALUES ('a2-park', 'park', 'park', 'park', 'A2', NULL) ON CONFLICT (id) DO NOTHING;
INSERT INTO word_sentences (word_id, estonian, english, turkish, sort_order) VALUES ('a2-park', 'Me jalutame pargis.', 'We walk in the park.', 'Parkta yürüyoruz.', 0);
INSERT INTO words (id, estonian, english, turkish, cefr_level, image_query) VALUES ('a2-kirik', 'kirik', 'church', 'kilise', 'A2', NULL) ON CONFLICT (id) DO NOTHING;
INSERT INTO word_sentences (word_id, estonian, english, turkish, sort_order) VALUES ('a2-kirik', 'Vanalinna kirik on väga vana.', 'The Old Town church is very old.', 'Eski şehirdeki kilise çok eski.', 0);
INSERT INTO words (id, estonian, english, turkish, cefr_level, image_query) VALUES ('a2-restoran', 'restoran', 'restaurant', 'restoran', 'A2', NULL) ON CONFLICT (id) DO NOTHING;
INSERT INTO word_sentences (word_id, estonian, english, turkish, sort_order) VALUES ('a2-restoran', 'Me sõime õhtust restoranis.', 'We had dinner at a restaurant.', 'Restoranda akşam yemeği yedik.', 0);
INSERT INTO words (id, estonian, english, turkish, cefr_level, image_query) VALUES ('a2-kohvik', 'kohvik', 'café', 'kafe', 'A2', NULL) ON CONFLICT (id) DO NOTHING;
INSERT INTO word_sentences (word_id, estonian, english, turkish, sort_order) VALUES ('a2-kohvik', 'Kohtume kohvikus kell kolm.', 'Let''s meet at the café at three.', 'Saat üçte kafede buluşalım.', 0);
INSERT INTO words (id, estonian, english, turkish, cefr_level, image_query) VALUES ('a2-raamatukogu', 'raamatukogu', 'library', 'kütüphane', 'A2', NULL) ON CONFLICT (id) DO NOTHING;
INSERT INTO word_sentences (word_id, estonian, english, turkish, sort_order) VALUES ('a2-raamatukogu', 'Raamatukogus on tuhandeid raamatuid.', 'There are thousands of books in the library.', 'Kütüphanede binlerce kitap var.', 0);
INSERT INTO words (id, estonian, english, turkish, cefr_level, image_query) VALUES ('a2-muuseum', 'muuseum', 'museum', 'müze', 'A2', NULL) ON CONFLICT (id) DO NOTHING;
INSERT INTO word_sentences (word_id, estonian, english, turkish, sort_order) VALUES ('a2-muuseum', 'Me käisime muuseumis.', 'We visited the museum.', 'Müzeyi ziyaret ettik.', 0);
INSERT INTO words (id, estonian, english, turkish, cefr_level, image_query) VALUES ('a2-keel', 'keel', 'language / tongue', 'dil', 'A2', NULL) ON CONFLICT (id) DO NOTHING;
INSERT INTO word_sentences (word_id, estonian, english, turkish, sort_order) VALUES ('a2-keel', 'Eesti keel on raske, aga ilus.', 'Estonian is difficult but beautiful.', 'Estonca zor ama güzel bir dil.', 0);
INSERT INTO words (id, estonian, english, turkish, cefr_level, image_query) VALUES ('a2-sõna', 'sõna', 'word', 'kelime', 'A2', NULL) ON CONFLICT (id) DO NOTHING;
INSERT INTO word_sentences (word_id, estonian, english, turkish, sort_order) VALUES ('a2-sõna', 'Ma õpin iga päev uusi sõnu.', 'I learn new words every day.', 'Her gün yeni kelimeler öğreniyorum.', 0);
INSERT INTO words (id, estonian, english, turkish, cefr_level, image_query) VALUES ('a2-lause', 'lause', 'sentence', 'cümle', 'A2', NULL) ON CONFLICT (id) DO NOTHING;
INSERT INTO word_sentences (word_id, estonian, english, turkish, sort_order) VALUES ('a2-lause', 'Kirjuta üks lause.', 'Write one sentence.', 'Bir cümle yaz.', 0);
INSERT INTO words (id, estonian, english, turkish, cefr_level, image_query) VALUES ('a2-ülesanne', 'ülesanne', 'task / exercise', 'ödev / alıştırma', 'A2', NULL) ON CONFLICT (id) DO NOTHING;
INSERT INTO word_sentences (word_id, estonian, english, turkish, sort_order) VALUES ('a2-ülesanne', 'See ülesanne on huvitav.', 'This exercise is interesting.', 'Bu alıştırma ilginç.', 0);
INSERT INTO words (id, estonian, english, turkish, cefr_level, image_query) VALUES ('a2-eksam', 'eksam', 'exam', 'sınav', 'A2', NULL) ON CONFLICT (id) DO NOTHING;
INSERT INTO word_sentences (word_id, estonian, english, turkish, sort_order) VALUES ('a2-eksam', 'Homme on eesti keele eksam.', 'Tomorrow is the Estonian language exam.', 'Yarın Estonca sınavı var.', 0);
INSERT INTO words (id, estonian, english, turkish, cefr_level, image_query) VALUES ('a2-tulemus', 'tulemus', 'result', 'sonuç', 'A2', NULL) ON CONFLICT (id) DO NOTHING;
INSERT INTO word_sentences (word_id, estonian, english, turkish, sort_order) VALUES ('a2-tulemus', 'Eksami tulemus oli hea.', 'The exam result was good.', 'Sınav sonucu iyi oldu.', 0);
INSERT INTO words (id, estonian, english, turkish, cefr_level, image_query) VALUES ('a2-põhjus', 'põhjus', 'reason / cause', 'sebep / neden', 'A2', NULL) ON CONFLICT (id) DO NOTHING;
INSERT INTO word_sentences (word_id, estonian, english, turkish, sort_order) VALUES ('a2-põhjus', 'Mis on selle põhjus?', 'What is the reason for this?', 'Bunun sebebi ne?', 0);
INSERT INTO words (id, estonian, english, turkish, cefr_level, image_query) VALUES ('a2-probleem', 'probleem', 'problem', 'sorun / problem', 'A2', NULL) ON CONFLICT (id) DO NOTHING;
INSERT INTO word_sentences (word_id, estonian, english, turkish, sort_order) VALUES ('a2-probleem', 'See on suur probleem.', 'This is a big problem.', 'Bu büyük bir sorun.', 0);
INSERT INTO words (id, estonian, english, turkish, cefr_level, image_query) VALUES ('a2-vastus', 'vastus', 'answer', 'cevap', 'A2', NULL) ON CONFLICT (id) DO NOTHING;
INSERT INTO word_sentences (word_id, estonian, english, turkish, sort_order) VALUES ('a2-vastus', 'Ma tean õiget vastust.', 'I know the correct answer.', 'Doğru cevabı biliyorum.', 0);
INSERT INTO words (id, estonian, english, turkish, cefr_level, image_query) VALUES ('a2-küsimus', 'küsimus', 'question', 'soru', 'A2', NULL) ON CONFLICT (id) DO NOTHING;
INSERT INTO word_sentences (word_id, estonian, english, turkish, sort_order) VALUES ('a2-küsimus', 'Mul on üks küsimus.', 'I have one question.', 'Bir sorum var.', 0);
INSERT INTO words (id, estonian, english, turkish, cefr_level, image_query) VALUES ('a2-näide', 'näide', 'example', 'örnek', 'A2', NULL) ON CONFLICT (id) DO NOTHING;
INSERT INTO word_sentences (word_id, estonian, english, turkish, sort_order) VALUES ('a2-näide', 'Tooge palun näide.', 'Please give an example.', 'Lütfen bir örnek verin.', 0);
INSERT INTO words (id, estonian, english, turkish, cefr_level, image_query) VALUES ('a2-kogemus', 'kogemus', 'experience', 'deneyim', 'A2', NULL) ON CONFLICT (id) DO NOTHING;
INSERT INTO word_sentences (word_id, estonian, english, turkish, sort_order) VALUES ('a2-kogemus', 'Tal on palju töökogemust.', 'He has a lot of work experience.', 'Çok iş deneyimi var.', 0);
INSERT INTO words (id, estonian, english, turkish, cefr_level, image_query) VALUES ('a2-nõu', 'nõu', 'advice', 'tavsiye', 'A2', NULL) ON CONFLICT (id) DO NOTHING;
INSERT INTO word_sentences (word_id, estonian, english, turkish, sort_order) VALUES ('a2-nõu', 'Kas sa saad mulle nõu anda?', 'Can you give me advice?', 'Bana tavsiye verebilir misin?', 0);
INSERT INTO words (id, estonian, english, turkish, cefr_level, image_query) VALUES ('a2-naaber', 'naaber', 'neighbor', 'komşu', 'A2', NULL) ON CONFLICT (id) DO NOTHING;
INSERT INTO word_sentences (word_id, estonian, english, turkish, sort_order) VALUES ('a2-naaber', 'Meie naaber on väga sõbralik.', 'Our neighbor is very friendly.', 'Komşumuz çok güler yüzlü.', 0);
INSERT INTO words (id, estonian, english, turkish, cefr_level, image_query) VALUES ('a2-külaline', 'külaline', 'guest / visitor', 'misafir', 'A2', NULL) ON CONFLICT (id) DO NOTHING;
INSERT INTO word_sentences (word_id, estonian, english, turkish, sort_order) VALUES ('a2-külaline', 'Meil on täna külalised.', 'We have guests today.', 'Bugün misafirlerimiz var.', 0);
INSERT INTO words (id, estonian, english, turkish, cefr_level, image_query) VALUES ('a2-kartul', 'kartul', 'potato', 'patates', 'A2', NULL) ON CONFLICT (id) DO NOTHING;
INSERT INTO word_sentences (word_id, estonian, english, turkish, sort_order) VALUES ('a2-kartul', 'Eestlased söövad palju kartuleid.', 'Estonians eat a lot of potatoes.', 'Estonyalılar çok patates yer.', 0);
INSERT INTO words (id, estonian, english, turkish, cefr_level, image_query) VALUES ('a2-liha', 'liha', 'meat', 'et', 'A2', NULL) ON CONFLICT (id) DO NOTHING;
INSERT INTO word_sentences (word_id, estonian, english, turkish, sort_order) VALUES ('a2-liha', 'Ma ei söö liha.', 'I don''t eat meat.', 'Et yemiyorum.', 0);
INSERT INTO words (id, estonian, english, turkish, cefr_level, image_query) VALUES ('a2-kala', 'kala', 'fish', 'balık', 'A2', NULL) ON CONFLICT (id) DO NOTHING;
INSERT INTO word_sentences (word_id, estonian, english, turkish, sort_order) VALUES ('a2-kala', 'Värske kala on väga maitsev.', 'Fresh fish is very tasty.', 'Taze balık çok lezzetli.', 0);
INSERT INTO words (id, estonian, english, turkish, cefr_level, image_query) VALUES ('a2-puuvili', 'puuvili', 'fruit', 'meyve', 'A2', NULL) ON CONFLICT (id) DO NOTHING;
INSERT INTO word_sentences (word_id, estonian, english, turkish, sort_order) VALUES ('a2-puuvili', 'Puuviljad on tervisele head.', 'Fruits are good for health.', 'Meyveler sağlık için faydalıdır.', 0);
INSERT INTO words (id, estonian, english, turkish, cefr_level, image_query) VALUES ('a2-juurvili', 'juurvili', 'vegetable', 'sebze', 'A2', NULL) ON CONFLICT (id) DO NOTHING;
INSERT INTO word_sentences (word_id, estonian, english, turkish, sort_order) VALUES ('a2-juurvili', 'Ma ostan turult juurvilju.', 'I buy vegetables from the market.', 'Pazardan sebze alıyorum.', 0);
INSERT INTO words (id, estonian, english, turkish, cefr_level, image_query) VALUES ('a2-supp', 'supp', 'soup', 'çorba', 'A2', NULL) ON CONFLICT (id) DO NOTHING;
INSERT INTO word_sentences (word_id, estonian, english, turkish, sort_order) VALUES ('a2-supp', 'Ema teeb head suppi.', 'Mom makes good soup.', 'Annem güzel çorba yapar.', 0);
INSERT INTO words (id, estonian, english, turkish, cefr_level, image_query) VALUES ('a2-sai', 'sai', 'white bread / roll', 'beyaz ekmek / sandviç ekmeği', 'A2', NULL) ON CONFLICT (id) DO NOTHING;
INSERT INTO word_sentences (word_id, estonian, english, turkish, sort_order) VALUES ('a2-sai', 'Ma söön hommikul saia.', 'I eat white bread in the morning.', 'Sabahları beyaz ekmek yerim.', 0);
INSERT INTO words (id, estonian, english, turkish, cefr_level, image_query) VALUES ('a2-juust', 'juust', 'cheese', 'peynir', 'A2', NULL) ON CONFLICT (id) DO NOTHING;
INSERT INTO word_sentences (word_id, estonian, english, turkish, sort_order) VALUES ('a2-juust', 'Palun lõika juustu.', 'Please slice the cheese.', 'Lütfen peyniri dilimle.', 0);
INSERT INTO words (id, estonian, english, turkish, cefr_level, image_query) VALUES ('a2-mesi', 'mesi', 'honey', 'bal', 'A2', NULL) ON CONFLICT (id) DO NOTHING;
INSERT INTO word_sentences (word_id, estonian, english, turkish, sort_order) VALUES ('a2-mesi', 'Ma panen teesse mett.', 'I put honey in tea.', 'Çaya bal koyuyorum.', 0);
INSERT INTO words (id, estonian, english, turkish, cefr_level, image_query) VALUES ('a2-suhkur', 'suhkur', 'sugar', 'şeker', 'A2', NULL) ON CONFLICT (id) DO NOTHING;
INSERT INTO word_sentences (word_id, estonian, english, turkish, sort_order) VALUES ('a2-suhkur', 'Kas sa tahad kohvi suhkruga?', 'Do you want coffee with sugar?', 'Kahveyi şekerli ister misin?', 0);
INSERT INTO words (id, estonian, english, turkish, cefr_level, image_query) VALUES ('a2-sool', 'sool', 'salt', 'tuz', 'A2', NULL) ON CONFLICT (id) DO NOTHING;
INSERT INTO word_sentences (word_id, estonian, english, turkish, sort_order) VALUES ('a2-sool', 'Palun anna soola.', 'Please pass the salt.', 'Lütfen tuzu uzat.', 0);
INSERT INTO words (id, estonian, english, turkish, cefr_level, image_query) VALUES ('a2-õlu', 'õlu', 'beer', 'bira', 'A2', NULL) ON CONFLICT (id) DO NOTHING;
INSERT INTO word_sentences (word_id, estonian, english, turkish, sort_order) VALUES ('a2-õlu', 'Eesti õlu on hea.', 'Estonian beer is good.', 'Estonya birası güzeldir.', 0);
INSERT INTO words (id, estonian, english, turkish, cefr_level, image_query) VALUES ('a2-vein', 'vein', 'wine', 'şarap', 'A2', NULL) ON CONFLICT (id) DO NOTHING;
INSERT INTO word_sentences (word_id, estonian, english, turkish, sort_order) VALUES ('a2-vein', 'Kas sa tahad klaasi veini?', 'Would you like a glass of wine?', 'Bir kadeh şarap ister misin?', 0);
INSERT INTO words (id, estonian, english, turkish, cefr_level, image_query) VALUES ('a2-mahl', 'mahl', 'juice', 'meyve suyu', 'A2', NULL) ON CONFLICT (id) DO NOTHING;
INSERT INTO word_sentences (word_id, estonian, english, turkish, sort_order) VALUES ('a2-mahl', 'Ma joon apelsinimahla.', 'I drink orange juice.', 'Portakal suyu içiyorum.', 0);
INSERT INTO words (id, estonian, english, turkish, cefr_level, image_query) VALUES ('a2-number', 'number', 'number', 'numara', 'A2', NULL) ON CONFLICT (id) DO NOTHING;
INSERT INTO word_sentences (word_id, estonian, english, turkish, sort_order) VALUES ('a2-number', 'Mis on sinu telefoninumber?', 'What is your phone number?', 'Telefon numaran ne?', 0);
INSERT INTO words (id, estonian, english, turkish, cefr_level, image_query) VALUES ('a2-pool', 'pool', 'half', 'yarım', 'A2', NULL) ON CONFLICT (id) DO NOTHING;
INSERT INTO word_sentences (word_id, estonian, english, turkish, sort_order) VALUES ('a2-pool', 'Kell on pool kolm.', 'It is half past two.', 'Saat iki buçuk.', 0);
INSERT INTO words (id, estonian, english, turkish, cefr_level, image_query) VALUES ('a2-tervis', 'tervis', 'health / cheers', 'sağlık / şerefe', 'A2', NULL) ON CONFLICT (id) DO NOTHING;
INSERT INTO word_sentences (word_id, estonian, english, turkish, sort_order) VALUES ('a2-tervis', 'Tervis on kõige tähtsam.', 'Health is the most important thing.', 'Sağlık en önemli şeydir.', 0);
INSERT INTO words (id, estonian, english, turkish, cefr_level, image_query) VALUES ('a2-elu', 'elu', 'life', 'hayat', 'A2', NULL) ON CONFLICT (id) DO NOTHING;
INSERT INTO word_sentences (word_id, estonian, english, turkish, sort_order) VALUES ('a2-elu', 'Elu on ilus.', 'Life is beautiful.', 'Hayat güzeldir.', 0);
INSERT INTO words (id, estonian, english, turkish, cefr_level, image_query) VALUES ('a2-unistus', 'unistus', 'dream', 'hayal / rüya', 'A2', NULL) ON CONFLICT (id) DO NOTHING;
INSERT INTO word_sentences (word_id, estonian, english, turkish, sort_order) VALUES ('a2-unistus', 'Minu unistus on reisida maailma.', 'My dream is to travel the world.', 'Hayalim dünyayı gezmek.', 0);
INSERT INTO words (id, estonian, english, turkish, cefr_level, image_query) VALUES ('a2-mälestus', 'mälestus', 'memory / souvenir', 'anı / hatıra', 'A2', NULL) ON CONFLICT (id) DO NOTHING;
INSERT INTO word_sentences (word_id, estonian, english, turkish, sort_order) VALUES ('a2-mälestus', 'Mul on ilusad mälestused sellest reisist.', 'I have beautiful memories from this trip.', 'Bu geziden güzel anılarım var.', 0);
INSERT INTO words (id, estonian, english, turkish, cefr_level, image_query) VALUES ('a2-plaan', 'plaan', 'plan', 'plan', 'A2', NULL) ON CONFLICT (id) DO NOTHING;
INSERT INTO word_sentences (word_id, estonian, english, turkish, sort_order) VALUES ('a2-plaan', 'Mis on sinu plaan homseks?', 'What is your plan for tomorrow?', 'Yarın için planın ne?', 0);
INSERT INTO words (id, estonian, english, turkish, cefr_level, image_query) VALUES ('a2-võti', 'võti', 'key', 'anahtar', 'A2', NULL) ON CONFLICT (id) DO NOTHING;
INSERT INTO word_sentences (word_id, estonian, english, turkish, sort_order) VALUES ('a2-võti', 'Ma unustasin võtme koju.', 'I forgot the key at home.', 'Anahtarı evde unuttum.', 0);
INSERT INTO words (id, estonian, english, turkish, cefr_level, image_query) VALUES ('a2-vihmavari', 'vihmavari', 'umbrella', 'şemsiye', 'A2', NULL) ON CONFLICT (id) DO NOTHING;
INSERT INTO word_sentences (word_id, estonian, english, turkish, sort_order) VALUES ('a2-vihmavari', 'Võta vihmavari, hakkab sadama.', 'Take an umbrella, it''s going to rain.', 'Şemsiyeni al, yağmur yağacak.', 0);
INSERT INTO words (id, estonian, english, turkish, cefr_level, image_query) VALUES ('a2-prillid', 'prillid', 'glasses', 'gözlük', 'A2', NULL) ON CONFLICT (id) DO NOTHING;
INSERT INTO word_sentences (word_id, estonian, english, turkish, sort_order) VALUES ('a2-prillid', 'Ma kannan prille.', 'I wear glasses.', 'Gözlük takıyorum.', 0);
INSERT INTO words (id, estonian, english, turkish, cefr_level, image_query) VALUES ('a2-kell', 'kell', 'clock / watch / o''clock', 'saat', 'A2', NULL) ON CONFLICT (id) DO NOTHING;
INSERT INTO word_sentences (word_id, estonian, english, turkish, sort_order) VALUES ('a2-kell', 'Mis kell on?', 'What time is it?', 'Saat kaç?', 0);
INSERT INTO words (id, estonian, english, turkish, cefr_level, image_query) VALUES ('a2-rahvus', 'rahvus', 'nationality', 'milliyet', 'A2', NULL) ON CONFLICT (id) DO NOTHING;
INSERT INTO word_sentences (word_id, estonian, english, turkish, sort_order) VALUES ('a2-rahvus', 'Mis rahvusest sa oled?', 'What nationality are you?', 'Milliyetin ne?', 0);
INSERT INTO words (id, estonian, english, turkish, cefr_level, image_query) VALUES ('a2-riik', 'riik', 'country / state', 'ülke / devlet', 'A2', NULL) ON CONFLICT (id) DO NOTHING;
INSERT INTO word_sentences (word_id, estonian, english, turkish, sort_order) VALUES ('a2-riik', 'Eesti on väike riik.', 'Estonia is a small country.', 'Estonya küçük bir ülke.', 0);
INSERT INTO words (id, estonian, english, turkish, cefr_level, image_query) VALUES ('a2-piir', 'piir', 'border / limit', 'sınır', 'A2', NULL) ON CONFLICT (id) DO NOTHING;
INSERT INTO word_sentences (word_id, estonian, english, turkish, sort_order) VALUES ('a2-piir', 'Eesti piir on Venemaaga.', 'Estonia''s border is with Russia.', 'Estonya''nın Rusya ile sınırı var.', 0);
INSERT INTO words (id, estonian, english, turkish, cefr_level, image_query) VALUES ('a2-ilma', 'ilma', 'without', 'olmadan / -sız', 'A2', NULL) ON CONFLICT (id) DO NOTHING;
INSERT INTO word_sentences (word_id, estonian, english, turkish, sort_order) VALUES ('a2-ilma', 'Ma ei saa ilma sinuta elada.', 'I cannot live without you.', 'Sensiz yaşayamam.', 0);
INSERT INTO words (id, estonian, english, turkish, cefr_level, image_query) VALUES ('a2-jaoks', 'jaoks', 'for (the purpose of)', 'için', 'A2', NULL) ON CONFLICT (id) DO NOTHING;
INSERT INTO word_sentences (word_id, estonian, english, turkish, sort_order) VALUES ('a2-jaoks', 'See kingitus on sinu jaoks.', 'This gift is for you.', 'Bu hediye senin için.', 0);
INSERT INTO words (id, estonian, english, turkish, cefr_level, image_query) VALUES ('a2-pärast', 'pärast', 'after / because of', 'sonra / yüzünden', 'A2', NULL) ON CONFLICT (id) DO NOTHING;
INSERT INTO word_sentences (word_id, estonian, english, turkish, sort_order) VALUES ('a2-pärast', 'Pärast tööd lähen koju.', 'After work I go home.', 'İşten sonra eve gidiyorum.', 0);
INSERT INTO words (id, estonian, english, turkish, cefr_level, image_query) VALUES ('a2-enne', 'enne', 'before', 'önce', 'A2', NULL) ON CONFLICT (id) DO NOTHING;
INSERT INTO word_sentences (word_id, estonian, english, turkish, sort_order) VALUES ('a2-enne', 'Enne sööki pese käed.', 'Wash your hands before eating.', 'Yemekten önce ellerini yıka.', 0);
INSERT INTO words (id, estonian, english, turkish, cefr_level, image_query) VALUES ('a2-vahel2', 'vahel', 'between', 'arasında', 'A2', NULL) ON CONFLICT (id) DO NOTHING;
INSERT INTO word_sentences (word_id, estonian, english, turkish, sort_order) VALUES ('a2-vahel2', 'Pood on panga ja apteegi vahel.', 'The shop is between the bank and the pharmacy.', 'Dükkan banka ile eczane arasında.', 0);
INSERT INTO words (id, estonian, english, turkish, cefr_level, image_query) VALUES ('a2-kõrval', 'kõrval', 'next to / beside', 'yanında', 'A2', NULL) ON CONFLICT (id) DO NOTHING;
INSERT INTO word_sentences (word_id, estonian, english, turkish, sort_order) VALUES ('a2-kõrval', 'Kohvik on kino kõrval.', 'The café is next to the cinema.', 'Kafe sinemanın yanında.', 0);
INSERT INTO words (id, estonian, english, turkish, cefr_level, image_query) VALUES ('a2-vastas', 'vastas', 'opposite / across', 'karşısında', 'A2', NULL) ON CONFLICT (id) DO NOTHING;
INSERT INTO word_sentences (word_id, estonian, english, turkish, sort_order) VALUES ('a2-vastas', 'Pood on maja vastas.', 'The shop is opposite the house.', 'Dükkan evin karşısında.', 0);
INSERT INTO words (id, estonian, english, turkish, cefr_level, image_query) VALUES ('a2-üle', 'üle', 'over / across', 'üzerinden / karşıya', 'A2', NULL) ON CONFLICT (id) DO NOTHING;
INSERT INTO word_sentences (word_id, estonian, english, turkish, sort_order) VALUES ('a2-üle', 'Me läksime üle tänava.', 'We crossed the street.', 'Caddeyi karşıdan karşıya geçtik.', 0);
INSERT INTO words (id, estonian, english, turkish, cefr_level, image_query) VALUES ('a2-mööda', 'mööda', 'along / past', 'boyunca / yanından', 'A2', NULL) ON CONFLICT (id) DO NOTHING;
INSERT INTO word_sentences (word_id, estonian, english, turkish, sort_order) VALUES ('a2-mööda', 'Me jalutasime mööda jõge.', 'We walked along the river.', 'Nehir boyunca yürüdük.', 0);
INSERT INTO words (id, estonian, english, turkish, cefr_level, image_query) VALUES ('a2-poole', 'poole', 'towards', 'doğru / -e doğru', 'A2', NULL) ON CONFLICT (id) DO NOTHING;
INSERT INTO word_sentences (word_id, estonian, english, turkish, sort_order) VALUES ('a2-poole', 'Ta kõndis meie poole.', 'He walked towards us.', 'Bize doğru yürüdü.', 0);
INSERT INTO words (id, estonian, english, turkish, cefr_level, image_query) VALUES ('a2-tulema', 'tulema', 'need', 'gerekmek', 'A2', NULL) ON CONFLICT (id) DO NOTHING;
INSERT INTO word_sentences (word_id, estonian, english, turkish, sort_order) VALUES ('a2-tulema', 'Tuli lahkuda.', 'Tuli lahkuda.', 'Ayrılmak gerekti.', 0);
INSERT INTO word_sentences (word_id, estonian, english, turkish, sort_order) VALUES ('a2-tulema', 'Juhata palun, kust tuleb ära keerata.', 'Juhata palun, kust tuleb ära keerata.', 'Lütfen nereden dönmek gerektiğini göster.', 1);
INSERT INTO word_sentences (word_id, estonian, english, turkish, sort_order) VALUES ('a2-tulema', 'Tuleb märkida, et ..', 'Tuleb märkida, et ..', 'Belirtmek gerekir ki ..', 2);
INSERT INTO words (id, estonian, english, turkish, cefr_level, image_query) VALUES ('a2-pidama', 'pidama', 'keep', 'tutmak / işletmek', 'A2', NULL) ON CONFLICT (id) DO NOTHING;
INSERT INTO word_sentences (word_id, estonian, english, turkish, sort_order) VALUES ('a2-pidama', 'Jass peab Pärnumaal talu.', 'Jass peab Pärnumaal talu.', 'Jass, Pärnumaa''da bir çiftlik işletiyor.', 0);
INSERT INTO word_sentences (word_id, estonian, english, turkish, sort_order) VALUES ('a2-pidama', 'Minu esivanemad harisid põldu ja pidasid lehmi.', 'Minu esivanemad harisid põldu ja pidasid lehmi.', 'Atalarım tarla sürer ve inek beslerdi.', 1);
INSERT INTO word_sentences (word_id, estonian, english, turkish, sort_order) VALUES ('a2-pidama', 'Mitut töökohta ei jaksa pidada.', 'Mitut töökohta ei jaksa pidada.', 'Birden fazla işi sürdürmek zor.', 2);
INSERT INTO words (id, estonian, english, turkish, cefr_level, image_query) VALUES ('a2-jääma', 'jääma', 'stay', 'kalmak', 'A2', NULL) ON CONFLICT (id) DO NOTHING;
INSERT INTO word_sentences (word_id, estonian, english, turkish, sort_order) VALUES ('a2-jääma', 'Ema ja isa läksid teatrisse, lapsed jäid koju.', 'Ema ja isa läksid teatrisse, lapsed jäid koju.', 'Anne ve baba tiyatroya gitti, çocuklar evde kaldı.', 0);
INSERT INTO word_sentences (word_id, estonian, english, turkish, sort_order) VALUES ('a2-jääma', 'Teest paremale jääb kirik.', 'Teest paremale jääb kirik.', 'Yolun sağ tarafında bir kilise var.', 1);
INSERT INTO word_sentences (word_id, estonian, english, turkish, sort_order) VALUES ('a2-jääma', 'Näitus jääb avatuks aprilli lõpuni.', 'Näitus jääb avatuks aprilli lõpuni.', 'Sergi nisan sonuna kadar açık kalacak.', 2);
INSERT INTO words (id, estonian, english, turkish, cefr_level, image_query) VALUES ('a2-süda', 'süda', 'heart', 'kalp', 'A2', NULL) ON CONFLICT (id) DO NOTHING;
INSERT INTO word_sentences (word_id, estonian, english, turkish, sort_order) VALUES ('a2-süda', 'Tal on süda haige.', 'Tal on süda haige.', 'Kalbi hasta.', 0);
INSERT INTO word_sentences (word_id, estonian, english, turkish, sort_order) VALUES ('a2-süda', 'Süda jäi seisma.', 'Süda jäi seisma.', 'Kalbi durdu.', 1);
INSERT INTO words (id, estonian, english, turkish, cefr_level, image_query) VALUES ('a2-jumal', 'jumal', 'god', 'tanrı', 'A2', NULL) ON CONFLICT (id) DO NOTHING;
INSERT INTO word_sentences (word_id, estonian, english, turkish, sort_order) VALUES ('a2-jumal', 'Ta ei usu jumalat.', 'Ta ei usu jumalat.', 'Tanrı''ya inanmıyor.', 0);
INSERT INTO word_sentences (word_id, estonian, english, turkish, sort_order) VALUES ('a2-jumal', 'Kuulsin pühapäeval kirikus jutlust Jumala armust.', 'Kuulsin pühapäeval kirikus jutlust Jumala armust.', 'Pazar günü kilisede Tanrı''nın merhameti hakkında vaaz dinledim.', 1);
INSERT INTO word_sentences (word_id, estonian, english, turkish, sort_order) VALUES ('a2-jumal', 'Kolmainu Jumal.', 'Kolmainu Jumal.', 'Üçlü Birlik Tanrı.', 2);
INSERT INTO words (id, estonian, english, turkish, cefr_level, image_query) VALUES ('a2-kuum', 'kuum', 'hot', 'sıcak / kızgın', 'A2', NULL) ON CONFLICT (id) DO NOTHING;
INSERT INTO word_sentences (word_id, estonian, english, turkish, sort_order) VALUES ('a2-kuum', 'Kuum suvepäev.', 'Kuum suvepäev.', 'Sıcak bir yaz günü.', 0);
INSERT INTO word_sentences (word_id, estonian, english, turkish, sort_order) VALUES ('a2-kuum', 'Kõrvetasin ennast kuuma teega.', 'Kõrvetasin ennast kuuma teega.', 'Sıcak çayla kendimi yaktım.', 1);
INSERT INTO word_sentences (word_id, estonian, english, turkish, sort_order) VALUES ('a2-kuum', 'Haige otsaesine oli kuum.', 'Haige otsaesine oli kuum.', 'Hastanın alnı sıcaktı.', 2);
INSERT INTO words (id, estonian, english, turkish, cefr_level, image_query) VALUES ('a2-õnn', 'õnn', 'happiness', 'mutluluk / şans', 'A2', NULL) ON CONFLICT (id) DO NOTHING;
INSERT INTO word_sentences (word_id, estonian, english, turkish, sort_order) VALUES ('a2-õnn', 'Noorte õnne ei tumestanud miski.', 'Noorte õnne ei tumestanud miski.', 'Gençlerin mutluluğunu hiçbir şey gölgelemedi.', 0);
INSERT INTO word_sentences (word_id, estonian, english, turkish, sort_order) VALUES ('a2-õnn', 'Poisi nägu säras õnnest.', 'Poisi nägu säras õnnest.', 'Çocuğun yüzü mutluluktan parlıyordu.', 1);
INSERT INTO word_sentences (word_id, estonian, english, turkish, sort_order) VALUES ('a2-õnn', 'Ta hakkas suurest õnnest tantsima.', 'Ta hakkas suurest õnnest tantsima.', 'Büyük mutluluktan dans etmeye başladı.', 2);
INSERT INTO words (id, estonian, english, turkish, cefr_level, image_query) VALUES ('a2-haridus', 'haridus', 'education', 'eğitim', 'A2', NULL) ON CONFLICT (id) DO NOTHING;
INSERT INTO word_sentences (word_id, estonian, english, turkish, sort_order) VALUES ('a2-haridus', 'Poeg läks linna haridust nõutama.', 'Poeg läks linna haridust nõutama.', 'Oğul eğitim almak için şehre gitti.', 0);
INSERT INTO word_sentences (word_id, estonian, english, turkish, sort_order) VALUES ('a2-haridus', 'Kehva haridusega töömehed.', 'Kehva haridusega töömehed.', 'Eğitim düzeyi düşük işçiler.', 1);
INSERT INTO word_sentences (word_id, estonian, english, turkish, sort_order) VALUES ('a2-haridus', 'Ta on hariduselt arst.', 'Ta on hariduselt arst.', 'Mesleği itibariyle doktor.', 2);
INSERT INTO words (id, estonian, english, turkish, cefr_level, image_query) VALUES ('a2-poliitika', 'poliitika', 'politics', 'siyaset', 'A2', NULL) ON CONFLICT (id) DO NOTHING;
INSERT INTO word_sentences (word_id, estonian, english, turkish, sort_order) VALUES ('a2-poliitika', 'Rahvusvaheline poliitika.', 'Rahvusvaheline poliitika.', 'Uluslararası siyaset.', 0);
INSERT INTO word_sentences (word_id, estonian, english, turkish, sort_order) VALUES ('a2-poliitika', 'Erakonna asjaks on teha poliitikat.', 'Erakonna asjaks on teha poliitikat.', 'Partinin görevi siyaset yapmaktır.', 1);
INSERT INTO word_sentences (word_id, estonian, english, turkish, sort_order) VALUES ('a2-poliitika', 'Mind poliitika ei huvita.', 'Mind poliitika ei huvita.', 'Siyaset beni ilgilendirmiyor.', 2);
INSERT INTO words (id, estonian, english, turkish, cefr_level, image_query) VALUES ('a2-ühiskond', 'ühiskond', 'society', 'toplum', 'A2', NULL) ON CONFLICT (id) DO NOTHING;
INSERT INTO word_sentences (word_id, estonian, english, turkish, sort_order) VALUES ('a2-ühiskond', 'Ta tahab ühiskonnale kasulik olla.', 'Ta tahab ühiskonnale kasulik olla.', 'Topluma faydalı olmak istiyor.', 0);
INSERT INTO word_sentences (word_id, estonian, english, turkish, sort_order) VALUES ('a2-ühiskond', 'Aidsi nakatunuid ühiskonnast ei eraldata.', 'Aidsi nakatunuid ühiskonnast ei eraldata.', 'AIDS''li hastalar toplumdan dışlanmıyor.', 1);
INSERT INTO word_sentences (word_id, estonian, english, turkish, sort_order) VALUES ('a2-ühiskond', 'Postindustriaalne ühiskond.', 'Postindustriaalne ühiskond.', 'Sanayi sonrası toplum.', 2);
INSERT INTO words (id, estonian, english, turkish, cefr_level, image_query) VALUES ('a2-kunst', 'kunst', 'art', 'sanat', 'A2', NULL) ON CONFLICT (id) DO NOTHING;
INSERT INTO word_sentences (word_id, estonian, english, turkish, sort_order) VALUES ('a2-kunst', 'Muuseumis on Eesti kunsti näitus.', 'Muuseumis on Eesti kunsti näitus.', 'Müzede Estonya sanat sergisi var.', 0);
INSERT INTO words (id, estonian, english, turkish, cefr_level, image_query) VALUES ('a2-reis', 'reis', 'trip', 'gezi / seyahat', 'A2', NULL) ON CONFLICT (id) DO NOTHING;
INSERT INTO word_sentences (word_id, estonian, english, turkish, sort_order) VALUES ('a2-reis', 'Kirjanik sooritas viimase reisi sünnilinna Taanis.', 'Kirjanik sooritas viimase reisi sünnilinna Taanis.', 'Yazar, Danimarka''daki doğduğu şehre son gezisini yaptı.', 0);
INSERT INTO word_sentences (word_id, estonian, english, turkish, sort_order) VALUES ('a2-reis', 'Alustasime reisi Bangkokist.', 'Alustasime reisi Bangkokist.', 'Geziye Bangkok''tan başladık.', 1);
INSERT INTO word_sentences (word_id, estonian, english, turkish, sort_order) VALUES ('a2-reis', 'Puhkusereis.', 'Puhkusereis.', 'Tatil gezisi.', 2);
INSERT INTO words (id, estonian, english, turkish, cefr_level, image_query) VALUES ('a2-arvamus', 'arvamus', 'opinion', 'görüş / fikir', 'A2', NULL) ON CONFLICT (id) DO NOTHING;
INSERT INTO word_sentences (word_id, estonian, english, turkish, sort_order) VALUES ('a2-arvamus', 'Üleminek suveajale on avalikkuses tekitanud vastakaid arvamusi.', 'Üleminek suveajale on avalikkuses tekitanud vastakaid arvamusi.', 'Yaz saati uygulamasına geçiş kamuoyunda farklı görüşlere yol açtı.', 0);
INSERT INTO word_sentences (word_id, estonian, english, turkish, sort_order) VALUES ('a2-arvamus', 'Eri pooltel on erinevad arvamused.', 'Eri pooltel on erinevad arvamused.', 'Farklı tarafların farklı görüşleri var.', 1);
INSERT INTO word_sentences (word_id, estonian, english, turkish, sort_order) VALUES ('a2-arvamus', 'Ta on sinust väga heal arvamusel.', 'Ta on sinust väga heal arvamusel.', 'Senin hakkında çok iyi düşünüyor.', 2);
INSERT INTO words (id, estonian, english, turkish, cefr_level, image_query) VALUES ('a2-lahendus', 'lahendus', 'solution', 'çözüm', 'A2', NULL) ON CONFLICT (id) DO NOTHING;
INSERT INTO word_sentences (word_id, estonian, english, turkish, sort_order) VALUES ('a2-lahendus', 'Põhjenda ülesande lahendust.', 'Põhjenda ülesande lahendust.', 'Ödevin çözümünü açıkla.', 0);
INSERT INTO word_sentences (word_id, estonian, english, turkish, sort_order) VALUES ('a2-lahendus', 'Ma ei tea selle mõistatuse lahendust.', 'Ma ei tea selle mõistatuse lahendust.', 'Bu bilmecenin çözümünü bilmiyorum.', 1);
INSERT INTO words (id, estonian, english, turkish, cefr_level, image_query) VALUES ('a2-eesmärk', 'eesmärk', 'aim', 'amaç / hedef', 'A2', NULL) ON CONFLICT (id) DO NOTHING;
INSERT INTO word_sentences (word_id, estonian, english, turkish, sort_order) VALUES ('a2-eesmärk', 'Uuringu eesmärgiks oli teada saada, kuidas teismelised käituvad interneti jututubades.', 'Uuringu eesmärgiks oli teada saada, kuidas teismelised käituvad interneti jututubades.', 'Araştırmanın amacı, gençlerin internet sohbet odalarında nasıl davrandığını öğrenmekti.', 0);
INSERT INTO word_sentences (word_id, estonian, english, turkish, sort_order) VALUES ('a2-eesmärk', 'Sportlane püstitas üha uusi eesmärke.', 'Sportlane püstitas üha uusi eesmärke.', 'Sporcu sürekli yeni hedefler belirledi.', 1);
INSERT INTO word_sentences (word_id, estonian, english, turkish, sort_order) VALUES ('a2-eesmärk', 'Tema eesmärk on lõpetada ülikool.', 'Tema eesmärk on lõpetada ülikool.', 'Hedefi üniversiteyi bitirmek.', 2);
INSERT INTO words (id, estonian, english, turkish, cefr_level, image_query) VALUES ('a2-protsess', 'protsess', 'process', 'süreç', 'A2', NULL) ON CONFLICT (id) DO NOTHING;
INSERT INTO word_sentences (word_id, estonian, english, turkish, sort_order) VALUES ('a2-protsess', 'Keemiline protsess.', 'Keemiline protsess.', 'Kimyasal süreç.', 0);
INSERT INTO word_sentences (word_id, estonian, english, turkish, sort_order) VALUES ('a2-protsess', 'Põletikuline protsess.', 'Põletikuline protsess.', 'İltihaplı süreç.', 1);
INSERT INTO word_sentences (word_id, estonian, english, turkish, sort_order) VALUES ('a2-protsess', 'Vananemist tuleb võtta kui loomulikku protsessi.', 'Vananemist tuleb võtta kui loomulikku protsessi.', 'Yaşlanmayı doğal bir süreç olarak kabul etmek gerekir.', 2);
INSERT INTO words (id, estonian, english, turkish, cefr_level, image_query) VALUES ('a2-arutama', 'arutama', 'discuss', 'tartışmak / görüşmek', 'A2', NULL) ON CONFLICT (id) DO NOTHING;
INSERT INTO word_sentences (word_id, estonian, english, turkish, sort_order) VALUES ('a2-arutama', 'Valitsus arutab piirirežiimi muutmist järgmisel nädalal.', 'Valitsus arutab piirirežiimi muutmist järgmisel nädalal.', 'Hükümet sınır düzenlemesinin değiştirilmesini gelecek hafta görüşecek.', 0);
INSERT INTO word_sentences (word_id, estonian, english, turkish, sort_order) VALUES ('a2-arutama', 'Kunagi oli raadios saade, kus arutati roppuste üle.', 'Kunagi oli raadios saade, kus arutati roppuste üle.', 'Bir zamanlar radyoda küfürlerin tartışıldığı bir program vardı.', 1);
INSERT INTO word_sentences (word_id, estonian, english, turkish, sort_order) VALUES ('a2-arutama', 'Olen endamisi arutanud, et kas nii on õige teha.', 'Olen endamisi arutanud, et kas nii on õige teha.', 'Böyle yapmanın doğru olup olmadığını kendi kendime tartıştım.', 2);
INSERT INTO words (id, estonian, english, turkish, cefr_level, image_query) VALUES ('a2-jätkama', 'jätkama', 'continue', 'devam etmek', 'A2', NULL) ON CONFLICT (id) DO NOTHING;
INSERT INTO word_sentences (word_id, estonian, english, turkish, sort_order) VALUES ('a2-jätkama', 'Pooled meie klassist jätkasid õpinguid kõrgkoolis.', 'Pooled meie klassist jätkasid õpinguid kõrgkoolis.', 'Sınıfımızın yarısı yükseköğrenime devam etti.', 0);
INSERT INTO word_sentences (word_id, estonian, english, turkish, sort_order) VALUES ('a2-jätkama', 'Loodetavasti saame varsti oma jutuajamist jätkata.', 'Loodetavasti saame varsti oma jutuajamist jätkata.', 'Umarım yakında sohbetimize devam edebiliriz.', 1);
INSERT INTO word_sentences (word_id, estonian, english, turkish, sort_order) VALUES ('a2-jätkama', 'Ta jätkab õppimist ülikoolis.', 'Ta jätkab õppimist ülikoolis.', 'Üniversitede öğrenimine devam ediyor.', 2);
INSERT INTO words (id, estonian, english, turkish, cefr_level, image_query) VALUES ('a2-muutma', 'muutma', 'change', 'değiştirmek', 'A2', NULL) ON CONFLICT (id) DO NOTHING;
INSERT INTO word_sentences (word_id, estonian, english, turkish, sort_order) VALUES ('a2-muutma', 'Määrust muudeti.', 'Määrust muudeti.', 'Yönetmelik değiştirildi.', 0);
INSERT INTO word_sentences (word_id, estonian, english, turkish, sort_order) VALUES ('a2-muutma', 'Kui ei saa muuta asju, muutkem suhtumist!', 'Kui ei saa muuta asju, muutkem suhtumist!', 'Olayları değiştiremiyorsak, bakış açımızı değiştirelim!', 1);
INSERT INTO word_sentences (word_id, estonian, english, turkish, sort_order) VALUES ('a2-muutma', 'Sündmus, mis muutis maailma.', 'Sündmus, mis muutis maailma.', 'Dünyayı değiştiren olay.', 2);
INSERT INTO words (id, estonian, english, turkish, cefr_level, image_query) VALUES ('a2-protsent', 'protsent', 'percent', 'yüzde', 'A2', NULL) ON CONFLICT (id) DO NOTHING;
INSERT INTO word_sentences (word_id, estonian, english, turkish, sort_order) VALUES ('a2-protsent', 'Leib läks viis protsenti kallimaks.', 'Leib läks viis protsenti kallimaks.', 'Ekmek yüzde beş zamlandı.', 0);
INSERT INTO word_sentences (word_id, estonian, english, turkish, sort_order) VALUES ('a2-protsent', '90% publikust olid mehed.', '90% publikust olid mehed.', 'Seyircilerin yüzde doksanı erkekti.', 1);
INSERT INTO words (id, estonian, english, turkish, cefr_level, image_query) VALUES ('a2-seadus', 'seadus', 'law', 'yasa / kanun', 'A2', NULL) ON CONFLICT (id) DO NOTHING;
INSERT INTO word_sentences (word_id, estonian, english, turkish, sort_order) VALUES ('a2-seadus', 'Eesti Vabariigi seadused.', 'Eesti Vabariigi seadused.', 'Estonya Cumhuriyeti yasaları.', 0);
INSERT INTO word_sentences (word_id, estonian, english, turkish, sort_order) VALUES ('a2-seadus', 'Tulumaksuseadus.', 'Tulumaksuseadus.', 'Gelir vergisi yasası.', 1);
INSERT INTO word_sentences (word_id, estonian, english, turkish, sort_order) VALUES ('a2-seadus', 'Alkoholi müük alaealistele on seadusega keelatud.', 'Alkoholi müük alaealistele on seadusega keelatud.', 'Reşit olmayanlara alkol satışı yasayla yasaklanmıştır.', 2);
INSERT INTO words (id, estonian, english, turkish, cefr_level, image_query) VALUES ('a2-õigus', 'õigus', 'right', 'hak', 'A2', NULL) ON CONFLICT (id) DO NOTHING;
INSERT INTO word_sentences (word_id, estonian, english, turkish, sort_order) VALUES ('a2-õigus', 'Igaühel on põhiseaduslik õigus vabalt liikuda ja elukohta valida.', 'Igaühel on põhiseaduslik õigus vabalt liikuda ja elukohta valida.', 'Herkesin özgürce hareket etme ve ikamet yeri seçme anayasal hakkı vardır.', 0);
INSERT INTO word_sentences (word_id, estonian, english, turkish, sort_order) VALUES ('a2-õigus', 'Vanemlikud õigused.', 'Vanemlikud õigused.', 'Ebeveyn hakları.', 1);
INSERT INTO word_sentences (word_id, estonian, english, turkish, sort_order) VALUES ('a2-õigus', 'Autori varalised õigused.', 'Autori varalised õigused.', 'Yazarın maddi hakları.', 2);
INSERT INTO words (id, estonian, english, turkish, cefr_level, image_query) VALUES ('a2-ekraan', 'ekraan', 'screen', 'ekran', 'A2', NULL) ON CONFLICT (id) DO NOTHING;
INSERT INTO word_sentences (word_id, estonian, english, turkish, sort_order) VALUES ('a2-ekraan', 'Puutetundlik ekraan.', 'Puutetundlik ekraan.', 'Dokunmatik ekran.', 0);
INSERT INTO word_sentences (word_id, estonian, english, turkish, sort_order) VALUES ('a2-ekraan', '5-tollise ekraaniga telefon.', '5-tollise ekraaniga telefon.', '5 inç ekranlı telefon.', 1);
INSERT INTO word_sentences (word_id, estonian, english, turkish, sort_order) VALUES ('a2-ekraan', 'Radariekraan.', 'Radariekraan.', 'Radar ekranı.', 2);
INSERT INTO words (id, estonian, english, turkish, cefr_level, image_query) VALUES ('a2-programm', 'programm', 'programme', 'program', 'A2', NULL) ON CONFLICT (id) DO NOTHING;
INSERT INTO word_sentences (word_id, estonian, english, turkish, sort_order) VALUES ('a2-programm', 'Pesumasinal on spetsiaalne programm viie särgi pesuks.', 'Pesumasinal on spetsiaalne programm viie särgi pesuks.', 'Çamaşır makinesinde beş gömlek yıkamak için özel bir program var.', 0);
INSERT INTO word_sentences (word_id, estonian, english, turkish, sort_order) VALUES ('a2-programm', 'Vabavaraprogramm.', 'Vabavaraprogramm.', 'Açık kaynak program.', 1);
INSERT INTO words (id, estonian, english, turkish, cefr_level, image_query) VALUES ('a2-haigus', 'haigus', 'illness', 'hastalık', 'A2', NULL) ON CONFLICT (id) DO NOTHING;
INSERT INTO word_sentences (word_id, estonian, english, turkish, sort_order) VALUES ('a2-haigus', 'Õpilane puudub haiguse tõttu.', 'Õpilane puudub haiguse tõttu.', 'Öğrenci hastalık nedeniyle devamsız.', 0);
INSERT INTO word_sentences (word_id, estonian, english, turkish, sort_order) VALUES ('a2-haigus', 'Punast päevakübarat kasutatakse mitmete haiguste raviks.', 'Punast päevakübarat kasutatakse mitmete haiguste raviks.', 'Kırmızı yüksükotu birçok hastalığın tedavisinde kullanılır.', 1);
INSERT INTO word_sentences (word_id, estonian, english, turkish, sort_order) VALUES ('a2-haigus', 'Suu- ja sõrataud on väga nakkav sõralistel leviv haigus.', 'Suu- ja sõrataud on väga nakkav sõralistel leviv haigus.', 'Şap hastalığı toynaklılarda çok bulaşıcı bir hastalıktır.', 2);
INSERT INTO words (id, estonian, english, turkish, cefr_level, image_query) VALUES ('a2-elutuba', 'elutuba', 'living room', 'oturma odası', 'A2', NULL) ON CONFLICT (id) DO NOTHING;
INSERT INTO word_sentences (word_id, estonian, english, turkish, sort_order) VALUES ('a2-elutuba', 'Korteris on suur elutuba.', 'Korteris on suur elutuba.', 'Dairede büyük bir oturma odası var.', 0);
INSERT INTO words (id, estonian, english, turkish, cefr_level, image_query) VALUES ('a2-magamistuba', 'magamistuba', 'bedroom', 'yatak odası', 'A2', NULL) ON CONFLICT (id) DO NOTHING;
INSERT INTO word_sentences (word_id, estonian, english, turkish, sort_order) VALUES ('a2-magamistuba', 'Korteris on köök, elutuba ja magamistuba.', 'Korteris on köök, elutuba ja magamistuba.', 'Dairede mutfak, oturma odası ve yatak odası var.', 0);
INSERT INTO word_sentences (word_id, estonian, english, turkish, sort_order) VALUES ('a2-magamistuba', 'Magamistoas on lai voodi.', 'Magamistoas on lai voodi.', 'Yatak odasında geniş bir yatak var.', 1);
-- B1: 254 words
INSERT INTO words (id, estonian, english, turkish, cefr_level, image_query) VALUES ('b1-vabadus', 'vabadus', 'freedom', 'özgürlük', 'B1', NULL) ON CONFLICT (id) DO NOTHING;
INSERT INTO word_sentences (word_id, estonian, english, turkish, sort_order) VALUES ('b1-vabadus', 'Vabadus on iga inimese põhiõigus.', 'Freedom is a fundamental right of every person.', 'Özgürlük her insanın temel hakkıdır.', 0);
INSERT INTO words (id, estonian, english, turkish, cefr_level, image_query) VALUES ('b1-õnn', 'õnn', 'happiness / luck', 'mutluluk / şans', 'B1', NULL) ON CONFLICT (id) DO NOTHING;
INSERT INTO word_sentences (word_id, estonian, english, turkish, sort_order) VALUES ('b1-õnn', 'Õnn ei sõltu ainult rahast.', 'Happiness does not depend only on money.', 'Mutluluk sadece paraya bağlı değildir.', 0);
INSERT INTO words (id, estonian, english, turkish, cefr_level, image_query) VALUES ('b1-kogemus', 'kogemus', 'experience', 'deneyim', 'B1', NULL) ON CONFLICT (id) DO NOTHING;
INSERT INTO word_sentences (word_id, estonian, english, turkish, sort_order) VALUES ('b1-kogemus', 'Tal on palju töökogemust.', 'He has a lot of work experience.', 'Çok fazla iş deneyimi var.', 0);
INSERT INTO words (id, estonian, english, turkish, cefr_level, image_query) VALUES ('b1-arvamus', 'arvamus', 'opinion', 'görüş', 'B1', NULL) ON CONFLICT (id) DO NOTHING;
INSERT INTO word_sentences (word_id, estonian, english, turkish, sort_order) VALUES ('b1-arvamus', 'Mis on sinu arvamus selle kohta?', 'What is your opinion about this?', 'Bu konudaki görüşün ne?', 0);
INSERT INTO words (id, estonian, english, turkish, cefr_level, image_query) VALUES ('b1-mõju', 'mõju', 'influence / impact', 'etki', 'B1', NULL) ON CONFLICT (id) DO NOTHING;
INSERT INTO word_sentences (word_id, estonian, english, turkish, sort_order) VALUES ('b1-mõju', 'Sotsiaalmeedia mõju noortele on suur.', 'The impact of social media on young people is great.', 'Sosyal medyanın gençler üzerindeki etkisi büyüktür.', 0);
INSERT INTO words (id, estonian, english, turkish, cefr_level, image_query) VALUES ('b1-tähendus', 'tähendus', 'meaning', 'anlam', 'B1', NULL) ON CONFLICT (id) DO NOTHING;
INSERT INTO word_sentences (word_id, estonian, english, turkish, sort_order) VALUES ('b1-tähendus', 'Mis on selle sõna tähendus?', 'What is the meaning of this word?', 'Bu kelimenin anlamı ne?', 0);
INSERT INTO words (id, estonian, english, turkish, cefr_level, image_query) VALUES ('b1-võimalus', 'võimalus', 'opportunity / possibility', 'fırsat / olasılık', 'B1', NULL) ON CONFLICT (id) DO NOTHING;
INSERT INTO word_sentences (word_id, estonian, english, turkish, sort_order) VALUES ('b1-võimalus', 'See on suurepärane võimalus õppida.', 'This is an excellent opportunity to learn.', 'Bu, öğrenmek için harika bir fırsat.', 0);
INSERT INTO words (id, estonian, english, turkish, cefr_level, image_query) VALUES ('b1-ühiskond', 'ühiskond', 'society', 'toplum', 'B1', NULL) ON CONFLICT (id) DO NOTHING;
INSERT INTO word_sentences (word_id, estonian, english, turkish, sort_order) VALUES ('b1-ühiskond', 'Ühiskond muutub pidevalt.', 'Society is constantly changing.', 'Toplum sürekli değişiyor.', 0);
INSERT INTO words (id, estonian, english, turkish, cefr_level, image_query) VALUES ('b1-kultuur', 'kultuur', 'culture', 'kültür', 'B1', NULL) ON CONFLICT (id) DO NOTHING;
INSERT INTO word_sentences (word_id, estonian, english, turkish, sort_order) VALUES ('b1-kultuur', 'Eesti kultuur on rikas ja mitmekesine.', 'Estonian culture is rich and diverse.', 'Estonya kültürü zengin ve çeşitlidir.', 0);
INSERT INTO words (id, estonian, english, turkish, cefr_level, image_query) VALUES ('b1-sündmus', 'sündmus', 'event', 'etkinlik / olay', 'B1', NULL) ON CONFLICT (id) DO NOTHING;
INSERT INTO word_sentences (word_id, estonian, english, turkish, sort_order) VALUES ('b1-sündmus', 'See oli aasta tähtsaim sündmus.', 'This was the most important event of the year.', 'Bu, yılın en önemli olayıydı.', 0);
INSERT INTO words (id, estonian, english, turkish, cefr_level, image_query) VALUES ('b1-eesmärk', 'eesmärk', 'goal / objective', 'hedef / amaç', 'B1', NULL) ON CONFLICT (id) DO NOTHING;
INSERT INTO word_sentences (word_id, estonian, english, turkish, sort_order) VALUES ('b1-eesmärk', 'Minu eesmärk on eesti keelt selgeks saada.', 'My goal is to learn Estonian well.', 'Hedefim Estonca''yı iyi öğrenmek.', 0);
INSERT INTO words (id, estonian, english, turkish, cefr_level, image_query) VALUES ('b1-põhjus', 'põhjus', 'reason / cause', 'sebep / neden', 'B1', NULL) ON CONFLICT (id) DO NOTHING;
INSERT INTO word_sentences (word_id, estonian, english, turkish, sort_order) VALUES ('b1-põhjus', 'Mis on selle otsuse põhjus?', 'What is the reason for this decision?', 'Bu kararın sebebi ne?', 0);
INSERT INTO words (id, estonian, english, turkish, cefr_level, image_query) VALUES ('b1-tagajärg', 'tagajärg', 'consequence', 'sonuç', 'B1', NULL) ON CONFLICT (id) DO NOTHING;
INSERT INTO word_sentences (word_id, estonian, english, turkish, sort_order) VALUES ('b1-tagajärg', 'Iga teol on oma tagajärg.', 'Every action has its consequence.', 'Her eylemin bir sonucu vardır.', 0);
INSERT INTO words (id, estonian, english, turkish, cefr_level, image_query) VALUES ('b1-olukord', 'olukord', 'situation', 'durum', 'B1', NULL) ON CONFLICT (id) DO NOTHING;
INSERT INTO word_sentences (word_id, estonian, english, turkish, sort_order) VALUES ('b1-olukord', 'Olukord on keeruline, aga mitte lootusetu.', 'The situation is complicated but not hopeless.', 'Durum karmaşık ama umutsuz değil.', 0);
INSERT INTO words (id, estonian, english, turkish, cefr_level, image_query) VALUES ('b1-suhe', 'suhe', 'relationship', 'ilişki', 'B1', NULL) ON CONFLICT (id) DO NOTHING;
INSERT INTO word_sentences (word_id, estonian, english, turkish, sort_order) VALUES ('b1-suhe', 'Hea suhe põhineb usaldusel.', 'A good relationship is based on trust.', 'İyi bir ilişki güvene dayanır.', 0);
INSERT INTO words (id, estonian, english, turkish, cefr_level, image_query) VALUES ('b1-usaldus', 'usaldus', 'trust', 'güven', 'B1', NULL) ON CONFLICT (id) DO NOTHING;
INSERT INTO word_sentences (word_id, estonian, english, turkish, sort_order) VALUES ('b1-usaldus', 'Usaldus tuleb aja jooksul.', 'Trust comes over time.', 'Güven zamanla gelir.', 0);
INSERT INTO words (id, estonian, english, turkish, cefr_level, image_query) VALUES ('b1-koosolek', 'koosolek', 'meeting', 'toplantı', 'B1', NULL) ON CONFLICT (id) DO NOTHING;
INSERT INTO word_sentences (word_id, estonian, english, turkish, sort_order) VALUES ('b1-koosolek', 'Koosolek algab kell kümme.', 'The meeting starts at ten o''clock.', 'Toplantı saat onda başlıyor.', 0);
INSERT INTO words (id, estonian, english, turkish, cefr_level, image_query) VALUES ('b1-palk', 'palk', 'salary / wage', 'maaş', 'B1', NULL) ON CONFLICT (id) DO NOTHING;
INSERT INTO word_sentences (word_id, estonian, english, turkish, sort_order) VALUES ('b1-palk', 'Ta sai palgatõusu.', 'He got a salary raise.', 'Maaş zammı aldı.', 0);
INSERT INTO words (id, estonian, english, turkish, cefr_level, image_query) VALUES ('b1-leping', 'leping', 'contract / agreement', 'sözleşme / anlaşma', 'B1', NULL) ON CONFLICT (id) DO NOTHING;
INSERT INTO word_sentences (word_id, estonian, english, turkish, sort_order) VALUES ('b1-leping', 'Me sõlmisime uue lepingu.', 'We signed a new contract.', 'Yeni bir sözleşme imzaladık.', 0);
INSERT INTO words (id, estonian, english, turkish, cefr_level, image_query) VALUES ('b1-ettevõte', 'ettevõte', 'company / enterprise', 'şirket', 'B1', NULL) ON CONFLICT (id) DO NOTHING;
INSERT INTO word_sentences (word_id, estonian, english, turkish, sort_order) VALUES ('b1-ettevõte', 'See ettevõte annab tööd sajale inimesele.', 'This company employs a hundred people.', 'Bu şirket yüz kişiye istihdam sağlıyor.', 0);
INSERT INTO words (id, estonian, english, turkish, cefr_level, image_query) VALUES ('b1-tööandja', 'tööandja', 'employer', 'işveren', 'B1', NULL) ON CONFLICT (id) DO NOTHING;
INSERT INTO word_sentences (word_id, estonian, english, turkish, sort_order) VALUES ('b1-tööandja', 'Tööandja peab tagama turvalise töökeskkonna.', 'The employer must ensure a safe working environment.', 'İşveren güvenli bir çalışma ortamı sağlamalıdır.', 0);
INSERT INTO words (id, estonian, english, turkish, cefr_level, image_query) VALUES ('b1-töötaja', 'töötaja', 'employee', 'çalışan', 'B1', NULL) ON CONFLICT (id) DO NOTHING;
INSERT INTO word_sentences (word_id, estonian, english, turkish, sort_order) VALUES ('b1-töötaja', 'Ettevõttel on viiskümmend töötajat.', 'The company has fifty employees.', 'Şirketin elli çalışanı var.', 0);
INSERT INTO words (id, estonian, english, turkish, cefr_level, image_query) VALUES ('b1-karjäär', 'karjäär', 'career', 'kariyer', 'B1', NULL) ON CONFLICT (id) DO NOTHING;
INSERT INTO word_sentences (word_id, estonian, english, turkish, sort_order) VALUES ('b1-karjäär', 'Ta alustas oma karjääri õpetajana.', 'She started her career as a teacher.', 'Kariyerine öğretmen olarak başladı.', 0);
INSERT INTO words (id, estonian, english, turkish, cefr_level, image_query) VALUES ('b1-projekt', 'projekt', 'project', 'proje', 'B1', NULL) ON CONFLICT (id) DO NOTHING;
INSERT INTO word_sentences (word_id, estonian, english, turkish, sort_order) VALUES ('b1-projekt', 'See projekt kestab kolm kuud.', 'This project lasts three months.', 'Bu proje üç ay sürüyor.', 0);
INSERT INTO words (id, estonian, english, turkish, cefr_level, image_query) VALUES ('b1-juhtimine', 'juhtimine', 'management / leadership', 'yönetim / liderlik', 'B1', NULL) ON CONFLICT (id) DO NOTHING;
INSERT INTO word_sentences (word_id, estonian, english, turkish, sort_order) VALUES ('b1-juhtimine', 'Hea juhtimine on ettevõtte edu alus.', 'Good management is the foundation of a company''s success.', 'İyi yönetim, bir şirketin başarısının temelidir.', 0);
INSERT INTO words (id, estonian, english, turkish, cefr_level, image_query) VALUES ('b1-kolleeg', 'kolleeg', 'colleague', 'iş arkadaşı', 'B1', NULL) ON CONFLICT (id) DO NOTHING;
INSERT INTO word_sentences (word_id, estonian, english, turkish, sort_order) VALUES ('b1-kolleeg', 'Mu kolleeg aitab mind alati.', 'My colleague always helps me.', 'İş arkadaşım bana her zaman yardım eder.', 0);
INSERT INTO words (id, estonian, english, turkish, cefr_level, image_query) VALUES ('b1-töövestlus', 'töövestlus', 'job interview', 'iş görüşmesi', 'B1', NULL) ON CONFLICT (id) DO NOTHING;
INSERT INTO word_sentences (word_id, estonian, english, turkish, sort_order) VALUES ('b1-töövestlus', 'Mul on homme töövestlus.', 'I have a job interview tomorrow.', 'Yarın iş görüşmem var.', 0);
INSERT INTO words (id, estonian, english, turkish, cefr_level, image_query) VALUES ('b1-ülikool', 'ülikool', 'university', 'üniversite', 'B1', NULL) ON CONFLICT (id) DO NOTHING;
INSERT INTO word_sentences (word_id, estonian, english, turkish, sort_order) VALUES ('b1-ülikool', 'Ta õpib Tartu Ülikoolis.', 'She studies at the University of Tartu.', 'Tartu Üniversitesinde okuyor.', 0);
INSERT INTO words (id, estonian, english, turkish, cefr_level, image_query) VALUES ('b1-eksam', 'eksam', 'exam', 'sınav', 'B1', NULL) ON CONFLICT (id) DO NOTHING;
INSERT INTO word_sentences (word_id, estonian, english, turkish, sort_order) VALUES ('b1-eksam', 'Eksam oli raskem, kui ma arvasin.', 'The exam was harder than I thought.', 'Sınav düşündüğümden daha zordu.', 0);
INSERT INTO words (id, estonian, english, turkish, cefr_level, image_query) VALUES ('b1-teadus', 'teadus', 'science', 'bilim', 'B1', NULL) ON CONFLICT (id) DO NOTHING;
INSERT INTO word_sentences (word_id, estonian, english, turkish, sort_order) VALUES ('b1-teadus', 'Teadus aitab meil maailma mõista.', 'Science helps us understand the world.', 'Bilim dünyayı anlamamıza yardımcı olur.', 0);
INSERT INTO words (id, estonian, english, turkish, cefr_level, image_query) VALUES ('b1-uurimus', 'uurimus', 'research / study', 'araştırma', 'B1', NULL) ON CONFLICT (id) DO NOTHING;
INSERT INTO word_sentences (word_id, estonian, english, turkish, sort_order) VALUES ('b1-uurimus', 'Uurimus näitas huvitavaid tulemusi.', 'The study showed interesting results.', 'Araştırma ilginç sonuçlar ortaya koydu.', 0);
INSERT INTO words (id, estonian, english, turkish, cefr_level, image_query) VALUES ('b1-haridus', 'haridus', 'education', 'eğitim', 'B1', NULL) ON CONFLICT (id) DO NOTHING;
INSERT INTO word_sentences (word_id, estonian, english, turkish, sort_order) VALUES ('b1-haridus', 'Haridus on tuleviku võti.', 'Education is the key to the future.', 'Eğitim geleceğin anahtarıdır.', 0);
INSERT INTO words (id, estonian, english, turkish, cefr_level, image_query) VALUES ('b1-kraad', 'kraad', 'degree', 'derece / diploma', 'B1', NULL) ON CONFLICT (id) DO NOTHING;
INSERT INTO word_sentences (word_id, estonian, english, turkish, sort_order) VALUES ('b1-kraad', 'Tal on magistrikraad.', 'She has a master''s degree.', 'Yüksek lisans diploması var.', 0);
INSERT INTO words (id, estonian, english, turkish, cefr_level, image_query) VALUES ('b1-loeng', 'loeng', 'lecture', 'ders / konferans', 'B1', NULL) ON CONFLICT (id) DO NOTHING;
INSERT INTO word_sentences (word_id, estonian, english, turkish, sort_order) VALUES ('b1-loeng', 'Loeng kestab poolteist tundi.', 'The lecture lasts one and a half hours.', 'Ders bir buçuk saat sürüyor.', 0);
INSERT INTO words (id, estonian, english, turkish, cefr_level, image_query) VALUES ('b1-stipendium', 'stipendium', 'scholarship', 'burs', 'B1', NULL) ON CONFLICT (id) DO NOTHING;
INSERT INTO word_sentences (word_id, estonian, english, turkish, sort_order) VALUES ('b1-stipendium', 'Ta sai stipendiumi välismaal õppimiseks.', 'She received a scholarship to study abroad.', 'Yurt dışında okumak için burs aldı.', 0);
INSERT INTO words (id, estonian, english, turkish, cefr_level, image_query) VALUES ('b1-teadlane', 'teadlane', 'scientist', 'bilim insanı', 'B1', NULL) ON CONFLICT (id) DO NOTHING;
INSERT INTO word_sentences (word_id, estonian, english, turkish, sort_order) VALUES ('b1-teadlane', 'Teadlased avastasid uue liigi.', 'Scientists discovered a new species.', 'Bilim insanları yeni bir tür keşfetti.', 0);
INSERT INTO words (id, estonian, english, turkish, cefr_level, image_query) VALUES ('b1-arvuti', 'arvuti', 'computer', 'bilgisayar', 'B1', NULL) ON CONFLICT (id) DO NOTHING;
INSERT INTO word_sentences (word_id, estonian, english, turkish, sort_order) VALUES ('b1-arvuti', 'Ma pean arvuti parandama laskma.', 'I need to have the computer repaired.', 'Bilgisayarı tamir ettirmem gerekiyor.', 0);
INSERT INTO words (id, estonian, english, turkish, cefr_level, image_query) VALUES ('b1-internet', 'internet', 'internet', 'internet', 'B1', NULL) ON CONFLICT (id) DO NOTHING;
INSERT INTO word_sentences (word_id, estonian, english, turkish, sort_order) VALUES ('b1-internet', 'Eestis on kiire internetiühendus.', 'Estonia has a fast internet connection.', 'Estonya''da hızlı internet bağlantısı var.', 0);
INSERT INTO words (id, estonian, english, turkish, cefr_level, image_query) VALUES ('b1-uudised', 'uudised', 'news', 'haberler', 'B1', NULL) ON CONFLICT (id) DO NOTHING;
INSERT INTO word_sentences (word_id, estonian, english, turkish, sort_order) VALUES ('b1-uudised', 'Ma loen uudiseid iga hommik.', 'I read the news every morning.', 'Her sabah haberleri okurum.', 0);
INSERT INTO words (id, estonian, english, turkish, cefr_level, image_query) VALUES ('b1-ajakiri', 'ajakiri', 'magazine', 'dergi', 'B1', NULL) ON CONFLICT (id) DO NOTHING;
INSERT INTO word_sentences (word_id, estonian, english, turkish, sort_order) VALUES ('b1-ajakiri', 'See ajakiri ilmub kord kuus.', 'This magazine is published once a month.', 'Bu dergi ayda bir yayımlanır.', 0);
INSERT INTO words (id, estonian, english, turkish, cefr_level, image_query) VALUES ('b1-ajaleht', 'ajaleht', 'newspaper', 'gazete', 'B1', NULL) ON CONFLICT (id) DO NOTHING;
INSERT INTO word_sentences (word_id, estonian, english, turkish, sort_order) VALUES ('b1-ajaleht', 'Ajaleht kirjutas sellest sündmusest.', 'The newspaper wrote about this event.', 'Gazete bu olayı yazdı.', 0);
INSERT INTO words (id, estonian, english, turkish, cefr_level, image_query) VALUES ('b1-veebileht', 'veebileht', 'website', 'web sitesi', 'B1', NULL) ON CONFLICT (id) DO NOTHING;
INSERT INTO word_sentences (word_id, estonian, english, turkish, sort_order) VALUES ('b1-veebileht', 'Vaata meie veebilehte lisainfo saamiseks.', 'Check our website for more information.', 'Daha fazla bilgi için web sitemize bakın.', 0);
INSERT INTO words (id, estonian, english, turkish, cefr_level, image_query) VALUES ('b1-rakendus', 'rakendus', 'application / app', 'uygulama', 'B1', NULL) ON CONFLICT (id) DO NOTHING;
INSERT INTO word_sentences (word_id, estonian, english, turkish, sort_order) VALUES ('b1-rakendus', 'See rakendus aitab keelt õppida.', 'This app helps to learn a language.', 'Bu uygulama dil öğrenmeye yardımcı olur.', 0);
INSERT INTO words (id, estonian, english, turkish, cefr_level, image_query) VALUES ('b1-parool', 'parool', 'password', 'şifre', 'B1', NULL) ON CONFLICT (id) DO NOTHING;
INSERT INTO word_sentences (word_id, estonian, english, turkish, sort_order) VALUES ('b1-parool', 'Ära jaga oma parooli kellegagi.', 'Don''t share your password with anyone.', 'Şifreni kimseyle paylaşma.', 0);
INSERT INTO words (id, estonian, english, turkish, cefr_level, image_query) VALUES ('b1-valitsus', 'valitsus', 'government', 'hükümet', 'B1', NULL) ON CONFLICT (id) DO NOTHING;
INSERT INTO word_sentences (word_id, estonian, english, turkish, sort_order) VALUES ('b1-valitsus', 'Valitsus võttis vastu uue seaduse.', 'The government passed a new law.', 'Hükümet yeni bir yasa çıkardı.', 0);
INSERT INTO words (id, estonian, english, turkish, cefr_level, image_query) VALUES ('b1-seadus', 'seadus', 'law', 'yasa / kanun', 'B1', NULL) ON CONFLICT (id) DO NOTHING;
INSERT INTO word_sentences (word_id, estonian, english, turkish, sort_order) VALUES ('b1-seadus', 'Kõik peavad seadust järgima.', 'Everyone must follow the law.', 'Herkes yasalara uymak zorundadır.', 0);
INSERT INTO words (id, estonian, english, turkish, cefr_level, image_query) VALUES ('b1-valimine', 'valimine', 'election', 'seçim', 'B1', NULL) ON CONFLICT (id) DO NOTHING;
INSERT INTO word_sentences (word_id, estonian, english, turkish, sort_order) VALUES ('b1-valimine', 'Valimised toimuvad märtsis.', 'The elections take place in March.', 'Seçimler mart ayında yapılıyor.', 0);
INSERT INTO words (id, estonian, english, turkish, cefr_level, image_query) VALUES ('b1-kodanik', 'kodanik', 'citizen', 'vatandaş', 'B1', NULL) ON CONFLICT (id) DO NOTHING;
INSERT INTO word_sentences (word_id, estonian, english, turkish, sort_order) VALUES ('b1-kodanik', 'Iga kodanik saab valimistel hääletada.', 'Every citizen can vote in elections.', 'Her vatandaş seçimlerde oy kullanabilir.', 0);
INSERT INTO words (id, estonian, english, turkish, cefr_level, image_query) VALUES ('b1-poliitika', 'poliitika', 'politics / policy', 'siyaset / politika', 'B1', NULL) ON CONFLICT (id) DO NOTHING;
INSERT INTO word_sentences (word_id, estonian, english, turkish, sort_order) VALUES ('b1-poliitika', 'Poliitika mõjutab meie igapäevaelu.', 'Politics affects our daily life.', 'Siyaset günlük hayatımızı etkiler.', 0);
INSERT INTO words (id, estonian, english, turkish, cefr_level, image_query) VALUES ('b1-demokraatia', 'demokraatia', 'democracy', 'demokrasi', 'B1', NULL) ON CONFLICT (id) DO NOTHING;
INSERT INTO word_sentences (word_id, estonian, english, turkish, sort_order) VALUES ('b1-demokraatia', 'Eesti on demokraatlik riik.', 'Estonia is a democratic country.', 'Estonya demokratik bir ülkedir.', 0);
INSERT INTO words (id, estonian, english, turkish, cefr_level, image_query) VALUES ('b1-õigus', 'õigus', 'right / law', 'hak / hukuk', 'B1', NULL) ON CONFLICT (id) DO NOTHING;
INSERT INTO word_sentences (word_id, estonian, english, turkish, sort_order) VALUES ('b1-õigus', 'Igal inimesel on õigus haridusele.', 'Every person has the right to education.', 'Her insanın eğitim hakkı vardır.', 0);
INSERT INTO words (id, estonian, english, turkish, cefr_level, image_query) VALUES ('b1-kohus', 'kohus', 'court', 'mahkeme', 'B1', NULL) ON CONFLICT (id) DO NOTHING;
INSERT INTO word_sentences (word_id, estonian, english, turkish, sort_order) VALUES ('b1-kohus', 'Kohus tegi otsuse eile.', 'The court made a decision yesterday.', 'Mahkeme dün karar verdi.', 0);
INSERT INTO words (id, estonian, english, turkish, cefr_level, image_query) VALUES ('b1-president', 'president', 'president', 'cumhurbaşkanı', 'B1', NULL) ON CONFLICT (id) DO NOTHING;
INSERT INTO word_sentences (word_id, estonian, english, turkish, sort_order) VALUES ('b1-president', 'President pidas kõne rahvale.', 'The president gave a speech to the nation.', 'Cumhurbaşkanı halka bir konuşma yaptı.', 0);
INSERT INTO words (id, estonian, english, turkish, cefr_level, image_query) VALUES ('b1-maksud', 'maksud', 'taxes', 'vergiler', 'B1', NULL) ON CONFLICT (id) DO NOTHING;
INSERT INTO word_sentences (word_id, estonian, english, turkish, sort_order) VALUES ('b1-maksud', 'Maksud on vajalikud avalike teenuste jaoks.', 'Taxes are necessary for public services.', 'Vergiler kamu hizmetleri için gereklidir.', 0);
INSERT INTO words (id, estonian, english, turkish, cefr_level, image_query) VALUES ('b1-keskkond', 'keskkond', 'environment', 'çevre', 'B1', NULL) ON CONFLICT (id) DO NOTHING;
INSERT INTO word_sentences (word_id, estonian, english, turkish, sort_order) VALUES ('b1-keskkond', 'Me peame keskkonda kaitsma.', 'We must protect the environment.', 'Çevreyi korumalıyız.', 0);
INSERT INTO words (id, estonian, english, turkish, cefr_level, image_query) VALUES ('b1-saaste', 'saaste', 'pollution', 'kirlilik', 'B1', NULL) ON CONFLICT (id) DO NOTHING;
INSERT INTO word_sentences (word_id, estonian, english, turkish, sort_order) VALUES ('b1-saaste', 'Õhusaaste on linnades suur probleem.', 'Air pollution is a big problem in cities.', 'Hava kirliliği şehirlerde büyük bir sorundur.', 0);
INSERT INTO words (id, estonian, english, turkish, cefr_level, image_query) VALUES ('b1-energia', 'energia', 'energy', 'enerji', 'B1', NULL) ON CONFLICT (id) DO NOTHING;
INSERT INTO word_sentences (word_id, estonian, english, turkish, sort_order) VALUES ('b1-energia', 'Tuuleenergia on taastuv energiaallikas.', 'Wind energy is a renewable energy source.', 'Rüzgar enerjisi yenilenebilir bir enerji kaynağıdır.', 0);
INSERT INTO words (id, estonian, english, turkish, cefr_level, image_query) VALUES ('b1-taaskasutus', 'taaskasutus', 'recycling', 'geri dönüşüm', 'B1', NULL) ON CONFLICT (id) DO NOTHING;
INSERT INTO word_sentences (word_id, estonian, english, turkish, sort_order) VALUES ('b1-taaskasutus', 'Taaskasutus aitab vähendada prügi hulka.', 'Recycling helps reduce the amount of waste.', 'Geri dönüşüm çöp miktarını azaltmaya yardımcı olur.', 0);
INSERT INTO words (id, estonian, english, turkish, cefr_level, image_query) VALUES ('b1-loodus', 'loodus', 'nature', 'doğa', 'B1', NULL) ON CONFLICT (id) DO NOTHING;
INSERT INTO word_sentences (word_id, estonian, english, turkish, sort_order) VALUES ('b1-loodus', 'Eesti loodus on ilus ja puutumatu.', 'Estonian nature is beautiful and untouched.', 'Estonya''nın doğası güzel ve el değmemiştir.', 0);
INSERT INTO words (id, estonian, english, turkish, cefr_level, image_query) VALUES ('b1-kliimamuutus', 'kliimamuutus', 'climate change', 'iklim değişikliği', 'B1', NULL) ON CONFLICT (id) DO NOTHING;
INSERT INTO word_sentences (word_id, estonian, english, turkish, sort_order) VALUES ('b1-kliimamuutus', 'Kliimamuutus mõjutab kogu maailma.', 'Climate change affects the whole world.', 'İklim değişikliği tüm dünyayı etkiliyor.', 0);
INSERT INTO words (id, estonian, english, turkish, cefr_level, image_query) VALUES ('b1-jäätmed', 'jäätmed', 'waste', 'atık', 'B1', NULL) ON CONFLICT (id) DO NOTHING;
INSERT INTO word_sentences (word_id, estonian, english, turkish, sort_order) VALUES ('b1-jäätmed', 'Jäätmeid tuleb sorteerida.', 'Waste must be sorted.', 'Atıklar ayrıştırılmalıdır.', 0);
INSERT INTO words (id, estonian, english, turkish, cefr_level, image_query) VALUES ('b1-kaitsma', 'kaitsma', 'to protect', 'korumak', 'B1', NULL) ON CONFLICT (id) DO NOTHING;
INSERT INTO word_sentences (word_id, estonian, english, turkish, sort_order) VALUES ('b1-kaitsma', 'Me peame ohustatud liike kaitsma.', 'We must protect endangered species.', 'Nesli tükenmekte olan türleri korumalıyız.', 0);
INSERT INTO words (id, estonian, english, turkish, cefr_level, image_query) VALUES ('b1-tervis', 'tervis', 'health', 'sağlık', 'B1', NULL) ON CONFLICT (id) DO NOTHING;
INSERT INTO word_sentences (word_id, estonian, english, turkish, sort_order) VALUES ('b1-tervis', 'Tervis on kõige tähtsam.', 'Health is the most important thing.', 'Sağlık en önemli şeydir.', 0);
INSERT INTO words (id, estonian, english, turkish, cefr_level, image_query) VALUES ('b1-ravi', 'ravi', 'treatment / therapy', 'tedavi', 'B1', NULL) ON CONFLICT (id) DO NOTHING;
INSERT INTO word_sentences (word_id, estonian, english, turkish, sort_order) VALUES ('b1-ravi', 'Ravi kestab mitu nädalat.', 'The treatment lasts several weeks.', 'Tedavi birkaç hafta sürüyor.', 0);
INSERT INTO words (id, estonian, english, turkish, cefr_level, image_query) VALUES ('b1-operatsioon', 'operatsioon', 'operation / surgery', 'ameliyat', 'B1', NULL) ON CONFLICT (id) DO NOTHING;
INSERT INTO word_sentences (word_id, estonian, english, turkish, sort_order) VALUES ('b1-operatsioon', 'Operatsioon õnnestus hästi.', 'The operation went well.', 'Ameliyat başarılı geçti.', 0);
INSERT INTO words (id, estonian, english, turkish, cefr_level, image_query) VALUES ('b1-allergia', 'allergia', 'allergy', 'alerji', 'B1', NULL) ON CONFLICT (id) DO NOTHING;
INSERT INTO word_sentences (word_id, estonian, english, turkish, sort_order) VALUES ('b1-allergia', 'Tal on allergia tolmu vastu.', 'He has an allergy to dust.', 'Toza karşı alerjisi var.', 0);
INSERT INTO words (id, estonian, english, turkish, cefr_level, image_query) VALUES ('b1-diagnoos', 'diagnoos', 'diagnosis', 'teşhis / tanı', 'B1', NULL) ON CONFLICT (id) DO NOTHING;
INSERT INTO word_sentences (word_id, estonian, english, turkish, sort_order) VALUES ('b1-diagnoos', 'Arst pani diagnoosi kiiresti.', 'The doctor made the diagnosis quickly.', 'Doktor hızlıca teşhis koydu.', 0);
INSERT INTO words (id, estonian, english, turkish, cefr_level, image_query) VALUES ('b1-vaktsiin', 'vaktsiin', 'vaccine', 'aşı', 'B1', NULL) ON CONFLICT (id) DO NOTHING;
INSERT INTO word_sentences (word_id, estonian, english, turkish, sort_order) VALUES ('b1-vaktsiin', 'Vaktsiin kaitseb haiguste eest.', 'The vaccine protects against diseases.', 'Aşı hastalıklara karşı korur.', 0);
INSERT INTO words (id, estonian, english, turkish, cefr_level, image_query) VALUES ('b1-stress', 'stress', 'stress', 'stres', 'B1', NULL) ON CONFLICT (id) DO NOTHING;
INSERT INTO word_sentences (word_id, estonian, english, turkish, sort_order) VALUES ('b1-stress', 'Liigne stress kahjustab tervist.', 'Excessive stress damages health.', 'Aşırı stres sağlığa zarar verir.', 0);
INSERT INTO words (id, estonian, english, turkish, cefr_level, image_query) VALUES ('b1-toitumine', 'toitumine', 'nutrition / diet', 'beslenme', 'B1', NULL) ON CONFLICT (id) DO NOTHING;
INSERT INTO word_sentences (word_id, estonian, english, turkish, sort_order) VALUES ('b1-toitumine', 'Õige toitumine on tervise alus.', 'Proper nutrition is the basis of health.', 'Doğru beslenme sağlığın temelidir.', 0);
INSERT INTO words (id, estonian, english, turkish, cefr_level, image_query) VALUES ('b1-retsept', 'retsept', 'recipe / prescription', 'tarif / reçete', 'B1', NULL) ON CONFLICT (id) DO NOTHING;
INSERT INTO word_sentences (word_id, estonian, english, turkish, sort_order) VALUES ('b1-retsept', 'See retsept on mu vanaemalt.', 'This recipe is from my grandmother.', 'Bu tarif büyükannemden kalma.', 0);
INSERT INTO words (id, estonian, english, turkish, cefr_level, image_query) VALUES ('b1-praadima', 'praadima', 'to fry', 'kızartmak', 'B1', NULL) ON CONFLICT (id) DO NOTHING;
INSERT INTO word_sentences (word_id, estonian, english, turkish, sort_order) VALUES ('b1-praadima', 'Praadi sibulat, kuni see on kuldne.', 'Fry the onion until it is golden.', 'Soğanı altın rengi olana kadar kızart.', 0);
INSERT INTO words (id, estonian, english, turkish, cefr_level, image_query) VALUES ('b1-küpsetama', 'küpsetama', 'to bake', 'fırında pişirmek', 'B1', NULL) ON CONFLICT (id) DO NOTHING;
INSERT INTO word_sentences (word_id, estonian, english, turkish, sort_order) VALUES ('b1-küpsetama', 'Ma küpsetan laupäeviti leiba.', 'I bake bread on Saturdays.', 'Cumartesi günleri ekmek pişiririm.', 0);
INSERT INTO words (id, estonian, english, turkish, cefr_level, image_query) VALUES ('b1-maitsev', 'maitsev', 'tasty / delicious', 'lezzetli', 'B1', NULL) ON CONFLICT (id) DO NOTHING;
INSERT INTO word_sentences (word_id, estonian, english, turkish, sort_order) VALUES ('b1-maitsev', 'See supp on väga maitsev.', 'This soup is very tasty.', 'Bu çorba çok lezzetli.', 0);
INSERT INTO words (id, estonian, english, turkish, cefr_level, image_query) VALUES ('b1-koostisosa', 'koostisosa', 'ingredient', 'malzeme', 'B1', NULL) ON CONFLICT (id) DO NOTHING;
INSERT INTO word_sentences (word_id, estonian, english, turkish, sort_order) VALUES ('b1-koostisosa', 'Milliseid koostisosi sul vaja on?', 'What ingredients do you need?', 'Hangi malzemelere ihtiyacın var?', 0);
INSERT INTO words (id, estonian, english, turkish, cefr_level, image_query) VALUES ('b1-keetma', 'keetma', 'to boil / to cook', 'kaynatmak / pişirmek', 'B1', NULL) ON CONFLICT (id) DO NOTHING;
INSERT INTO word_sentences (word_id, estonian, english, turkish, sort_order) VALUES ('b1-keetma', 'Keeda kartuleid kakskümmend minutit.', 'Boil the potatoes for twenty minutes.', 'Patatesleri yirmi dakika kaynat.', 0);
INSERT INTO words (id, estonian, english, turkish, cefr_level, image_query) VALUES ('b1-segama', 'segama', 'to mix / to stir', 'karıştırmak', 'B1', NULL) ON CONFLICT (id) DO NOTHING;
INSERT INTO word_sentences (word_id, estonian, english, turkish, sort_order) VALUES ('b1-segama', 'Sega taignast ühtlaseks.', 'Mix the dough until smooth.', 'Hamuru pürüzsüz olana kadar karıştır.', 0);
INSERT INTO words (id, estonian, english, turkish, cefr_level, image_query) VALUES ('b1-vürts', 'vürts', 'spice', 'baharat', 'B1', NULL) ON CONFLICT (id) DO NOTHING;
INSERT INTO word_sentences (word_id, estonian, english, turkish, sort_order) VALUES ('b1-vürts', 'Lisa vürtse oma maitse järgi.', 'Add spices according to your taste.', 'Damak zevkine göre baharat ekle.', 0);
INSERT INTO words (id, estonian, english, turkish, cefr_level, image_query) VALUES ('b1-uhke', 'uhke', 'proud', 'gururlu', 'B1', NULL) ON CONFLICT (id) DO NOTHING;
INSERT INTO word_sentences (word_id, estonian, english, turkish, sort_order) VALUES ('b1-uhke', 'Ta on oma saavutuste üle uhke.', 'She is proud of her achievements.', 'Başarılarıyla gurur duyuyor.', 0);
INSERT INTO words (id, estonian, english, turkish, cefr_level, image_query) VALUES ('b1-tänulik', 'tänulik', 'grateful', 'minnettar', 'B1', NULL) ON CONFLICT (id) DO NOTHING;
INSERT INTO word_sentences (word_id, estonian, english, turkish, sort_order) VALUES ('b1-tänulik', 'Ma olen väga tänulik sinu abi eest.', 'I am very grateful for your help.', 'Yardımın için çok minnettarım.', 0);
INSERT INTO words (id, estonian, english, turkish, cefr_level, image_query) VALUES ('b1-pettunud', 'pettunud', 'disappointed', 'hayal kırıklığına uğramış', 'B1', NULL) ON CONFLICT (id) DO NOTHING;
INSERT INTO word_sentences (word_id, estonian, english, turkish, sort_order) VALUES ('b1-pettunud', 'Ta oli tulemustes pettunud.', 'She was disappointed with the results.', 'Sonuçlardan hayal kırıklığına uğradı.', 0);
INSERT INTO words (id, estonian, english, turkish, cefr_level, image_query) VALUES ('b1-armukade', 'armukade', 'jealous', 'kıskanç', 'B1', NULL) ON CONFLICT (id) DO NOTHING;
INSERT INTO word_sentences (word_id, estonian, english, turkish, sort_order) VALUES ('b1-armukade', 'Ära ole armukade teiste edu peale.', 'Don''t be jealous of others'' success.', 'Başkalarının başarısını kıskanma.', 0);
INSERT INTO words (id, estonian, english, turkish, cefr_level, image_query) VALUES ('b1-häbelik', 'häbelik', 'shy', 'utangaç', 'B1', NULL) ON CONFLICT (id) DO NOTHING;
INSERT INTO word_sentences (word_id, estonian, english, turkish, sort_order) VALUES ('b1-häbelik', 'Ta on võõraste inimestega häbelik.', 'She is shy around strangers.', 'Yabancıların yanında utangaçtır.', 0);
INSERT INTO words (id, estonian, english, turkish, cefr_level, image_query) VALUES ('b1-rahulolu', 'rahulolu', 'satisfaction', 'memnuniyet', 'B1', NULL) ON CONFLICT (id) DO NOTHING;
INSERT INTO word_sentences (word_id, estonian, english, turkish, sort_order) VALUES ('b1-rahulolu', 'Töö annab talle rahulolu.', 'The work gives her satisfaction.', 'İş ona memnuniyet veriyor.', 0);
INSERT INTO words (id, estonian, english, turkish, cefr_level, image_query) VALUES ('b1-igatsema', 'igatsema', 'to miss / to long for', 'özlemek', 'B1', NULL) ON CONFLICT (id) DO NOTHING;
INSERT INTO word_sentences (word_id, estonian, english, turkish, sort_order) VALUES ('b1-igatsema', 'Ma igatsen oma perekonda.', 'I miss my family.', 'Ailemi özlüyorum.', 0);
INSERT INTO words (id, estonian, english, turkish, cefr_level, image_query) VALUES ('b1-kaastunne', 'kaastunne', 'sympathy / compassion', 'merhamet / başsağlığı', 'B1', NULL) ON CONFLICT (id) DO NOTHING;
INSERT INTO word_sentences (word_id, estonian, english, turkish, sort_order) VALUES ('b1-kaastunne', 'Ta avaldas kaastunnet.', 'She expressed her sympathy.', 'Başsağlığı diledi.', 0);
INSERT INTO words (id, estonian, english, turkish, cefr_level, image_query) VALUES ('b1-arutama', 'arutama', 'to discuss', 'tartışmak / görüşmek', 'B1', NULL) ON CONFLICT (id) DO NOTHING;
INSERT INTO word_sentences (word_id, estonian, english, turkish, sort_order) VALUES ('b1-arutama', 'Me arutasime seda teemat koosolekul.', 'We discussed this topic at the meeting.', 'Bu konuyu toplantıda tartıştık.', 0);
INSERT INTO words (id, estonian, english, turkish, cefr_level, image_query) VALUES ('b1-kavatsema', 'kavatsema', 'to intend / to plan', 'planlamak / niyet etmek', 'B1', NULL) ON CONFLICT (id) DO NOTHING;
INSERT INTO word_sentences (word_id, estonian, english, turkish, sort_order) VALUES ('b1-kavatsema', 'Ma kavatsen suvel reisida.', 'I intend to travel in summer.', 'Yazın seyahat etmeyi planlıyorum.', 0);
INSERT INTO words (id, estonian, english, turkish, cefr_level, image_query) VALUES ('b1-kahtlema', 'kahtlema', 'to doubt', 'şüphe etmek / kuşkulanmak', 'B1', NULL) ON CONFLICT (id) DO NOTHING;
INSERT INTO word_sentences (word_id, estonian, english, turkish, sort_order) VALUES ('b1-kahtlema', 'Ma kahtlen, kas see on hea mõte.', 'I doubt whether this is a good idea.', 'Bunun iyi bir fikir olup olmadığından şüpheliyim.', 0);
INSERT INTO words (id, estonian, english, turkish, cefr_level, image_query) VALUES ('b1-nõustuma', 'nõustuma', 'to agree', 'katılmak / onaylamak', 'B1', NULL) ON CONFLICT (id) DO NOTHING;
INSERT INTO word_sentences (word_id, estonian, english, turkish, sort_order) VALUES ('b1-nõustuma', 'Ma nõustun sinuga täielikult.', 'I completely agree with you.', 'Sana tamamen katılıyorum.', 0);
INSERT INTO words (id, estonian, english, turkish, cefr_level, image_query) VALUES ('b1-keelduma', 'keelduma', 'to refuse', 'reddetmek', 'B1', NULL) ON CONFLICT (id) DO NOTHING;
INSERT INTO word_sentences (word_id, estonian, english, turkish, sort_order) VALUES ('b1-keelduma', 'Ta keeldus pakkumisest.', 'She refused the offer.', 'Teklifi reddetti.', 0);
INSERT INTO words (id, estonian, english, turkish, cefr_level, image_query) VALUES ('b1-väitma', 'väitma', 'to claim / to argue', 'iddia etmek', 'B1', NULL) ON CONFLICT (id) DO NOTHING;
INSERT INTO word_sentences (word_id, estonian, english, turkish, sort_order) VALUES ('b1-väitma', 'Ta väidab, et tal on õigus.', 'He claims that he is right.', 'Haklı olduğunu iddia ediyor.', 0);
INSERT INTO words (id, estonian, english, turkish, cefr_level, image_query) VALUES ('b1-tõestama', 'tõestama', 'to prove', 'kanıtlamak', 'B1', NULL) ON CONFLICT (id) DO NOTHING;
INSERT INTO word_sentences (word_id, estonian, english, turkish, sort_order) VALUES ('b1-tõestama', 'Teadlased tõestasid oma teooriat.', 'Scientists proved their theory.', 'Bilim insanları teorilerini kanıtladı.', 0);
INSERT INTO words (id, estonian, english, turkish, cefr_level, image_query) VALUES ('b1-eeldama', 'eeldama', 'to assume / to presume', 'varsaymak / farz etmek', 'B1', NULL) ON CONFLICT (id) DO NOTHING;
INSERT INTO word_sentences (word_id, estonian, english, turkish, sort_order) VALUES ('b1-eeldama', 'Ma eeldan, et sa tuled homme.', 'I assume that you will come tomorrow.', 'Yarın geleceğini varsayıyorum.', 0);
INSERT INTO words (id, estonian, english, turkish, cefr_level, image_query) VALUES ('b1-saavutama', 'saavutama', 'to achieve', 'başarmak / elde etmek', 'B1', NULL) ON CONFLICT (id) DO NOTHING;
INSERT INTO word_sentences (word_id, estonian, english, turkish, sort_order) VALUES ('b1-saavutama', 'Ta saavutas oma eesmärgi.', 'She achieved her goal.', 'Hedefine ulaştı.', 0);
INSERT INTO words (id, estonian, english, turkish, cefr_level, image_query) VALUES ('b1-võrdlema', 'võrdlema', 'to compare', 'karşılaştırmak', 'B1', NULL) ON CONFLICT (id) DO NOTHING;
INSERT INTO word_sentences (word_id, estonian, english, turkish, sort_order) VALUES ('b1-võrdlema', 'Ära võrdle end teistega.', 'Don''t compare yourself with others.', 'Kendini başkalarıyla karşılaştırma.', 0);
INSERT INTO words (id, estonian, english, turkish, cefr_level, image_query) VALUES ('b1-avaldama', 'avaldama', 'to publish / to express', 'yayımlamak / ifade etmek', 'B1', NULL) ON CONFLICT (id) DO NOTHING;
INSERT INTO word_sentences (word_id, estonian, english, turkish, sort_order) VALUES ('b1-avaldama', 'Ta avaldas oma arvamust avalikult.', 'She expressed her opinion publicly.', 'Görüşünü alenen ifade etti.', 0);
INSERT INTO words (id, estonian, english, turkish, cefr_level, image_query) VALUES ('b1-hindama', 'hindama', 'to evaluate / to appreciate', 'değerlendirmek / takdir etmek', 'B1', NULL) ON CONFLICT (id) DO NOTHING;
INSERT INTO word_sentences (word_id, estonian, english, turkish, sort_order) VALUES ('b1-hindama', 'Ma hindan sinu ausust.', 'I appreciate your honesty.', 'Dürüstlüğünü takdir ediyorum.', 0);
INSERT INTO words (id, estonian, english, turkish, cefr_level, image_query) VALUES ('b1-mõjutama', 'mõjutama', 'to influence / to affect', 'etkilemek', 'B1', NULL) ON CONFLICT (id) DO NOTHING;
INSERT INTO word_sentences (word_id, estonian, english, turkish, sort_order) VALUES ('b1-mõjutama', 'Ilm mõjutab meie tuju.', 'The weather affects our mood.', 'Hava durumu ruh halimizi etkiler.', 0);
INSERT INTO words (id, estonian, english, turkish, cefr_level, image_query) VALUES ('b1-lahendama', 'lahendama', 'to solve', 'çözmek', 'B1', NULL) ON CONFLICT (id) DO NOTHING;
INSERT INTO word_sentences (word_id, estonian, english, turkish, sort_order) VALUES ('b1-lahendama', 'Me peame selle probleemi lahendama.', 'We must solve this problem.', 'Bu sorunu çözmeliyiz.', 0);
INSERT INTO words (id, estonian, english, turkish, cefr_level, image_query) VALUES ('b1-korraldama', 'korraldama', 'to organize', 'düzenlemek / organize etmek', 'B1', NULL) ON CONFLICT (id) DO NOTHING;
INSERT INTO word_sentences (word_id, estonian, english, turkish, sort_order) VALUES ('b1-korraldama', 'Kes korraldab selle ürituse?', 'Who is organizing this event?', 'Bu etkinliği kim düzenliyor?', 0);
INSERT INTO words (id, estonian, english, turkish, cefr_level, image_query) VALUES ('b1-pakkuma', 'pakkuma', 'to offer', 'sunmak / teklif etmek', 'B1', NULL) ON CONFLICT (id) DO NOTHING;
INSERT INTO word_sentences (word_id, estonian, english, turkish, sort_order) VALUES ('b1-pakkuma', 'Ettevõte pakub häid töötingimusi.', 'The company offers good working conditions.', 'Şirket iyi çalışma koşulları sunuyor.', 0);
INSERT INTO words (id, estonian, english, turkish, cefr_level, image_query) VALUES ('b1-vältima', 'vältima', 'to avoid', 'kaçınmak', 'B1', NULL) ON CONFLICT (id) DO NOTHING;
INSERT INTO word_sentences (word_id, estonian, english, turkish, sort_order) VALUES ('b1-vältima', 'Püüa konflikte vältida.', 'Try to avoid conflicts.', 'Çatışmalardan kaçınmaya çalış.', 0);
INSERT INTO words (id, estonian, english, turkish, cefr_level, image_query) VALUES ('b1-rõhutama', 'rõhutama', 'to emphasize', 'vurgulamak', 'B1', NULL) ON CONFLICT (id) DO NOTHING;
INSERT INTO word_sentences (word_id, estonian, english, turkish, sort_order) VALUES ('b1-rõhutama', 'Ta rõhutas selle teema tähtsust.', 'She emphasized the importance of this topic.', 'Bu konunun önemini vurguladı.', 0);
INSERT INTO words (id, estonian, english, turkish, cefr_level, image_query) VALUES ('b1-soovitama', 'soovitama', 'to recommend', 'tavsiye etmek / önermek', 'B1', NULL) ON CONFLICT (id) DO NOTHING;
INSERT INTO word_sentences (word_id, estonian, english, turkish, sort_order) VALUES ('b1-soovitama', 'Ma soovitan seda raamatut lugeda.', 'I recommend reading this book.', 'Bu kitabı okumanı tavsiye ederim.', 0);
INSERT INTO words (id, estonian, english, turkish, cefr_level, image_query) VALUES ('b1-kaebama', 'kaebama', 'to complain', 'şikayet etmek', 'B1', NULL) ON CONFLICT (id) DO NOTHING;
INSERT INTO word_sentences (word_id, estonian, english, turkish, sort_order) VALUES ('b1-kaebama', 'Klient kaebas teenuse üle.', 'The customer complained about the service.', 'Müşteri hizmetten şikayet etti.', 0);
INSERT INTO words (id, estonian, english, turkish, cefr_level, image_query) VALUES ('b1-tunnistama', 'tunnistama', 'to admit / to acknowledge', 'itiraf etmek / kabul etmek', 'B1', NULL) ON CONFLICT (id) DO NOTHING;
INSERT INTO word_sentences (word_id, estonian, english, turkish, sort_order) VALUES ('b1-tunnistama', 'Ta tunnistas oma viga.', 'He admitted his mistake.', 'Hatasını itiraf etti.', 0);
INSERT INTO words (id, estonian, english, turkish, cefr_level, image_query) VALUES ('b1-veenma', 'veenma', 'to convince / to persuade', 'ikna etmek', 'B1', NULL) ON CONFLICT (id) DO NOTHING;
INSERT INTO word_sentences (word_id, estonian, english, turkish, sort_order) VALUES ('b1-veenma', 'Ta veenis mind proovima.', 'She convinced me to try.', 'Beni denemeye ikna etti.', 0);
INSERT INTO words (id, estonian, english, turkish, cefr_level, image_query) VALUES ('b1-märkama', 'märkama', 'to notice', 'fark etmek', 'B1', NULL) ON CONFLICT (id) DO NOTHING;
INSERT INTO word_sentences (word_id, estonian, english, turkish, sort_order) VALUES ('b1-märkama', 'Ma märkasin, et midagi on muutunud.', 'I noticed that something had changed.', 'Bir şeylerin değiştiğini fark ettim.', 0);
INSERT INTO words (id, estonian, english, turkish, cefr_level, image_query) VALUES ('b1-oluline', 'oluline', 'important / significant', 'önemli', 'B1', NULL) ON CONFLICT (id) DO NOTHING;
INSERT INTO word_sentences (word_id, estonian, english, turkish, sort_order) VALUES ('b1-oluline', 'See on väga oluline otsus.', 'This is a very important decision.', 'Bu çok önemli bir karar.', 0);
INSERT INTO words (id, estonian, english, turkish, cefr_level, image_query) VALUES ('b1-vajalik', 'vajalik', 'necessary', 'gerekli', 'B1', NULL) ON CONFLICT (id) DO NOTHING;
INSERT INTO word_sentences (word_id, estonian, english, turkish, sort_order) VALUES ('b1-vajalik', 'Keeleoskus on vajalik selle töö jaoks.', 'Language skills are necessary for this job.', 'Bu iş için dil bilgisi gereklidir.', 0);
INSERT INTO words (id, estonian, english, turkish, cefr_level, image_query) VALUES ('b1-võimalik', 'võimalik', 'possible', 'mümkün', 'B1', NULL) ON CONFLICT (id) DO NOTHING;
INSERT INTO word_sentences (word_id, estonian, english, turkish, sort_order) VALUES ('b1-võimalik', 'Kas see on üldse võimalik?', 'Is this even possible?', 'Bu mümkün mü?', 0);
INSERT INTO words (id, estonian, english, turkish, cefr_level, image_query) VALUES ('b1-ohtlik', 'ohtlik', 'dangerous', 'tehlikeli', 'B1', NULL) ON CONFLICT (id) DO NOTHING;
INSERT INTO word_sentences (word_id, estonian, english, turkish, sort_order) VALUES ('b1-ohtlik', 'Kiire sõitmine on ohtlik.', 'Fast driving is dangerous.', 'Hızlı araba kullanmak tehlikelidir.', 0);
INSERT INTO words (id, estonian, english, turkish, cefr_level, image_query) VALUES ('b1-kasulik', 'kasulik', 'useful / beneficial', 'faydalı / yararlı', 'B1', NULL) ON CONFLICT (id) DO NOTHING;
INSERT INTO word_sentences (word_id, estonian, english, turkish, sort_order) VALUES ('b1-kasulik', 'See raamat on väga kasulik.', 'This book is very useful.', 'Bu kitap çok faydalı.', 0);
INSERT INTO words (id, estonian, english, turkish, cefr_level, image_query) VALUES ('b1-ebatavaline', 'ebatavaline', 'unusual', 'alışılmadık / sıra dışı', 'B1', NULL) ON CONFLICT (id) DO NOTHING;
INSERT INTO word_sentences (word_id, estonian, english, turkish, sort_order) VALUES ('b1-ebatavaline', 'See oli ebatavaline kogemus.', 'It was an unusual experience.', 'Alışılmadık bir deneyimdi.', 0);
INSERT INTO words (id, estonian, english, turkish, cefr_level, image_query) VALUES ('b1-rahvusvaheline', 'rahvusvaheline', 'international', 'uluslararası', 'B1', NULL) ON CONFLICT (id) DO NOTHING;
INSERT INTO word_sentences (word_id, estonian, english, turkish, sort_order) VALUES ('b1-rahvusvaheline', 'See on rahvusvaheline konverents.', 'This is an international conference.', 'Bu uluslararası bir konferans.', 0);
INSERT INTO words (id, estonian, english, turkish, cefr_level, image_query) VALUES ('b1-tõhus', 'tõhus', 'efficient / effective', 'etkili / verimli', 'B1', NULL) ON CONFLICT (id) DO NOTHING;
INSERT INTO word_sentences (word_id, estonian, english, turkish, sort_order) VALUES ('b1-tõhus', 'See meetod on väga tõhus.', 'This method is very efficient.', 'Bu yöntem çok etkili.', 0);
INSERT INTO words (id, estonian, english, turkish, cefr_level, image_query) VALUES ('b1-usaldusväärne', 'usaldusväärne', 'trustworthy / reliable', 'güvenilir', 'B1', NULL) ON CONFLICT (id) DO NOTHING;
INSERT INTO word_sentences (word_id, estonian, english, turkish, sort_order) VALUES ('b1-usaldusväärne', 'Ta on väga usaldusväärne inimene.', 'He is a very reliable person.', 'Çok güvenilir bir insandır.', 0);
INSERT INTO words (id, estonian, english, turkish, cefr_level, image_query) VALUES ('b1-vastutustundlik', 'vastutustundlik', 'responsible', 'sorumluluk sahibi', 'B1', NULL) ON CONFLICT (id) DO NOTHING;
INSERT INTO word_sentences (word_id, estonian, english, turkish, sort_order) VALUES ('b1-vastutustundlik', 'Ta on väga vastutustundlik töötaja.', 'She is a very responsible employee.', 'Çok sorumluluk sahibi bir çalışandır.', 0);
INSERT INTO words (id, estonian, english, turkish, cefr_level, image_query) VALUES ('b1-sõltumatu', 'sõltumatu', 'independent', 'bağımsız', 'B1', NULL) ON CONFLICT (id) DO NOTHING;
INSERT INTO word_sentences (word_id, estonian, english, turkish, sort_order) VALUES ('b1-sõltumatu', 'Eesti on sõltumatu riik alates 1991. aastast.', 'Estonia has been an independent country since 1991.', 'Estonya 1991''den beri bağımsız bir ülkedir.', 0);
INSERT INTO words (id, estonian, english, turkish, cefr_level, image_query) VALUES ('b1-keeruline', 'keeruline', 'complicated / complex', 'karmaşık / zor', 'B1', NULL) ON CONFLICT (id) DO NOTHING;
INSERT INTO word_sentences (word_id, estonian, english, turkish, sort_order) VALUES ('b1-keeruline', 'See ülesanne on üsna keeruline.', 'This task is quite complicated.', 'Bu görev oldukça karmaşık.', 0);
INSERT INTO words (id, estonian, english, turkish, cefr_level, image_query) VALUES ('b1-mõistlik', 'mõistlik', 'reasonable / sensible', 'makul / mantıklı', 'B1', NULL) ON CONFLICT (id) DO NOTHING;
INSERT INTO word_sentences (word_id, estonian, english, turkish, sort_order) VALUES ('b1-mõistlik', 'See on mõistlik hind.', 'This is a reasonable price.', 'Bu makul bir fiyat.', 0);
INSERT INTO words (id, estonian, english, turkish, cefr_level, image_query) VALUES ('b1-mitmekesine', 'mitmekesine', 'diverse', 'çeşitli', 'B1', NULL) ON CONFLICT (id) DO NOTHING;
INSERT INTO word_sentences (word_id, estonian, english, turkish, sort_order) VALUES ('b1-mitmekesine', 'Tallinn on mitmekesine linn.', 'Tallinn is a diverse city.', 'Tallinn çeşitliliğe sahip bir şehir.', 0);
INSERT INTO words (id, estonian, english, turkish, cefr_level, image_query) VALUES ('b1-jätkusuutlik', 'jätkusuutlik', 'sustainable', 'sürdürülebilir', 'B1', NULL) ON CONFLICT (id) DO NOTHING;
INSERT INTO word_sentences (word_id, estonian, english, turkish, sort_order) VALUES ('b1-jätkusuutlik', 'Me vajame jätkusuutlikku arengut.', 'We need sustainable development.', 'Sürdürülebilir kalkınmaya ihtiyacımız var.', 0);
INSERT INTO words (id, estonian, english, turkish, cefr_level, image_query) VALUES ('b1-vaimne', 'vaimne', 'mental / spiritual', 'zihinsel / ruhsal', 'B1', NULL) ON CONFLICT (id) DO NOTHING;
INSERT INTO word_sentences (word_id, estonian, english, turkish, sort_order) VALUES ('b1-vaimne', 'Vaimne tervis on sama oluline kui füüsiline.', 'Mental health is as important as physical.', 'Ruh sağlığı fiziksel sağlık kadar önemlidir.', 0);
INSERT INTO words (id, estonian, english, turkish, cefr_level, image_query) VALUES ('b1-seetõttu', 'seetõttu', 'therefore / because of that', 'bu yüzden / bu nedenle', 'B1', NULL) ON CONFLICT (id) DO NOTHING;
INSERT INTO word_sentences (word_id, estonian, english, turkish, sort_order) VALUES ('b1-seetõttu', 'Ta oli haige, seetõttu jäi koju.', 'She was sick, therefore she stayed home.', 'Hastaydı, bu yüzden evde kaldı.', 0);
INSERT INTO words (id, estonian, english, turkish, cefr_level, image_query) VALUES ('b1-kuigi', 'kuigi', 'although / even though', 'her ne kadar / -e rağmen', 'B1', NULL) ON CONFLICT (id) DO NOTHING;
INSERT INTO word_sentences (word_id, estonian, english, turkish, sort_order) VALUES ('b1-kuigi', 'Kuigi oli külm, läksime jalutama.', 'Although it was cold, we went for a walk.', 'Soğuk olmasına rağmen yürüyüşe çıktık.', 0);
INSERT INTO words (id, estonian, english, turkish, cefr_level, image_query) VALUES ('b1-siiski', 'siiski', 'however / nevertheless', 'yine de / bununla birlikte', 'B1', NULL) ON CONFLICT (id) DO NOTHING;
INSERT INTO word_sentences (word_id, estonian, english, turkish, sort_order) VALUES ('b1-siiski', 'Ilm oli halb, siiski nautisin reisi.', 'The weather was bad, nevertheless I enjoyed the trip.', 'Hava kötüydü, yine de geziden keyif aldım.', 0);
INSERT INTO words (id, estonian, english, turkish, cefr_level, image_query) VALUES ('b1-nimelt', 'nimelt', 'namely / that is', 'yani / şöyle ki', 'B1', NULL) ON CONFLICT (id) DO NOTHING;
INSERT INTO word_sentences (word_id, estonian, english, turkish, sort_order) VALUES ('b1-nimelt', 'Mul on üks soov, nimelt reisida Jaapanisse.', 'I have one wish, namely to travel to Japan.', 'Bir dileğim var, o da Japonya''ya seyahat etmek.', 0);
INSERT INTO words (id, estonian, english, turkish, cefr_level, image_query) VALUES ('b1-seega', 'seega', 'so / thus', 'dolayısıyla / bu yüzden', 'B1', NULL) ON CONFLICT (id) DO NOTHING;
INSERT INTO word_sentences (word_id, estonian, english, turkish, sort_order) VALUES ('b1-seega', 'Ta ei tulnud, seega alustasime ilma temata.', 'He didn''t come, so we started without him.', 'Gelmedi, bu yüzden onsuz başladık.', 0);
INSERT INTO words (id, estonian, english, turkish, cefr_level, image_query) VALUES ('b1-peale-selle', 'peale selle', 'besides / in addition', 'bunun yanı sıra / ayrıca', 'B1', NULL) ON CONFLICT (id) DO NOTHING;
INSERT INTO word_sentences (word_id, estonian, english, turkish, sort_order) VALUES ('b1-peale-selle', 'Peale selle on mul veel üks küsimus.', 'Besides, I have one more question.', 'Ayrıca bir sorum daha var.', 0);
INSERT INTO words (id, estonian, english, turkish, cefr_level, image_query) VALUES ('b1-sellegipoolest', 'sellegipoolest', 'nevertheless / nonetheless', 'buna rağmen / yine de', 'B1', NULL) ON CONFLICT (id) DO NOTHING;
INSERT INTO word_sentences (word_id, estonian, english, turkish, sort_order) VALUES ('b1-sellegipoolest', 'See oli raske, sellegipoolest ta õnnestus.', 'It was difficult, nonetheless she succeeded.', 'Zordu, buna rağmen başardı.', 0);
INSERT INTO words (id, estonian, english, turkish, cefr_level, image_query) VALUES ('b1-vaatamata', 'vaatamata', 'despite / in spite of', '-e rağmen', 'B1', NULL) ON CONFLICT (id) DO NOTHING;
INSERT INTO word_sentences (word_id, estonian, english, turkish, sort_order) VALUES ('b1-vaatamata', 'Vaatamata raskustele ta ei loobunud.', 'Despite the difficulties, she did not give up.', 'Zorluklara rağmen vazgeçmedi.', 0);
INSERT INTO words (id, estonian, english, turkish, cefr_level, image_query) VALUES ('b1-teisalt', 'teisalt', 'on the other hand', 'öte yandan', 'B1', NULL) ON CONFLICT (id) DO NOTHING;
INSERT INTO word_sentences (word_id, estonian, english, turkish, sort_order) VALUES ('b1-teisalt', 'Teisalt on sellel ka omad eelised.', 'On the other hand, this also has its advantages.', 'Öte yandan, bunun da kendi avantajları var.', 0);
INSERT INTO words (id, estonian, english, turkish, cefr_level, image_query) VALUES ('b1-järelikult', 'järelikult', 'consequently / therefore', 'dolayısıyla / demek ki', 'B1', NULL) ON CONFLICT (id) DO NOTHING;
INSERT INTO word_sentences (word_id, estonian, english, turkish, sort_order) VALUES ('b1-järelikult', 'Ta ei õppinud, järelikult kukkus läbi.', 'He didn''t study, consequently he failed.', 'Çalışmadı, dolayısıyla sınavda kaldı.', 0);
INSERT INTO words (id, estonian, english, turkish, cefr_level, image_query) VALUES ('b1-muu-hulgas', 'muu hulgas', 'among other things', 'diğer şeylerin yanı sıra', 'B1', NULL) ON CONFLICT (id) DO NOTHING;
INSERT INTO word_sentences (word_id, estonian, english, turkish, sort_order) VALUES ('b1-muu-hulgas', 'Me arutasime muu hulgas ka eelarvet.', 'We discussed, among other things, the budget.', 'Diğer şeylerin yanı sıra bütçeyi de tartıştık.', 0);
INSERT INTO words (id, estonian, english, turkish, cefr_level, image_query) VALUES ('b1-üldiselt', 'üldiselt', 'generally / in general', 'genel olarak', 'B1', NULL) ON CONFLICT (id) DO NOTHING;
INSERT INTO word_sentences (word_id, estonian, english, turkish, sort_order) VALUES ('b1-üldiselt', 'Üldiselt on eestlased tagasihoidlikud.', 'Generally, Estonians are modest.', 'Genel olarak Estonyalılar mütevazıdır.', 0);
INSERT INTO words (id, estonian, english, turkish, cefr_level, image_query) VALUES ('b1-tegelikult', 'tegelikult', 'actually / in fact', 'aslında', 'B1', NULL) ON CONFLICT (id) DO NOTHING;
INSERT INTO word_sentences (word_id, estonian, english, turkish, sort_order) VALUES ('b1-tegelikult', 'Tegelikult ma ei tea vastust.', 'Actually, I don''t know the answer.', 'Aslında cevabı bilmiyorum.', 0);
INSERT INTO words (id, estonian, english, turkish, cefr_level, image_query) VALUES ('b1-ilmselt', 'ilmselt', 'apparently / probably', 'görünüşe göre / muhtemelen', 'B1', NULL) ON CONFLICT (id) DO NOTHING;
INSERT INTO word_sentences (word_id, estonian, english, turkish, sort_order) VALUES ('b1-ilmselt', 'Ilmselt ta ei saa täna tulla.', 'Apparently, she can''t come today.', 'Görünüşe göre bugün gelemeyecek.', 0);
INSERT INTO words (id, estonian, english, turkish, cefr_level, image_query) VALUES ('b1-kahjuks', 'kahjuks', 'unfortunately', 'maalesef / ne yazık ki', 'B1', NULL) ON CONFLICT (id) DO NOTHING;
INSERT INTO word_sentences (word_id, estonian, english, turkish, sort_order) VALUES ('b1-kahjuks', 'Kahjuks on kõik piletid välja müüdud.', 'Unfortunately, all tickets are sold out.', 'Maalesef tüm biletler tükendi.', 0);
INSERT INTO words (id, estonian, english, turkish, cefr_level, image_query) VALUES ('b1-tõenäoliselt', 'tõenäoliselt', 'probably / likely', 'büyük ihtimalle / muhtemelen', 'B1', NULL) ON CONFLICT (id) DO NOTHING;
INSERT INTO word_sentences (word_id, estonian, english, turkish, sort_order) VALUES ('b1-tõenäoliselt', 'Tõenäoliselt sajab homme vihma.', 'It will probably rain tomorrow.', 'Muhtemelen yarın yağmur yağacak.', 0);
INSERT INTO words (id, estonian, english, turkish, cefr_level, image_query) VALUES ('b1-majandus', 'majandus', 'economy', 'ekonomi', 'B1', NULL) ON CONFLICT (id) DO NOTHING;
INSERT INTO word_sentences (word_id, estonian, english, turkish, sort_order) VALUES ('b1-majandus', 'Eesti majandus kasvab kiiresti.', 'The Estonian economy is growing quickly.', 'Estonya ekonomisi hızla büyüyor.', 0);
INSERT INTO words (id, estonian, english, turkish, cefr_level, image_query) VALUES ('b1-arenema', 'arenema', 'to develop', 'gelişmek', 'B1', NULL) ON CONFLICT (id) DO NOTHING;
INSERT INTO word_sentences (word_id, estonian, english, turkish, sort_order) VALUES ('b1-arenema', 'Tehnoloogia areneb kiiresti.', 'Technology develops quickly.', 'Teknoloji hızla gelişiyor.', 0);
INSERT INTO words (id, estonian, english, turkish, cefr_level, image_query) VALUES ('b1-tootma', 'tootma', 'to produce / to manufacture', 'üretmek', 'B1', NULL) ON CONFLICT (id) DO NOTHING;
INSERT INTO word_sentences (word_id, estonian, english, turkish, sort_order) VALUES ('b1-tootma', 'See tehas toodab elektroonikat.', 'This factory produces electronics.', 'Bu fabrika elektronik üretiyor.', 0);
INSERT INTO words (id, estonian, english, turkish, cefr_level, image_query) VALUES ('b1-tarbimine', 'tarbimine', 'consumption', 'tüketim', 'B1', NULL) ON CONFLICT (id) DO NOTHING;
INSERT INTO word_sentences (word_id, estonian, english, turkish, sort_order) VALUES ('b1-tarbimine', 'Energiatarbimine kasvab igal aastal.', 'Energy consumption grows every year.', 'Enerji tüketimi her yıl artıyor.', 0);
INSERT INTO words (id, estonian, english, turkish, cefr_level, image_query) VALUES ('b1-eksport', 'eksport', 'export', 'ihracat', 'B1', NULL) ON CONFLICT (id) DO NOTHING;
INSERT INTO word_sentences (word_id, estonian, english, turkish, sort_order) VALUES ('b1-eksport', 'Puit on Eesti oluline ekspordiartikkel.', 'Wood is an important Estonian export article.', 'Kereste önemli bir Estonya ihracat ürünüdür.', 0);
INSERT INTO words (id, estonian, english, turkish, cefr_level, image_query) VALUES ('b1-import', 'import', 'import', 'ithalat', 'B1', NULL) ON CONFLICT (id) DO NOTHING;
INSERT INTO word_sentences (word_id, estonian, english, turkish, sort_order) VALUES ('b1-import', 'Eesti impordib palju kaupu.', 'Estonia imports many goods.', 'Estonya birçok ürün ithal eder.', 0);
INSERT INTO words (id, estonian, english, turkish, cefr_level, image_query) VALUES ('b1-investeering', 'investeering', 'investment', 'yatırım', 'B1', NULL) ON CONFLICT (id) DO NOTHING;
INSERT INTO word_sentences (word_id, estonian, english, turkish, sort_order) VALUES ('b1-investeering', 'See oli hea investeering.', 'This was a good investment.', 'Bu iyi bir yatırımdı.', 0);
INSERT INTO words (id, estonian, english, turkish, cefr_level, image_query) VALUES ('b1-eelarve', 'eelarve', 'budget', 'bütçe', 'B1', NULL) ON CONFLICT (id) DO NOTHING;
INSERT INTO word_sentences (word_id, estonian, english, turkish, sort_order) VALUES ('b1-eelarve', 'Peame eelarvet jälgima.', 'We must monitor the budget.', 'Bütçeyi takip etmeliyiz.', 0);
INSERT INTO words (id, estonian, english, turkish, cefr_level, image_query) VALUES ('b1-konkurents', 'konkurents', 'competition', 'rekabet', 'B1', NULL) ON CONFLICT (id) DO NOTHING;
INSERT INTO word_sentences (word_id, estonian, english, turkish, sort_order) VALUES ('b1-konkurents', 'Konkurents turul on tihe.', 'Competition in the market is fierce.', 'Piyasadaki rekabet çok yoğun.', 0);
INSERT INTO words (id, estonian, english, turkish, cefr_level, image_query) VALUES ('b1-väärtus', 'väärtus', 'value', 'değer', 'B1', NULL) ON CONFLICT (id) DO NOTHING;
INSERT INTO word_sentences (word_id, estonian, english, turkish, sort_order) VALUES ('b1-väärtus', 'Ausus on oluline väärtus.', 'Honesty is an important value.', 'Dürüstlük önemli bir değerdir.', 0);
INSERT INTO words (id, estonian, english, turkish, cefr_level, image_query) VALUES ('b1-traditsioon', 'traditsioon', 'tradition', 'gelenek', 'B1', NULL) ON CONFLICT (id) DO NOTHING;
INSERT INTO word_sentences (word_id, estonian, english, turkish, sort_order) VALUES ('b1-traditsioon', 'Jõulud on vana traditsioon.', 'Christmas is an old tradition.', 'Noel eski bir gelenektir.', 0);
INSERT INTO words (id, estonian, english, turkish, cefr_level, image_query) VALUES ('b1-komme', 'komme', 'custom / habit', 'gelenek / görenek / adet', 'B1', NULL) ON CONFLICT (id) DO NOTHING;
INSERT INTO word_sentences (word_id, estonian, english, turkish, sort_order) VALUES ('b1-komme', 'Igal rahval on omad kombed.', 'Every nation has its own customs.', 'Her milletin kendi görenekleri vardır.', 0);
INSERT INTO words (id, estonian, english, turkish, cefr_level, image_query) VALUES ('b1-ränne', 'ränne', 'migration', 'göç', 'B1', NULL) ON CONFLICT (id) DO NOTHING;
INSERT INTO word_sentences (word_id, estonian, english, turkish, sort_order) VALUES ('b1-ränne', 'Ränne on tänapäeval oluline teema.', 'Migration is an important topic today.', 'Göç günümüzde önemli bir konudur.', 0);
INSERT INTO words (id, estonian, english, turkish, cefr_level, image_query) VALUES ('b1-võrdsus', 'võrdsus', 'equality', 'eşitlik', 'B1', NULL) ON CONFLICT (id) DO NOTHING;
INSERT INTO word_sentences (word_id, estonian, english, turkish, sort_order) VALUES ('b1-võrdsus', 'Sooline võrdsus on oluline.', 'Gender equality is important.', 'Cinsiyet eşitliği önemlidir.', 0);
INSERT INTO words (id, estonian, english, turkish, cefr_level, image_query) VALUES ('b1-eelarvamus', 'eelarvamus', 'prejudice', 'önyargı', 'B1', NULL) ON CONFLICT (id) DO NOTHING;
INSERT INTO word_sentences (word_id, estonian, english, turkish, sort_order) VALUES ('b1-eelarvamus', 'Eelarvamused takistavad mõistmist.', 'Prejudices hinder understanding.', 'Önyargılar anlaşmayı engeller.', 0);
INSERT INTO words (id, estonian, english, turkish, cefr_level, image_query) VALUES ('b1-iseseisvus', 'iseseisvus', 'independence', 'bağımsızlık', 'B1', NULL) ON CONFLICT (id) DO NOTHING;
INSERT INTO word_sentences (word_id, estonian, english, turkish, sort_order) VALUES ('b1-iseseisvus', 'Eesti iseseisvuspäev on 24. veebruaril.', 'Estonian Independence Day is on February 24th.', 'Estonya Bağımsızlık Günü 24 Şubat''tır.', 0);
INSERT INTO words (id, estonian, english, turkish, cefr_level, image_query) VALUES ('b1-loominguline', 'loominguline', 'creative', 'yaratıcı', 'B1', NULL) ON CONFLICT (id) DO NOTHING;
INSERT INTO word_sentences (word_id, estonian, english, turkish, sort_order) VALUES ('b1-loominguline', 'Ta on väga loominguline inimene.', 'She is a very creative person.', 'Çok yaratıcı bir insandır.', 0);
INSERT INTO words (id, estonian, english, turkish, cefr_level, image_query) VALUES ('b1-kohustus', 'kohustus', 'obligation / duty', 'yükümlülük / görev', 'B1', NULL) ON CONFLICT (id) DO NOTHING;
INSERT INTO word_sentences (word_id, estonian, english, turkish, sort_order) VALUES ('b1-kohustus', 'See on minu kohustus.', 'This is my duty.', 'Bu benim görevim.', 0);
INSERT INTO words (id, estonian, english, turkish, cefr_level, image_query) VALUES ('b1-teadlik', 'teadlik', 'aware / conscious', 'bilinçli / farkında', 'B1', NULL) ON CONFLICT (id) DO NOTHING;
INSERT INTO word_sentences (word_id, estonian, english, turkish, sort_order) VALUES ('b1-teadlik', 'Ta on oma õigustest teadlik.', 'She is aware of her rights.', 'Haklarının farkında.', 0);
INSERT INTO words (id, estonian, english, turkish, cefr_level, image_query) VALUES ('b1-edukas', 'edukas', 'successful', 'başarılı', 'B1', NULL) ON CONFLICT (id) DO NOTHING;
INSERT INTO word_sentences (word_id, estonian, english, turkish, sort_order) VALUES ('b1-edukas', 'Ta on väga edukas ettevõtja.', 'He is a very successful entrepreneur.', 'Çok başarılı bir girişimci.', 0);
INSERT INTO words (id, estonian, english, turkish, cefr_level, image_query) VALUES ('b1-mõtlema', 'mõtlema', 'to think / to reflect', 'düşünmek', 'B1', NULL) ON CONFLICT (id) DO NOTHING;
INSERT INTO word_sentences (word_id, estonian, english, turkish, sort_order) VALUES ('b1-mõtlema', 'Ma pean sellele veel mõtlema.', 'I need to think about this more.', 'Bunu biraz daha düşünmem gerekiyor.', 0);
INSERT INTO words (id, estonian, english, turkish, cefr_level, image_query) VALUES ('b1-otsustama', 'otsustama', 'to decide', 'karar vermek', 'B1', NULL) ON CONFLICT (id) DO NOTHING;
INSERT INTO word_sentences (word_id, estonian, english, turkish, sort_order) VALUES ('b1-otsustama', 'Me otsustasime koos minna.', 'We decided to go together.', 'Birlikte gitmeye karar verdik.', 0);
INSERT INTO words (id, estonian, english, turkish, cefr_level, image_query) VALUES ('b1-uskuma', 'uskuma', 'to believe', 'inanmak', 'B1', NULL) ON CONFLICT (id) DO NOTHING;
INSERT INTO word_sentences (word_id, estonian, english, turkish, sort_order) VALUES ('b1-uskuma', 'Ma usun, et kõik läheb hästi.', 'I believe that everything will be fine.', 'Her şeyin iyi olacağına inanıyorum.', 0);
INSERT INTO words (id, estonian, english, turkish, cefr_level, image_query) VALUES ('b1-nõudma', 'nõudma', 'to demand / to require', 'talep etmek / gerektirmek', 'B1', NULL) ON CONFLICT (id) DO NOTHING;
INSERT INTO word_sentences (word_id, estonian, english, turkish, sort_order) VALUES ('b1-nõudma', 'See töö nõuab kannatlikkust.', 'This job requires patience.', 'Bu iş sabır gerektirir.', 0);
INSERT INTO words (id, estonian, english, turkish, cefr_level, image_query) VALUES ('b1-selgitama', 'selgitama', 'to explain', 'açıklamak', 'B1', NULL) ON CONFLICT (id) DO NOTHING;
INSERT INTO word_sentences (word_id, estonian, english, turkish, sort_order) VALUES ('b1-selgitama', 'Palun selgita mulle seda reeglit.', 'Please explain this rule to me.', 'Lütfen bu kuralı bana açıkla.', 0);
INSERT INTO words (id, estonian, english, turkish, cefr_level, image_query) VALUES ('b1-toetama', 'toetama', 'to support', 'desteklemek', 'B1', NULL) ON CONFLICT (id) DO NOTHING;
INSERT INTO word_sentences (word_id, estonian, english, turkish, sort_order) VALUES ('b1-toetama', 'Perekond toetab teda alati.', 'The family always supports her.', 'Ailesi onu her zaman destekler.', 0);
INSERT INTO words (id, estonian, english, turkish, cefr_level, image_query) VALUES ('b1-osalema', 'osalema', 'to participate', 'katılmak', 'B1', NULL) ON CONFLICT (id) DO NOTHING;
INSERT INTO word_sentences (word_id, estonian, english, turkish, sort_order) VALUES ('b1-osalema', 'Ma osalen konverentsil.', 'I am participating in the conference.', 'Konferansa katılıyorum.', 0);
INSERT INTO words (id, estonian, english, turkish, cefr_level, image_query) VALUES ('b1-vastama', 'vastama', 'to answer / to respond', 'cevap vermek / yanıtlamak', 'B1', NULL) ON CONFLICT (id) DO NOTHING;
INSERT INTO word_sentences (word_id, estonian, english, turkish, sort_order) VALUES ('b1-vastama', 'Ta vastas küsimusele kiiresti.', 'She answered the question quickly.', 'Soruyu hızlıca yanıtladı.', 0);
INSERT INTO words (id, estonian, english, turkish, cefr_level, image_query) VALUES ('b1-harjuma', 'harjuma', 'to get used to', 'alışmak', 'B1', NULL) ON CONFLICT (id) DO NOTHING;
INSERT INTO word_sentences (word_id, estonian, english, turkish, sort_order) VALUES ('b1-harjuma', 'Ma olen uue töökohaga ära harjunud.', 'I have gotten used to the new workplace.', 'Yeni iş yerine alıştım.', 0);
INSERT INTO words (id, estonian, english, turkish, cefr_level, image_query) VALUES ('b1-kohanema', 'kohanema', 'to adapt', 'uyum sağlamak / adapte olmak', 'B1', NULL) ON CONFLICT (id) DO NOTHING;
INSERT INTO word_sentences (word_id, estonian, english, turkish, sort_order) VALUES ('b1-kohanema', 'Inimesed kohanevad uue olukorraga.', 'People adapt to new situations.', 'İnsanlar yeni durumlara uyum sağlar.', 0);
INSERT INTO words (id, estonian, english, turkish, cefr_level, image_query) VALUES ('b1-unistama', 'unistama', 'to dream', 'hayal kurmak', 'B1', NULL) ON CONFLICT (id) DO NOTHING;
INSERT INTO word_sentences (word_id, estonian, english, turkish, sort_order) VALUES ('b1-unistama', 'Ma unistan maailmareisist.', 'I dream of traveling the world.', 'Dünyayı gezmeyi hayal ediyorum.', 0);
INSERT INTO words (id, estonian, english, turkish, cefr_level, image_query) VALUES ('b1-muretsema', 'muretsema', 'to worry', 'endişelenmek / kaygılanmak', 'B1', NULL) ON CONFLICT (id) DO NOTHING;
INSERT INTO word_sentences (word_id, estonian, english, turkish, sort_order) VALUES ('b1-muretsema', 'Ära muretse, kõik saab korda.', 'Don''t worry, everything will be fine.', 'Endişelenme, her şey yoluna girecek.', 0);
INSERT INTO words (id, estonian, english, turkish, cefr_level, image_query) VALUES ('b1-kaaluma', 'kaaluma', 'to weigh / to consider', 'tartmak / değerlendirmek', 'B1', NULL) ON CONFLICT (id) DO NOTHING;
INSERT INTO word_sentences (word_id, estonian, english, turkish, sort_order) VALUES ('b1-kaaluma', 'Me peame kõiki võimalusi kaaluma.', 'We must consider all possibilities.', 'Tüm olasılıkları değerlendirmeliyiz.', 0);
INSERT INTO words (id, estonian, english, turkish, cefr_level, image_query) VALUES ('b1-loobuma', 'loobuma', 'to give up / to renounce', 'vazgeçmek', 'B1', NULL) ON CONFLICT (id) DO NOTHING;
INSERT INTO word_sentences (word_id, estonian, english, turkish, sort_order) VALUES ('b1-loobuma', 'Ta ei loobunud oma unistusest.', 'She did not give up her dream.', 'Hayalinden vazgeçmedi.', 0);
INSERT INTO words (id, estonian, english, turkish, cefr_level, image_query) VALUES ('b1-järeldama', 'järeldama', 'to conclude / to infer', 'sonuç çıkarmak / vardığı sonuç', 'B1', NULL) ON CONFLICT (id) DO NOTHING;
INSERT INTO word_sentences (word_id, estonian, english, turkish, sort_order) VALUES ('b1-järeldama', 'Sellest võib järeldada, et plaan töötas.', 'From this one can conclude that the plan worked.', 'Bundan planın işe yaradığı sonucu çıkarılabilir.', 0);
INSERT INTO words (id, estonian, english, turkish, cefr_level, image_query) VALUES ('b1-leidma', 'leidma', 'to find', 'bulmak', 'B1', NULL) ON CONFLICT (id) DO NOTHING;
INSERT INTO word_sentences (word_id, estonian, english, turkish, sort_order) VALUES ('b1-leidma', 'Ma leidsin hea lahenduse.', 'I found a good solution.', 'İyi bir çözüm buldum.', 0);
INSERT INTO words (id, estonian, english, turkish, cefr_level, image_query) VALUES ('b1-pöörduma', 'pöörduma', 'to turn to / to address', 'başvurmak / yönelmek', 'B1', NULL) ON CONFLICT (id) DO NOTHING;
INSERT INTO word_sentences (word_id, estonian, english, turkish, sort_order) VALUES ('b1-pöörduma', 'Pöördu arsti poole.', 'Turn to the doctor.', 'Doktora başvur.', 0);
INSERT INTO words (id, estonian, english, turkish, cefr_level, image_query) VALUES ('b1-rakendama', 'rakendama', 'to apply / to implement', 'uygulamak', 'B1', NULL) ON CONFLICT (id) DO NOTHING;
INSERT INTO word_sentences (word_id, estonian, english, turkish, sort_order) VALUES ('b1-rakendama', 'Me rakendame uut strateegiat.', 'We are implementing a new strategy.', 'Yeni bir strateji uyguluyoruz.', 0);
INSERT INTO words (id, estonian, english, turkish, cefr_level, image_query) VALUES ('b1-edendama', 'edendama', 'to promote / to advance', 'teşvik etmek / desteklemek', 'B1', NULL) ON CONFLICT (id) DO NOTHING;
INSERT INTO word_sentences (word_id, estonian, english, turkish, sort_order) VALUES ('b1-edendama', 'See projekt edendab kohalikku kultuuri.', 'This project promotes local culture.', 'Bu proje yerel kültürü destekliyor.', 0);
INSERT INTO words (id, estonian, english, turkish, cefr_level, image_query) VALUES ('b1-väärtustama', 'väärtustama', 'to value / to appreciate', 'değer vermek', 'B1', NULL) ON CONFLICT (id) DO NOTHING;
INSERT INTO word_sentences (word_id, estonian, english, turkish, sort_order) VALUES ('b1-väärtustama', 'Ma väärtustan sinu sõprust.', 'I value your friendship.', 'Dostluğuna değer veriyorum.', 0);
INSERT INTO words (id, estonian, english, turkish, cefr_level, image_query) VALUES ('b1-hääletus', 'hääletus', 'vote / voting', 'oylama / oy', 'B1', NULL) ON CONFLICT (id) DO NOTHING;
INSERT INTO word_sentences (word_id, estonian, english, turkish, sort_order) VALUES ('b1-hääletus', 'Hääletus toimus eile.', 'The vote took place yesterday.', 'Oylama dün yapıldı.', 0);
INSERT INTO words (id, estonian, english, turkish, cefr_level, image_query) VALUES ('b1-meedia', 'meedia', 'media', 'medya', 'B1', NULL) ON CONFLICT (id) DO NOTHING;
INSERT INTO word_sentences (word_id, estonian, english, turkish, sort_order) VALUES ('b1-meedia', 'Meedia mõjutab avalikku arvamust.', 'Media influences public opinion.', 'Medya kamuoyunu etkiler.', 0);
INSERT INTO words (id, estonian, english, turkish, cefr_level, image_query) VALUES ('b1-reklaam', 'reklaam', 'advertisement', 'reklam', 'B1', NULL) ON CONFLICT (id) DO NOTHING;
INSERT INTO word_sentences (word_id, estonian, english, turkish, sort_order) VALUES ('b1-reklaam', 'Telekas on liiga palju reklaami.', 'There are too many advertisements on TV.', 'Televizyonda çok fazla reklam var.', 0);
INSERT INTO words (id, estonian, english, turkish, cefr_level, image_query) VALUES ('b1-elukoht', 'elukoht', 'place of residence', 'ikamet yeri', 'B1', NULL) ON CONFLICT (id) DO NOTHING;
INSERT INTO word_sentences (word_id, estonian, english, turkish, sort_order) VALUES ('b1-elukoht', 'Mis on sinu elukoht?', 'What is your place of residence?', 'İkamet yerin neresi?', 0);
INSERT INTO words (id, estonian, english, turkish, cefr_level, image_query) VALUES ('b1-kodakondsus', 'kodakondsus', 'citizenship', 'vatandaşlık', 'B1', NULL) ON CONFLICT (id) DO NOTHING;
INSERT INTO word_sentences (word_id, estonian, english, turkish, sort_order) VALUES ('b1-kodakondsus', 'Ta sai Eesti kodakondsuse.', 'She received Estonian citizenship.', 'Estonya vatandaşlığını aldı.', 0);
INSERT INTO words (id, estonian, english, turkish, cefr_level, image_query) VALUES ('b1-liige', 'liige', 'member', 'üye', 'B1', NULL) ON CONFLICT (id) DO NOTHING;
INSERT INTO word_sentences (word_id, estonian, english, turkish, sort_order) VALUES ('b1-liige', 'Ta on klubi liige.', 'He is a member of the club.', 'Kulübün üyesidir.', 0);
INSERT INTO words (id, estonian, english, turkish, cefr_level, image_query) VALUES ('b1-teave', 'teave', 'information', 'bilgi', 'B1', NULL) ON CONFLICT (id) DO NOTHING;
INSERT INTO word_sentences (word_id, estonian, english, turkish, sort_order) VALUES ('b1-teave', 'Lisateave on meie veebilehel.', 'Additional information is on our website.', 'Ek bilgi web sitemizde mevcuttur.', 0);
INSERT INTO words (id, estonian, english, turkish, cefr_level, image_query) VALUES ('b1-andmed', 'andmed', 'data', 'veri', 'B1', NULL) ON CONFLICT (id) DO NOTHING;
INSERT INTO word_sentences (word_id, estonian, english, turkish, sort_order) VALUES ('b1-andmed', 'Isikuandmete kaitse on oluline.', 'The protection of personal data is important.', 'Kişisel verilerin korunması önemlidir.', 0);
INSERT INTO words (id, estonian, english, turkish, cefr_level, image_query) VALUES ('b1-aruanne', 'aruanne', 'report', 'rapor', 'B1', NULL) ON CONFLICT (id) DO NOTHING;
INSERT INTO word_sentences (word_id, estonian, english, turkish, sort_order) VALUES ('b1-aruanne', 'Ma esitan aruande homme.', 'I will submit the report tomorrow.', 'Raporu yarın sunacağım.', 0);
INSERT INTO words (id, estonian, english, turkish, cefr_level, image_query) VALUES ('b1-uurima', 'uurima', 'to investigate / to study', 'araştırmak / incelemek', 'B1', NULL) ON CONFLICT (id) DO NOTHING;
INSERT INTO word_sentences (word_id, estonian, english, turkish, sort_order) VALUES ('b1-uurima', 'Politsei uurib juhtumit.', 'The police are investigating the case.', 'Polis olayı araştırıyor.', 0);
INSERT INTO words (id, estonian, english, turkish, cefr_level, image_query) VALUES ('b1-avastama', 'avastama', 'to discover', 'keşfetmek', 'B1', NULL) ON CONFLICT (id) DO NOTHING;
INSERT INTO word_sentences (word_id, estonian, english, turkish, sort_order) VALUES ('b1-avastama', 'Ta avastas uue kohviku.', 'She discovered a new café.', 'Yeni bir kafe keşfetti.', 0);
INSERT INTO words (id, estonian, english, turkish, cefr_level, image_query) VALUES ('b1-säilitama', 'säilitama', 'to preserve / to maintain', 'korumak / muhafaza etmek', 'B1', NULL) ON CONFLICT (id) DO NOTHING;
INSERT INTO word_sentences (word_id, estonian, english, turkish, sort_order) VALUES ('b1-säilitama', 'Me peame traditsioone säilitama.', 'We must preserve traditions.', 'Gelenekleri korumalıyız.', 0);
INSERT INTO words (id, estonian, english, turkish, cefr_level, image_query) VALUES ('b1-täitma', 'täitma', 'to fill / to fulfill', 'doldurmak / yerine getirmek', 'B1', NULL) ON CONFLICT (id) DO NOTHING;
INSERT INTO word_sentences (word_id, estonian, english, turkish, sort_order) VALUES ('b1-täitma', 'Palun täida see ankeet.', 'Please fill in this form.', 'Lütfen bu formu doldurun.', 0);
INSERT INTO words (id, estonian, english, turkish, cefr_level, image_query) VALUES ('b1-käsitlema', 'käsitlema', 'to deal with / to address', 'ele almak / işlemek', 'B1', NULL) ON CONFLICT (id) DO NOTHING;
INSERT INTO word_sentences (word_id, estonian, english, turkish, sort_order) VALUES ('b1-käsitlema', 'See raamat käsitleb ajalugu.', 'This book deals with history.', 'Bu kitap tarihi ele alıyor.', 0);
INSERT INTO words (id, estonian, english, turkish, cefr_level, image_query) VALUES ('b1-korrastama', 'korrastama', 'to tidy up / to put in order', 'düzenlemek / toplamak', 'B1', NULL) ON CONFLICT (id) DO NOTHING;
INSERT INTO word_sentences (word_id, estonian, english, turkish, sort_order) VALUES ('b1-korrastama', 'Ma pean oma faile korrastama.', 'I need to put my files in order.', 'Dosyalarımı düzenlemem gerekiyor.', 0);
INSERT INTO words (id, estonian, english, turkish, cefr_level, image_query) VALUES ('b1-imetlema', 'imetlema', 'to admire', 'hayran olmak', 'B1', NULL) ON CONFLICT (id) DO NOTHING;
INSERT INTO word_sentences (word_id, estonian, english, turkish, sort_order) VALUES ('b1-imetlema', 'Ma imetlen tema julgust.', 'I admire her courage.', 'Cesaretine hayranım.', 0);
INSERT INTO words (id, estonian, english, turkish, cefr_level, image_query) VALUES ('b1-julgus', 'julgus', 'courage / bravery', 'cesaret', 'B1', NULL) ON CONFLICT (id) DO NOTHING;
INSERT INTO word_sentences (word_id, estonian, english, turkish, sort_order) VALUES ('b1-julgus', 'Selleks on vaja suurt julgust.', 'This requires great courage.', 'Bunun için büyük cesaret gerekir.', 0);
INSERT INTO words (id, estonian, english, turkish, cefr_level, image_query) VALUES ('b1-kannatlikkus', 'kannatlikkus', 'patience', 'sabır', 'B1', NULL) ON CONFLICT (id) DO NOTHING;
INSERT INTO word_sentences (word_id, estonian, english, turkish, sort_order) VALUES ('b1-kannatlikkus', 'Õppimine nõuab kannatlikkust.', 'Learning requires patience.', 'Öğrenmek sabır gerektirir.', 0);
INSERT INTO words (id, estonian, english, turkish, cefr_level, image_query) VALUES ('b1-ausus', 'ausus', 'honesty', 'dürüstlük', 'B1', NULL) ON CONFLICT (id) DO NOTHING;
INSERT INTO word_sentences (word_id, estonian, english, turkish, sort_order) VALUES ('b1-ausus', 'Ausus on alati parim poliitika.', 'Honesty is always the best policy.', 'Dürüstlük her zaman en iyi politikadır.', 0);
INSERT INTO words (id, estonian, english, turkish, cefr_level, image_query) VALUES ('b1-enesekindlus', 'enesekindlus', 'self-confidence', 'özgüven', 'B1', NULL) ON CONFLICT (id) DO NOTHING;
INSERT INTO word_sentences (word_id, estonian, english, turkish, sort_order) VALUES ('b1-enesekindlus', 'Enesekindlus tuleb kogemusega.', 'Self-confidence comes with experience.', 'Özgüven deneyimle gelir.', 0);
INSERT INTO words (id, estonian, english, turkish, cefr_level, image_query) VALUES ('b1-kirjeldama', 'kirjeldama', 'to describe', 'tanımlamak / anlatmak', 'B1', NULL) ON CONFLICT (id) DO NOTHING;
INSERT INTO word_sentences (word_id, estonian, english, turkish, sort_order) VALUES ('b1-kirjeldama', 'Palun kirjelda, mis juhtus.', 'Please describe what happened.', 'Lütfen ne olduğunu anlat.', 0);
INSERT INTO words (id, estonian, english, turkish, cefr_level, image_query) VALUES ('b1-tõlkima', 'tõlkima', 'to translate', 'çevirmek / tercüme etmek', 'B1', NULL) ON CONFLICT (id) DO NOTHING;
INSERT INTO word_sentences (word_id, estonian, english, turkish, sort_order) VALUES ('b1-tõlkima', 'Kas sa saad selle teksti tõlkida?', 'Can you translate this text?', 'Bu metni çevirebilir misin?', 0);
INSERT INTO words (id, estonian, english, turkish, cefr_level, image_query) VALUES ('b1-suhtlema', 'suhtlema', 'to communicate', 'iletişim kurmak', 'B1', NULL) ON CONFLICT (id) DO NOTHING;
INSERT INTO word_sentences (word_id, estonian, english, turkish, sort_order) VALUES ('b1-suhtlema', 'Ta suhtleb hästi inimestega.', 'She communicates well with people.', 'İnsanlarla iyi iletişim kurar.', 0);
INSERT INTO words (id, estonian, english, turkish, cefr_level, image_query) VALUES ('b1-väljendama', 'väljendama', 'to express', 'ifade etmek', 'B1', NULL) ON CONFLICT (id) DO NOTHING;
INSERT INTO word_sentences (word_id, estonian, english, turkish, sort_order) VALUES ('b1-väljendama', 'Ta väljendab end selgelt.', 'She expresses herself clearly.', 'Kendini açıkça ifade eder.', 0);
INSERT INTO words (id, estonian, english, turkish, cefr_level, image_query) VALUES ('b1-kehtima', 'kehtima', 'to be valid / to apply', 'geçerli olmak', 'B1', NULL) ON CONFLICT (id) DO NOTHING;
INSERT INTO word_sentences (word_id, estonian, english, turkish, sort_order) VALUES ('b1-kehtima', 'See reegel kehtib kõigi kohta.', 'This rule applies to everyone.', 'Bu kural herkes için geçerlidir.', 0);
INSERT INTO words (id, estonian, english, turkish, cefr_level, image_query) VALUES ('b1-sõltuma', 'sõltuma', 'to depend on', 'bağlı olmak / -e bağlı', 'B1', NULL) ON CONFLICT (id) DO NOTHING;
INSERT INTO word_sentences (word_id, estonian, english, turkish, sort_order) VALUES ('b1-sõltuma', 'See sõltub olukorrast.', 'It depends on the situation.', 'Duruma bağlı.', 0);
INSERT INTO words (id, estonian, english, turkish, cefr_level, image_query) VALUES ('b1-järgima', 'järgima', 'to follow / to comply with', 'takip etmek / uymak', 'B1', NULL) ON CONFLICT (id) DO NOTHING;
INSERT INTO word_sentences (word_id, estonian, english, turkish, sort_order) VALUES ('b1-järgima', 'Palun järgi ohutusnõudeid.', 'Please follow safety requirements.', 'Lütfen güvenlik kurallarına uyun.', 0);
INSERT INTO words (id, estonian, english, turkish, cefr_level, image_query) VALUES ('b1-asjakohane', 'asjakohane', 'relevant / appropriate', 'ilgili / uygun / yerinde', 'B1', NULL) ON CONFLICT (id) DO NOTHING;
INSERT INTO word_sentences (word_id, estonian, english, turkish, sort_order) VALUES ('b1-asjakohane', 'See küsimus on väga asjakohane.', 'This question is very relevant.', 'Bu soru çok yerinde.', 0);
INSERT INTO words (id, estonian, english, turkish, cefr_level, image_query) VALUES ('b1-pikaajaline', 'pikaajaline', 'long-term', 'uzun vadeli', 'B1', NULL) ON CONFLICT (id) DO NOTHING;
INSERT INTO word_sentences (word_id, estonian, english, turkish, sort_order) VALUES ('b1-pikaajaline', 'Me vajame pikaajalist plaani.', 'We need a long-term plan.', 'Uzun vadeli bir plana ihtiyacımız var.', 0);
INSERT INTO words (id, estonian, english, turkish, cefr_level, image_query) VALUES ('b1-lühiajaline', 'lühiajaline', 'short-term', 'kısa vadeli', 'B1', NULL) ON CONFLICT (id) DO NOTHING;
INSERT INTO word_sentences (word_id, estonian, english, turkish, sort_order) VALUES ('b1-lühiajaline', 'See on ainult lühiajaline lahendus.', 'This is only a short-term solution.', 'Bu sadece kısa vadeli bir çözüm.', 0);
INSERT INTO words (id, estonian, english, turkish, cefr_level, image_query) VALUES ('b1-igapäevane', 'igapäevane', 'everyday / daily', 'günlük / gündelik', 'B1', NULL) ON CONFLICT (id) DO NOTHING;
INSERT INTO word_sentences (word_id, estonian, english, turkish, sort_order) VALUES ('b1-igapäevane', 'See on osa igapäevasest elust.', 'This is part of everyday life.', 'Bu günlük hayatın bir parçası.', 0);
INSERT INTO words (id, estonian, english, turkish, cefr_level, image_query) VALUES ('b1-loomulik', 'loomulik', 'natural', 'doğal', 'B1', NULL) ON CONFLICT (id) DO NOTHING;
INSERT INTO word_sentences (word_id, estonian, english, turkish, sort_order) VALUES ('b1-loomulik', 'See on täiesti loomulik reaktsioon.', 'This is a completely natural reaction.', 'Bu tamamen doğal bir tepki.', 0);
INSERT INTO words (id, estonian, english, turkish, cefr_level, image_query) VALUES ('b1-täpne', 'täpne', 'precise / exact', 'kesin / dakik', 'B1', NULL) ON CONFLICT (id) DO NOTHING;
INSERT INTO word_sentences (word_id, estonian, english, turkish, sort_order) VALUES ('b1-täpne', 'Palun ole oma vastustes täpne.', 'Please be precise in your answers.', 'Lütfen cevaplarında kesin ol.', 0);
INSERT INTO words (id, estonian, english, turkish, cefr_level, image_query) VALUES ('b1-arendama', 'arendama', 'to develop (transitive)', 'geliştirmek', 'B1', NULL) ON CONFLICT (id) DO NOTHING;
INSERT INTO word_sentences (word_id, estonian, english, turkish, sort_order) VALUES ('b1-arendama', 'Me arendame uut toodet.', 'We are developing a new product.', 'Yeni bir ürün geliştiriyoruz.', 0);
INSERT INTO words (id, estonian, english, turkish, cefr_level, image_query) VALUES ('b1-tegema-koostööd', 'koostööd tegema', 'to collaborate / to cooperate', 'iş birliği yapmak', 'B1', NULL) ON CONFLICT (id) DO NOTHING;
INSERT INTO word_sentences (word_id, estonian, english, turkish, sort_order) VALUES ('b1-tegema-koostööd', 'Me teeme koostööd teise ettevõttega.', 'We are collaborating with another company.', 'Başka bir şirketle iş birliği yapıyoruz.', 0);
INSERT INTO words (id, estonian, english, turkish, cefr_level, image_query) VALUES ('b1-eristama', 'eristama', 'to distinguish / to differentiate', 'ayırt etmek', 'B1', NULL) ON CONFLICT (id) DO NOTHING;
INSERT INTO word_sentences (word_id, estonian, english, turkish, sort_order) VALUES ('b1-eristama', 'On oluline eristada fakte arvamustest.', 'It is important to distinguish facts from opinions.', 'Gerçekleri görüşlerden ayırt etmek önemlidir.', 0);
INSERT INTO words (id, estonian, english, turkish, cefr_level, image_query) VALUES ('b1-tagama', 'tagama', 'to ensure / to guarantee', 'sağlamak / garanti etmek', 'B1', NULL) ON CONFLICT (id) DO NOTHING;
INSERT INTO word_sentences (word_id, estonian, english, turkish, sort_order) VALUES ('b1-tagama', 'Me tagame kõrge kvaliteedi.', 'We ensure high quality.', 'Yüksek kaliteyi sağlıyoruz.', 0);
INSERT INTO words (id, estonian, english, turkish, cefr_level, image_query) VALUES ('b1-küsitlus', 'küsitlus', 'survey / poll', 'anket', 'B1', NULL) ON CONFLICT (id) DO NOTHING;
INSERT INTO word_sentences (word_id, estonian, english, turkish, sort_order) VALUES ('b1-küsitlus', 'Küsitlus näitas, et enamik inimesi nõustub.', 'The survey showed that most people agree.', 'Anket, çoğu insanın aynı fikirde olduğunu gösterdi.', 0);
INSERT INTO words (id, estonian, english, turkish, cefr_level, image_query) VALUES ('b1-aastaaeg', 'aastaaeg', 'season (of the year)', 'mevsim', 'B1', NULL) ON CONFLICT (id) DO NOTHING;
INSERT INTO word_sentences (word_id, estonian, english, turkish, sort_order) VALUES ('b1-aastaaeg', 'Sügis on mu lemmik aastaaeg.', 'Autumn is my favorite season.', 'Sonbahar en sevdiğim mevsim.', 0);
INSERT INTO words (id, estonian, english, turkish, cefr_level, image_query) VALUES ('b1-liiklus', 'liiklus', 'traffic', 'trafik', 'B1', NULL) ON CONFLICT (id) DO NOTHING;
INSERT INTO word_sentences (word_id, estonian, english, turkish, sort_order) VALUES ('b1-liiklus', 'Hommikune liiklus on tihe.', 'Morning traffic is heavy.', 'Sabah trafiği yoğun.', 0);
INSERT INTO words (id, estonian, english, turkish, cefr_level, image_query) VALUES ('b1-ühistransport', 'ühistransport', 'public transport', 'toplu taşıma', 'B1', NULL) ON CONFLICT (id) DO NOTHING;
INSERT INTO word_sentences (word_id, estonian, english, turkish, sort_order) VALUES ('b1-ühistransport', 'Ühistransport on Tallinnas tasuta.', 'Public transport is free in Tallinn.', 'Tallinn''de toplu taşıma ücretsizdir.', 0);
INSERT INTO words (id, estonian, english, turkish, cefr_level, image_query) VALUES ('b1-naaber', 'naaber', 'neighbor', 'komşu', 'B1', NULL) ON CONFLICT (id) DO NOTHING;
INSERT INTO word_sentences (word_id, estonian, english, turkish, sort_order) VALUES ('b1-naaber', 'Meie naabrid on väga sõbralikud.', 'Our neighbors are very friendly.', 'Komşularımız çok cana yakın.', 0);
INSERT INTO words (id, estonian, english, turkish, cefr_level, image_query) VALUES ('b1-kogukond', 'kogukond', 'community', 'topluluk', 'B1', NULL) ON CONFLICT (id) DO NOTHING;
INSERT INTO word_sentences (word_id, estonian, english, turkish, sort_order) VALUES ('b1-kogukond', 'Kogukond tuli kokku, et aidata.', 'The community came together to help.', 'Topluluk yardım etmek için bir araya geldi.', 0);
INSERT INTO words (id, estonian, english, turkish, cefr_level, image_query) VALUES ('b1-vabatahtlik', 'vabatahtlik', 'volunteer / voluntary', 'gönüllü', 'B1', NULL) ON CONFLICT (id) DO NOTHING;
INSERT INTO word_sentences (word_id, estonian, english, turkish, sort_order) VALUES ('b1-vabatahtlik', 'Ta töötab vabatahtlikuna loomade varjupaigas.', 'She works as a volunteer at an animal shelter.', 'Hayvan barınağında gönüllü olarak çalışıyor.', 0);
INSERT INTO words (id, estonian, english, turkish, cefr_level, image_query) VALUES ('b1-heategevus', 'heategevus', 'charity', 'hayır işi / yardım kuruluşu', 'B1', NULL) ON CONFLICT (id) DO NOTHING;
INSERT INTO word_sentences (word_id, estonian, english, turkish, sort_order) VALUES ('b1-heategevus', 'Heategevus aitab abivajajaid.', 'Charity helps those in need.', 'Hayır işleri ihtiyacı olanlara yardımcı olur.', 0);
INSERT INTO words (id, estonian, english, turkish, cefr_level, image_query) VALUES ('b1-lõpetama', 'lõpetama', 'to finish / to graduate', 'bitirmek / mezun olmak', 'B1', NULL) ON CONFLICT (id) DO NOTHING;
INSERT INTO word_sentences (word_id, estonian, english, turkish, sort_order) VALUES ('b1-lõpetama', 'Ta lõpetas ülikooli eelmisel aastal.', 'She graduated from university last year.', 'Geçen yıl üniversiteden mezun oldu.', 0);
INSERT INTO words (id, estonian, english, turkish, cefr_level, image_query) VALUES ('b1-määrama', 'määrama', 'to determine / to appoint', 'belirlemek / atamak', 'B1', NULL) ON CONFLICT (id) DO NOTHING;
INSERT INTO word_sentences (word_id, estonian, english, turkish, sort_order) VALUES ('b1-määrama', 'Arst määras talle uue ravi.', 'The doctor prescribed a new treatment for him.', 'Doktor ona yeni bir tedavi yazdı.', 0);
INSERT INTO words (id, estonian, english, turkish, cefr_level, image_query) VALUES ('b1-kõrvaldama', 'kõrvaldama', 'to eliminate / to remove', 'ortadan kaldırmak / gidermek', 'B1', NULL) ON CONFLICT (id) DO NOTHING;
INSERT INTO word_sentences (word_id, estonian, english, turkish, sort_order) VALUES ('b1-kõrvaldama', 'Me peame selle probleemi kõrvaldama.', 'We must eliminate this problem.', 'Bu sorunu ortadan kaldırmalıyız.', 0);
INSERT INTO words (id, estonian, english, turkish, cefr_level, image_query) VALUES ('b1-põhimõte', 'põhimõte', 'principle', 'ilke / prensip', 'B1', NULL) ON CONFLICT (id) DO NOTHING;
INSERT INTO word_sentences (word_id, estonian, english, turkish, sort_order) VALUES ('b1-põhimõte', 'See on minu põhimõte.', 'This is my principle.', 'Bu benim ilkem.', 0);
INSERT INTO words (id, estonian, english, turkish, cefr_level, image_query) VALUES ('b1-ettepanek', 'ettepanek', 'proposal / suggestion', 'öneri / teklif', 'B1', NULL) ON CONFLICT (id) DO NOTHING;
INSERT INTO word_sentences (word_id, estonian, english, turkish, sort_order) VALUES ('b1-ettepanek', 'Mul on üks ettepanek.', 'I have a suggestion.', 'Bir önerim var.', 0);
INSERT INTO words (id, estonian, english, turkish, cefr_level, image_query) VALUES ('b1-erinevus', 'erinevus', 'difference', 'fark / farklılık', 'B1', NULL) ON CONFLICT (id) DO NOTHING;
INSERT INTO word_sentences (word_id, estonian, english, turkish, sort_order) VALUES ('b1-erinevus', 'Mis on nende kahe erinevus?', 'What is the difference between these two?', 'Bu ikisinin farkı ne?', 0);
INSERT INTO words (id, estonian, english, turkish, cefr_level, image_query) VALUES ('b1-sarnasus', 'sarnasus', 'similarity', 'benzerlik', 'B1', NULL) ON CONFLICT (id) DO NOTHING;
INSERT INTO word_sentences (word_id, estonian, english, turkish, sort_order) VALUES ('b1-sarnasus', 'Nende kahe keele vahel on palju sarnasusi.', 'There are many similarities between these two languages.', 'Bu iki dil arasında birçok benzerlik var.', 0);
INSERT INTO words (id, estonian, english, turkish, cefr_level, image_query) VALUES ('b1-erand', 'erand', 'exception', 'istisna', 'B1', NULL) ON CONFLICT (id) DO NOTHING;
INSERT INTO word_sentences (word_id, estonian, english, turkish, sort_order) VALUES ('b1-erand', 'See on reeglist erand.', 'This is an exception to the rule.', 'Bu kuralın bir istisnası.', 0);
INSERT INTO words (id, estonian, english, turkish, cefr_level, image_query) VALUES ('b1-tingimus', 'tingimus', 'condition / term', 'koşul / şart', 'B1', NULL) ON CONFLICT (id) DO NOTHING;
INSERT INTO word_sentences (word_id, estonian, english, turkish, sort_order) VALUES ('b1-tingimus', 'Mis tingimustel sa nõustud?', 'Under what conditions do you agree?', 'Hangi koşullarda kabul edersin?', 0);
INSERT INTO words (id, estonian, english, turkish, cefr_level, image_query) VALUES ('b1-teostama', 'teostama', 'to carry out / to execute', 'gerçekleştirmek / uygulamak', 'B1', NULL) ON CONFLICT (id) DO NOTHING;
INSERT INTO word_sentences (word_id, estonian, english, turkish, sort_order) VALUES ('b1-teostama', 'Me teostasime plaani edukalt.', 'We carried out the plan successfully.', 'Planı başarıyla gerçekleştirdik.', 0);
INSERT INTO words (id, estonian, english, turkish, cefr_level, image_query) VALUES ('b1-kord', 'kord', 'at times', 'bazen / kimi zaman', 'B1', NULL) ON CONFLICT (id) DO NOTHING;
INSERT INTO word_sentences (word_id, estonian, english, turkish, sort_order) VALUES ('b1-kord', 'Kord nii, kord naa.', 'Kord nii, kord naa.', 'Bazen öyle, bazen böyle.', 0);
INSERT INTO word_sentences (word_id, estonian, english, turkish, sort_order) VALUES ('b1-kord', 'Ilm oli muutlik, kord sadas vihma, kord paistis päike.', 'Ilm oli muutlik, kord sadas vihma, kord paistis päike.', 'Hava değişkendi, bazen yağmur yağdı, bazen güneş açtı.', 1);
INSERT INTO words (id, estonian, english, turkish, cefr_level, image_query) VALUES ('b1-pilv', 'pilv', 'cloud', 'bulut', 'B1', NULL) ON CONFLICT (id) DO NOTHING;
INSERT INTO word_sentences (word_id, estonian, english, turkish, sort_order) VALUES ('b1-pilv', 'Taevas on kaetud madalate pilvedega.', 'Taevas on kaetud madalate pilvedega.', 'Gökyüzü alçak bulutlarla kaplı.', 0);
INSERT INTO word_sentences (word_id, estonian, english, turkish, sort_order) VALUES ('b1-pilv', 'Päike kadus pilve taha.', 'Päike kadus pilve taha.', 'Güneş bulutun arkasına gizlendi.', 1);
INSERT INTO word_sentences (word_id, estonian, english, turkish, sort_order) VALUES ('b1-pilv', 'Tumedad pilved lähenevad, hakkab vihma sadama.', 'Tumedad pilved lähenevad, hakkab vihma sadama.', 'Kara bulutlar yaklaşıyor, yağmur yağmaya başlayacak.', 2);
INSERT INTO words (id, estonian, english, turkish, cefr_level, image_query) VALUES ('b1-kole', 'kole', 'ugly', 'çirkin', 'B1', NULL) ON CONFLICT (id) DO NOTHING;
INSERT INTO word_sentences (word_id, estonian, english, turkish, sort_order) VALUES ('b1-kole', 'Ta ei olnud just kole, aga ilus ka mitte.', 'Ta ei olnud just kole, aga ilus ka mitte.', 'Tam çirkin sayılmazdı ama güzel de değildi.', 0);
INSERT INTO word_sentences (word_id, estonian, english, turkish, sort_order) VALUES ('b1-kole', 'Väga kole maja.', 'Väga kole maja.', 'Çok çirkin bir ev.', 1);
INSERT INTO word_sentences (word_id, estonian, english, turkish, sort_order) VALUES ('b1-kole', 'Ta ei ole kole tüdruk, aga ilus ka mitte.', 'Ta ei ole kole tüdruk, aga ilus ka mitte.', 'Çirkin bir kız değil ama güzel de değil.', 2);
INSERT INTO words (id, estonian, english, turkish, cefr_level, image_query) VALUES ('b1-turvaline', 'turvaline', 'secure', 'güvenli', 'B1', NULL) ON CONFLICT (id) DO NOTHING;
INSERT INTO word_sentences (word_id, estonian, english, turkish, sort_order) VALUES ('b1-turvaline', 'Tahame lapsi kasvatada turvalises keskkonnas.', 'Tahame lapsi kasvatada turvalises keskkonnas.', 'Çocukları güvenli bir ortamda büyütmek istiyoruz.', 0);
INSERT INTO word_sentences (word_id, estonian, english, turkish, sort_order) VALUES ('b1-turvaline', 'Õpiti turvalise meresõidu võtteid.', 'Õpiti turvalise meresõidu võtteid.', 'Güvenli denizcilik teknikleri öğrenildi.', 1);
INSERT INTO word_sentences (word_id, estonian, english, turkish, sort_order) VALUES ('b1-turvaline', 'Lapsel on turvaline kodu.', 'Lapsel on turvaline kodu.', 'Çocuğun güvenli bir evi var.', 2);
INSERT INTO words (id, estonian, english, turkish, cefr_level, image_query) VALUES ('b1-sõprus', 'sõprus', 'friendship', 'dostluk / arkadaşlık', 'B1', NULL) ON CONFLICT (id) DO NOTHING;
INSERT INTO word_sentences (word_id, estonian, english, turkish, sort_order) VALUES ('b1-sõprus', 'Kas meeste ja naiste vahel on siiras sõprus võimalik?', 'Kas meeste ja naiste vahel on siiras sõprus võimalik?', 'Kadınlar ve erkekler arasında samimi bir dostluk mümkün mü?', 0);
INSERT INTO word_sentences (word_id, estonian, english, turkish, sort_order) VALUES ('b1-sõprus', 'Meid seob ammune sõprus.', 'Meid seob ammune sõprus.', 'Bizi eski bir dostluk bağlıyor.', 1);
INSERT INTO word_sentences (word_id, estonian, english, turkish, sort_order) VALUES ('b1-sõprus', 'Neid seob tõeline sõprus.', 'Neid seob tõeline sõprus.', 'Onları gerçek bir dostluk bağlıyor.', 2);
INSERT INTO words (id, estonian, english, turkish, cefr_level, image_query) VALUES ('b1-reis', 'reis', 'thigh', 'uyluk / baldır', 'B1', NULL) ON CONFLICT (id) DO NOTHING;
INSERT INTO word_sentences (word_id, estonian, english, turkish, sort_order) VALUES ('b1-reis', 'Reied on eilsest trennist valusad.', 'Reied on eilsest trennist valusad.', 'Dünkü antrenmandan uyluklarım ağrıyor.', 0);
INSERT INTO words (id, estonian, english, turkish, cefr_level, image_query) VALUES ('b1-järeldus', 'järeldus', 'conclusion', 'sonuç / çıkarım', 'B1', NULL) ON CONFLICT (id) DO NOTHING;
INSERT INTO word_sentences (word_id, estonian, english, turkish, sort_order) VALUES ('b1-järeldus', 'Võiks teha järelduse, et kasulik on süüa ainult rasvata piimatooteid.', 'Võiks teha järelduse, et kasulik on süüa ainult rasvata piimatooteid.', 'Sadece yağsız süt ürünleri yemenin faydalı olduğu sonucu çıkarılabilir.', 0);
INSERT INTO word_sentences (word_id, estonian, english, turkish, sort_order) VALUES ('b1-järeldus', 'Võrdle vastuseid ning tee järeldused.', 'Võrdle vastuseid ning tee järeldused.', 'Cevapları karşılaştır ve sonuçlarını çıkar.', 1);
INSERT INTO word_sentences (word_id, estonian, english, turkish, sort_order) VALUES ('b1-järeldus', 'Komisjon jõudis järeldusele, et ..', 'Komisjon jõudis järeldusele, et ..', 'Komisyon şu sonuca vardı ki ..', 2);
INSERT INTO words (id, estonian, english, turkish, cefr_level, image_query) VALUES ('b1-meetod', 'meetod', 'method', 'yöntem / metot', 'B1', NULL) ON CONFLICT (id) DO NOTHING;
INSERT INTO word_sentences (word_id, estonian, english, turkish, sort_order) VALUES ('b1-meetod', 'Meetod põhineb eri kaupade ja teenuste hindade võrdlemisel.', 'Meetod põhineb eri kaupade ja teenuste hindade võrdlemisel.', 'Yöntem, farklı mal ve hizmet fiyatlarının karşılaştırılmasına dayanıyor.', 0);
INSERT INTO word_sentences (word_id, estonian, english, turkish, sort_order) VALUES ('b1-meetod', 'Uued meetodid lubavad isegi pimedal nägijaks saada.', 'Uued meetodid lubavad isegi pimedal nägijaks saada.', 'Yeni yöntemler görme engellilerin bile görmesini mümkün kılıyor.', 1);
INSERT INTO word_sentences (word_id, estonian, english, turkish, sort_order) VALUES ('b1-meetod', 'Kloonimine kui meetod.', 'Kloonimine kui meetod.', 'Bir yöntem olarak klonlama.', 2);
INSERT INTO words (id, estonian, english, turkish, cefr_level, image_query) VALUES ('b1-reform', 'reform', 'reform', 'reform', 'B1', NULL) ON CONFLICT (id) DO NOTHING;
INSERT INTO word_sentences (word_id, estonian, english, turkish, sort_order) VALUES ('b1-reform', '1990ndate alguse radikaalsed reformid lõid soodsa keskkonna eraettevõtluse ja turumajanduse arenguks.', '1990ndate alguse radikaalsed reformid lõid soodsa keskkonna eraettevõtluse ja turumajanduse arenguks.', '1990''ların başındaki radikal reformlar, özel girişimcilik ve piyasa ekonomisinin gelişmesi için uygun bir ortam yarattı.', 0);
INSERT INTO word_sentences (word_id, estonian, english, turkish, sort_order) VALUES ('b1-reform', 'Teaduse ja ülikoolide reform.', 'Teaduse ja ülikoolide reform.', 'Bilim ve üniversite reformu.', 1);
INSERT INTO word_sentences (word_id, estonian, english, turkish, sort_order) VALUES ('b1-reform', 'Pärisorjuse kaotamise reform.', 'Pärisorjuse kaotamise reform.', 'Serfliğin kaldırılması reformu.', 2);
INSERT INTO words (id, estonian, english, turkish, cefr_level, image_query) VALUES ('b1-vähenema', 'vähenema', 'diminish', 'azalmak', 'B1', NULL) ON CONFLICT (id) DO NOTHING;
INSERT INTO word_sentences (word_id, estonian, english, turkish, sort_order) VALUES ('b1-vähenema', 'Läänemaa elanikkond väheneb jätkuvalt.', 'Läänemaa elanikkond väheneb jätkuvalt.', 'Läänemaa nüfusu sürekli azalıyor.', 0);
INSERT INTO word_sentences (word_id, estonian, english, turkish, sort_order) VALUES ('b1-vähenema', 'Ekspordi maht vähenes mullu neli protsenti.', 'Ekspordi maht vähenes mullu neli protsenti.', 'İhracat hacmi geçen yıl yüzde dört azaldı.', 1);
INSERT INTO word_sentences (word_id, estonian, english, turkish, sort_order) VALUES ('b1-vähenema', 'Firma kasum vähenes iga aastaga.', 'Firma kasum vähenes iga aastaga.', 'Firmanın karı her yıl azaldı.', 2);
INSERT INTO words (id, estonian, english, turkish, cefr_level, image_query) VALUES ('b1-suurenema', 'suurenema', 'increase', 'artmak / büyümek', 'B1', NULL) ON CONFLICT (id) DO NOTHING;
INSERT INTO word_sentences (word_id, estonian, english, turkish, sort_order) VALUES ('b1-suurenema', 'Äikesepilv suurenes ähvardavalt.', 'Äikesepilv suurenes ähvardavalt.', 'Fırtına bulutu tehditkâr bir şekilde büyüdü.', 0);
INSERT INTO word_sentences (word_id, estonian, english, turkish, sort_order) VALUES ('b1-suurenema', 'Eksport suurenes aastaga 8%.', 'Eksport suurenes aastaga 8%.', 'İhracat bir yılda %8 arttı.', 1);
INSERT INTO word_sentences (word_id, estonian, english, turkish, sort_order) VALUES ('b1-suurenema', 'Hoiuste maht suurenes laenudest kiiremini.', 'Hoiuste maht suurenes laenudest kiiremini.', 'Mevduat hacmi kredilerden daha hızlı arttı.', 2);
INSERT INTO words (id, estonian, english, turkish, cefr_level, image_query) VALUES ('b1-paranema', 'paranema', 'improve', 'iyileşmek / düzelmek', 'B1', NULL) ON CONFLICT (id) DO NOTHING;
INSERT INTO word_sentences (word_id, estonian, english, turkish, sort_order) VALUES ('b1-paranema', 'Mitu ettevõtjat on mõista andnud, et olukord ei parane enne, kui vallandub hinnasõda.', 'Mitu ettevõtjat on mõista andnud, et olukord ei parane enne, kui vallandub hinnasõda.', 'Birçok işletme sahibi, fiyat savaşı başlamadan durumun düzelmeyeceğini ima etti.', 0);
INSERT INTO word_sentences (word_id, estonian, english, turkish, sort_order) VALUES ('b1-paranema', 'Kui kehakaal langeb, siis enesetunne paraneb.', 'Kui kehakaal langeb, siis enesetunne paraneb.', 'Kilo verildiğinde kendini iyi hissetme durumu iyileşir.', 1);
INSERT INTO word_sentences (word_id, estonian, english, turkish, sort_order) VALUES ('b1-paranema', 'Naabrite suhted on paranenud.', 'Naabrite suhted on paranenud.', 'Komşularla ilişkiler düzeldi.', 2);
INSERT INTO words (id, estonian, english, turkish, cefr_level, image_query) VALUES ('b1-halvenema', 'halvenema', 'worsen', 'kötüleşmek', 'B1', NULL) ON CONFLICT (id) DO NOTHING;
INSERT INTO word_sentences (word_id, estonian, english, turkish, sort_order) VALUES ('b1-halvenema', 'Vanaisa mälu halvenes väga kiiresti.', 'Vanaisa mälu halvenes väga kiiresti.', 'Dedemin hafızası çok hızlı kötüleşti.', 0);
INSERT INTO word_sentences (word_id, estonian, english, turkish, sort_order) VALUES ('b1-halvenema', 'Halvenenud teeolud nõuavad liiklejatelt erilist tähelepanu.', 'Halvenenud teeolud nõuavad liiklejatelt erilist tähelepanu.', 'Kötüleşen yol koşulları sürücülerden özel dikkat gerektiriyor.', 1);
INSERT INTO word_sentences (word_id, estonian, english, turkish, sort_order) VALUES ('b1-halvenema', 'Patsiendi tervis halveneb.', 'Patsiendi tervis halveneb.', 'Hastanın sağlık durumu kötüleşiyor.', 2);
INSERT INTO words (id, estonian, english, turkish, cefr_level, image_query) VALUES ('b1-veerand', 'veerand', 'quarter', 'çeyrek', 'B1', NULL) ON CONFLICT (id) DO NOTHING;
INSERT INTO word_sentences (word_id, estonian, english, turkish, sort_order) VALUES ('b1-veerand', 'Ootasin veerand tundi.', 'Ootasin veerand tundi.', 'Çeyrek saat bekledim.', 0);
INSERT INTO word_sentences (word_id, estonian, english, turkish, sort_order) VALUES ('b1-veerand', 'Isu polnud, sõin veerand kartulit.', 'Isu polnud, sõin veerand kartulit.', 'İştahım yoktu, bir patatesi çeyrek yedim.', 1);
INSERT INTO word_sentences (word_id, estonian, english, turkish, sort_order) VALUES ('b1-veerand', 'Projekt on ettenähtust veerandi võrra kallim.', 'Projekt on ettenähtust veerandi võrra kallim.', 'Proje öngörülenden çeyrek oranında daha pahalı.', 2);
INSERT INTO words (id, estonian, english, turkish, cefr_level, image_query) VALUES ('b1-kolmandik', 'kolmandik', 'third', 'üçte bir', 'B1', NULL) ON CONFLICT (id) DO NOTHING;
INSERT INTO word_sentences (word_id, estonian, english, turkish, sort_order) VALUES ('b1-kolmandik', 'Kaks kolmandikku.', 'Kaks kolmandikku.', 'Üçte iki.', 0);
INSERT INTO word_sentences (word_id, estonian, english, turkish, sort_order) VALUES ('b1-kolmandik', 'Vanaisa sõi kolmandiku pitsast.', 'Vanaisa sõi kolmandiku pitsast.', 'Dede pizzanın üçte birini yedi.', 1);
INSERT INTO word_sentences (word_id, estonian, english, turkish, sort_order) VALUES ('b1-kolmandik', 'Üks kolmandik tööst on tehtud.', 'Üks kolmandik tööst on tehtud.', 'İşin üçte biri yapıldı.', 2);
INSERT INTO words (id, estonian, english, turkish, cefr_level, image_query) VALUES ('b1-reegel', 'reegel', 'rule', 'kural', 'B1', NULL) ON CONFLICT (id) DO NOTHING;
INSERT INTO word_sentences (word_id, estonian, english, turkish, sort_order) VALUES ('b1-reegel', 'Muinsuskaitse ei tohiks reeglitega liiale minna.', 'Muinsuskaitse ei tohiks reeglitega liiale minna.', 'Anıtların korunması kurallarla abartılmamalı.', 0);
INSERT INTO word_sentences (word_id, estonian, english, turkish, sort_order) VALUES ('b1-reegel', 'Vabakava kestab reeglite järgi neli minutit.', 'Vabakava kestab reeglite järgi neli minutit.', 'Serbest program kurallara göre dört dakika sürer.', 1);
INSERT INTO word_sentences (word_id, estonian, english, turkish, sort_order) VALUES ('b1-reegel', 'Liikluskorralduse reeglid.', 'Liikluskorralduse reeglid.', 'Trafik düzenleme kuralları.', 2);
INSERT INTO words (id, estonian, english, turkish, cefr_level, image_query) VALUES ('b1-sõjavägi', 'sõjavägi', 'army', 'ordu', 'B1', NULL) ON CONFLICT (id) DO NOTHING;
INSERT INTO word_sentences (word_id, estonian, english, turkish, sort_order) VALUES ('b1-sõjavägi', 'Riigi politsei ja sõjavägi viidi eile kõrgendatud häireolukorda.', 'Riigi politsei ja sõjavägi viidi eile kõrgendatud häireolukorda.', 'Ülkenin polisi ve ordusu dün yüksek alarm durumuna geçirildi.', 0);
INSERT INTO word_sentences (word_id, estonian, english, turkish, sort_order) VALUES ('b1-sõjavägi', 'Kes sõjaväes käinud, teab, milline magusanälg seal kummitab.', 'Kes sõjaväes käinud, teab, milline magusanälg seal kummitab.', 'Askerlik yapan herkes, orada nasıl bir tatlı özlemi olduğunu bilir.', 1);
INSERT INTO word_sentences (word_id, estonian, english, turkish, sort_order) VALUES ('b1-sõjavägi', 'Noored mehed võeti sõjaväkke.', 'Noored mehed võeti sõjaväkke.', 'Genç erkekler askere alındı.', 2);
INSERT INTO words (id, estonian, english, turkish, cefr_level, image_query) VALUES ('b1-mantel', 'mantel', 'coat', 'palto / manto', 'B1', NULL) ON CONFLICT (id) DO NOTHING;
INSERT INTO word_sentences (word_id, estonian, english, turkish, sort_order) VALUES ('b1-mantel', 'Kapuutsiga mantel.', 'Kapuutsiga mantel.', 'Kapüşonlu palto.', 0);
INSERT INTO word_sentences (word_id, estonian, english, turkish, sort_order) VALUES ('b1-mantel', 'Mulle meeldib, kui mulle aidatakse mantlit selga.', 'Mulle meeldib, kui mulle aidatakse mantlit selga.', 'Paltomu giymeme yardım edilmesinden hoşlanırım.', 1);
INSERT INTO word_sentences (word_id, estonian, english, turkish, sort_order) VALUES ('b1-mantel', 'Täna panin juba kevadise nahkjope selga, muidu käisin mantliga.', 'Täna panin juba kevadise nahkjope selga, muidu käisin mantliga.', 'Bugün artık bahar deri ceketi giydim, yoksa paltoyla geziyordum.', 2);
-- B2: 170 words
INSERT INTO words (id, estonian, english, turkish, cefr_level, image_query) VALUES ('b2-teadustöö', 'teadustöö', 'research / scientific work', 'araştırma / bilimsel çalışma', 'B2', NULL) ON CONFLICT (id) DO NOTHING;
INSERT INTO word_sentences (word_id, estonian, english, turkish, sort_order) VALUES ('b2-teadustöö', 'Ta avaldas oma teadustöö tulemused ajakirjas.', 'He published the results of his research in a journal.', 'Araştırmasının sonuçlarını bir dergide yayımladı.', 0);
INSERT INTO words (id, estonian, english, turkish, cefr_level, image_query) VALUES ('b2-hüpotees', 'hüpotees', 'hypothesis', 'hipotez', 'B2', NULL) ON CONFLICT (id) DO NOTHING;
INSERT INTO word_sentences (word_id, estonian, english, turkish, sort_order) VALUES ('b2-hüpotees', 'Teadlased püstitasid uue hüpoteesi.', 'The scientists put forward a new hypothesis.', 'Bilim insanları yeni bir hipotez ortaya koydu.', 0);
INSERT INTO words (id, estonian, english, turkish, cefr_level, image_query) VALUES ('b2-analüüs', 'analüüs', 'analysis', 'analiz', 'B2', NULL) ON CONFLICT (id) DO NOTHING;
INSERT INTO word_sentences (word_id, estonian, english, turkish, sort_order) VALUES ('b2-analüüs', 'Andmete analüüs näitas ootamatuid tulemusi.', 'The data analysis showed unexpected results.', 'Veri analizi beklenmedik sonuçlar gösterdi.', 0);
INSERT INTO words (id, estonian, english, turkish, cefr_level, image_query) VALUES ('b2-järeldus', 'järeldus', 'conclusion', 'sonuç / çıkarım', 'B2', NULL) ON CONFLICT (id) DO NOTHING;
INSERT INTO word_sentences (word_id, estonian, english, turkish, sort_order) VALUES ('b2-järeldus', 'Millise järelduse te sellest teete?', 'What conclusion do you draw from this?', 'Bundan ne sonuç çıkarıyorsunuz?', 0);
INSERT INTO words (id, estonian, english, turkish, cefr_level, image_query) VALUES ('b2-väitekiri', 'väitekiri', 'thesis / dissertation', 'tez / doktora tezi', 'B2', NULL) ON CONFLICT (id) DO NOTHING;
INSERT INTO word_sentences (word_id, estonian, english, turkish, sort_order) VALUES ('b2-väitekiri', 'Ta kaitses oma väitekirja edukalt.', 'She defended her dissertation successfully.', 'Tezini başarıyla savundu.', 0);
INSERT INTO words (id, estonian, english, turkish, cefr_level, image_query) VALUES ('b2-viide', 'viide', 'reference / citation', 'kaynak / atıf', 'B2', NULL) ON CONFLICT (id) DO NOTHING;
INSERT INTO word_sentences (word_id, estonian, english, turkish, sort_order) VALUES ('b2-viide', 'Palun lisage kõik viited töö lõppu.', 'Please add all references at the end of the paper.', 'Lütfen tüm kaynakları çalışmanın sonuna ekleyin.', 0);
INSERT INTO words (id, estonian, english, turkish, cefr_level, image_query) VALUES ('b2-kokkuvõte', 'kokkuvõte', 'summary', 'özet', 'B2', NULL) ON CONFLICT (id) DO NOTHING;
INSERT INTO word_sentences (word_id, estonian, english, turkish, sort_order) VALUES ('b2-kokkuvõte', 'Artikli kokkuvõte on selge ja lühike.', 'The summary of the article is clear and concise.', 'Makalenin özeti açık ve kısa.', 0);
INSERT INTO words (id, estonian, english, turkish, cefr_level, image_query) VALUES ('b2-uurimus', 'uurimus', 'study / investigation', 'çalışma / araştırma', 'B2', NULL) ON CONFLICT (id) DO NOTHING;
INSERT INTO word_sentences (word_id, estonian, english, turkish, sort_order) VALUES ('b2-uurimus', 'See uurimus hõlmas tuhandeid osalejaid.', 'This study involved thousands of participants.', 'Bu çalışma binlerce katılımcıyı kapsadı.', 0);
INSERT INTO words (id, estonian, english, turkish, cefr_level, image_query) VALUES ('b2-meetod', 'meetod', 'method', 'yöntem', 'B2', NULL) ON CONFLICT (id) DO NOTHING;
INSERT INTO word_sentences (word_id, estonian, english, turkish, sort_order) VALUES ('b2-meetod', 'Millist meetodit te kasutasite?', 'Which method did you use?', 'Hangi yöntemi kullandınız?', 0);
INSERT INTO words (id, estonian, english, turkish, cefr_level, image_query) VALUES ('b2-teooria', 'teooria', 'theory', 'teori / kuram', 'B2', NULL) ON CONFLICT (id) DO NOTHING;
INSERT INTO word_sentences (word_id, estonian, english, turkish, sort_order) VALUES ('b2-teooria', 'See teooria on teaduslikult tõestatud.', 'This theory has been scientifically proven.', 'Bu teori bilimsel olarak kanıtlanmıştır.', 0);
INSERT INTO words (id, estonian, english, turkish, cefr_level, image_query) VALUES ('b2-õigus', 'õigus', 'law / right', 'hukuk / hak', 'B2', NULL) ON CONFLICT (id) DO NOTHING;
INSERT INTO word_sentences (word_id, estonian, english, turkish, sort_order) VALUES ('b2-õigus', 'Igal inimesel on õigus haridusele.', 'Every person has the right to education.', 'Her insanın eğitim hakkı vardır.', 0);
INSERT INTO words (id, estonian, english, turkish, cefr_level, image_query) VALUES ('b2-kohus', 'kohus', 'court', 'mahkeme', 'B2', NULL) ON CONFLICT (id) DO NOTHING;
INSERT INTO word_sentences (word_id, estonian, english, turkish, sort_order) VALUES ('b2-kohus', 'Kohus tegi otsuse süüdistatava kasuks.', 'The court ruled in favor of the defendant.', 'Mahkeme sanığın lehine karar verdi.', 0);
INSERT INTO words (id, estonian, english, turkish, cefr_level, image_query) VALUES ('b2-süüdistus', 'süüdistus', 'accusation / charge', 'suçlama / itham', 'B2', NULL) ON CONFLICT (id) DO NOTHING;
INSERT INTO word_sentences (word_id, estonian, english, turkish, sort_order) VALUES ('b2-süüdistus', 'Süüdistus põhines kaudsetel tõenditel.', 'The accusation was based on circumstantial evidence.', 'Suçlama dolaylı delillere dayanıyordu.', 0);
INSERT INTO words (id, estonian, english, turkish, cefr_level, image_query) VALUES ('b2-kaitsja', 'kaitsja', 'defense lawyer / defender', 'savunma avukatı / müdafi', 'B2', NULL) ON CONFLICT (id) DO NOTHING;
INSERT INTO word_sentences (word_id, estonian, english, turkish, sort_order) VALUES ('b2-kaitsja', 'Kaitsja esitas uued tõendid.', 'The defense lawyer presented new evidence.', 'Savunma avukatı yeni deliller sundu.', 0);
INSERT INTO words (id, estonian, english, turkish, cefr_level, image_query) VALUES ('b2-seadus', 'seadus', 'law / statute', 'yasa / kanun', 'B2', NULL) ON CONFLICT (id) DO NOTHING;
INSERT INTO word_sentences (word_id, estonian, english, turkish, sort_order) VALUES ('b2-seadus', 'Uus seadus jõustub järgmisest kuust.', 'The new law takes effect from next month.', 'Yeni yasa gelecek aydan itibaren yürürlüğe giriyor.', 0);
INSERT INTO words (id, estonian, english, turkish, cefr_level, image_query) VALUES ('b2-tunnistaja', 'tunnistaja', 'witness', 'tanık', 'B2', NULL) ON CONFLICT (id) DO NOTHING;
INSERT INTO word_sentences (word_id, estonian, english, turkish, sort_order) VALUES ('b2-tunnistaja', 'Tunnistaja andis kohtuistungil ütluse.', 'The witness gave testimony at the trial.', 'Tanık duruşmada ifade verdi.', 0);
INSERT INTO words (id, estonian, english, turkish, cefr_level, image_query) VALUES ('b2-tõend', 'tõend', 'evidence / proof', 'delil / kanıt', 'B2', NULL) ON CONFLICT (id) DO NOTHING;
INSERT INTO word_sentences (word_id, estonian, english, turkish, sort_order) VALUES ('b2-tõend', 'Politsei kogus kuriteo kohta tõendeid.', 'The police gathered evidence about the crime.', 'Polis suçla ilgili delil topladı.', 0);
INSERT INTO words (id, estonian, english, turkish, cefr_level, image_query) VALUES ('b2-leping', 'leping', 'contract / agreement', 'sözleşme / anlaşma', 'B2', NULL) ON CONFLICT (id) DO NOTHING;
INSERT INTO word_sentences (word_id, estonian, english, turkish, sort_order) VALUES ('b2-leping', 'Mõlemad pooled allkirjastasid lepingu.', 'Both parties signed the contract.', 'Her iki taraf da sözleşmeyi imzaladı.', 0);
INSERT INTO words (id, estonian, english, turkish, cefr_level, image_query) VALUES ('b2-karistus', 'karistus', 'punishment / penalty', 'ceza', 'B2', NULL) ON CONFLICT (id) DO NOTHING;
INSERT INTO word_sentences (word_id, estonian, english, turkish, sort_order) VALUES ('b2-karistus', 'Karistus peab olema proportsionaalne kuriteoga.', 'The punishment must be proportional to the crime.', 'Ceza suçla orantılı olmalıdır.', 0);
INSERT INTO words (id, estonian, english, turkish, cefr_level, image_query) VALUES ('b2-otsus', 'otsus', 'decision / ruling', 'karar', 'B2', NULL) ON CONFLICT (id) DO NOTHING;
INSERT INTO word_sentences (word_id, estonian, english, turkish, sort_order) VALUES ('b2-otsus', 'Kohtu otsus on lõplik ja edasikaebamisele ei kuulu.', 'The court''s decision is final and not subject to appeal.', 'Mahkemenin kararı kesindir ve temyize götürülemez.', 0);
INSERT INTO words (id, estonian, english, turkish, cefr_level, image_query) VALUES ('b2-inflatsioon', 'inflatsioon', 'inflation', 'enflasyon', 'B2', NULL) ON CONFLICT (id) DO NOTHING;
INSERT INTO word_sentences (word_id, estonian, english, turkish, sort_order) VALUES ('b2-inflatsioon', 'Inflatsioon on viimasel aastal kiiresti kasvanud.', 'Inflation has risen rapidly in the past year.', 'Enflasyon geçtiğimiz yıl hızla yükseldi.', 0);
INSERT INTO words (id, estonian, english, turkish, cefr_level, image_query) VALUES ('b2-investeering', 'investeering', 'investment', 'yatırım', 'B2', NULL) ON CONFLICT (id) DO NOTHING;
INSERT INTO word_sentences (word_id, estonian, english, turkish, sort_order) VALUES ('b2-investeering', 'See oli pikaajaline investeering tulevikku.', 'It was a long-term investment in the future.', 'Bu geleceğe yapılan uzun vadeli bir yatırımdı.', 0);
INSERT INTO words (id, estonian, english, turkish, cefr_level, image_query) VALUES ('b2-majanduskasv', 'majanduskasv', 'economic growth', 'ekonomik büyüme', 'B2', NULL) ON CONFLICT (id) DO NOTHING;
INSERT INTO word_sentences (word_id, estonian, english, turkish, sort_order) VALUES ('b2-majanduskasv', 'Riigi majanduskasv aeglustus kolmandas kvartalis.', 'The country''s economic growth slowed in the third quarter.', 'Ülkenin ekonomik büyümesi üçüncü çeyrekte yavaşladı.', 0);
INSERT INTO words (id, estonian, english, turkish, cefr_level, image_query) VALUES ('b2-tööpuudus', 'tööpuudus', 'unemployment', 'işsizlik', 'B2', NULL) ON CONFLICT (id) DO NOTHING;
INSERT INTO word_sentences (word_id, estonian, english, turkish, sort_order) VALUES ('b2-tööpuudus', 'Tööpuudus noorte seas on murettekitav.', 'Unemployment among young people is concerning.', 'Gençler arasındaki işsizlik endişe verici.', 0);
INSERT INTO words (id, estonian, english, turkish, cefr_level, image_query) VALUES ('b2-eelarve', 'eelarve', 'budget', 'bütçe', 'B2', NULL) ON CONFLICT (id) DO NOTHING;
INSERT INTO word_sentences (word_id, estonian, english, turkish, sort_order) VALUES ('b2-eelarve', 'Riigi eelarve on sel aastal defitsiidis.', 'The state budget is in deficit this year.', 'Devlet bütçesi bu yıl açık veriyor.', 0);
INSERT INTO words (id, estonian, english, turkish, cefr_level, image_query) VALUES ('b2-käive', 'käive', 'turnover / revenue', 'ciro / gelir', 'B2', NULL) ON CONFLICT (id) DO NOTHING;
INSERT INTO word_sentences (word_id, estonian, english, turkish, sort_order) VALUES ('b2-käive', 'Ettevõtte käive kasvas eelmisel aastal kahekümne protsendi võrra.', 'The company''s turnover grew by twenty percent last year.', 'Şirketin cirosu geçen yıl yüzde yirmi arttı.', 0);
INSERT INTO words (id, estonian, english, turkish, cefr_level, image_query) VALUES ('b2-kasum', 'kasum', 'profit', 'kâr', 'B2', NULL) ON CONFLICT (id) DO NOTHING;
INSERT INTO word_sentences (word_id, estonian, english, turkish, sort_order) VALUES ('b2-kasum', 'Firma teenis sel aastal rekordilist kasumit.', 'The company earned record profit this year.', 'Şirket bu yıl rekor kâr elde etti.', 0);
INSERT INTO words (id, estonian, english, turkish, cefr_level, image_query) VALUES ('b2-laen', 'laen', 'loan', 'kredi / borç', 'B2', NULL) ON CONFLICT (id) DO NOTHING;
INSERT INTO word_sentences (word_id, estonian, english, turkish, sort_order) VALUES ('b2-laen', 'Ta võttis pangast laenu maja ostmiseks.', 'He took a loan from the bank to buy a house.', 'Ev almak için bankadan kredi çekti.', 0);
INSERT INTO words (id, estonian, english, turkish, cefr_level, image_query) VALUES ('b2-maksustamine', 'maksustamine', 'taxation', 'vergilendirme', 'B2', NULL) ON CONFLICT (id) DO NOTHING;
INSERT INTO word_sentences (word_id, estonian, english, turkish, sort_order) VALUES ('b2-maksustamine', 'Õiglane maksustamine on ühiskonna alustala.', 'Fair taxation is the foundation of society.', 'Adil vergilendirme toplumun temelidir.', 0);
INSERT INTO words (id, estonian, english, turkish, cefr_level, image_query) VALUES ('b2-konkurents', 'konkurents', 'competition', 'rekabet', 'B2', NULL) ON CONFLICT (id) DO NOTHING;
INSERT INTO word_sentences (word_id, estonian, english, turkish, sort_order) VALUES ('b2-konkurents', 'Tihe konkurents sunnib ettevõtteid uuendusi tegema.', 'Fierce competition forces companies to innovate.', 'Yoğun rekabet şirketleri yenilik yapmaya zorluyor.', 0);
INSERT INTO words (id, estonian, english, turkish, cefr_level, image_query) VALUES ('b2-eetika', 'eetika', 'ethics', 'etik / ahlak bilimi', 'B2', NULL) ON CONFLICT (id) DO NOTHING;
INSERT INTO word_sentences (word_id, estonian, english, turkish, sort_order) VALUES ('b2-eetika', 'Meditsiinieetika nõuab patsiendi nõusolekut.', 'Medical ethics requires the patient''s consent.', 'Tıp etiği hastanın onayını gerektirir.', 0);
INSERT INTO words (id, estonian, english, turkish, cefr_level, image_query) VALUES ('b2-moraal', 'moraal', 'morality / morale', 'ahlak / moral', 'B2', NULL) ON CONFLICT (id) DO NOTHING;
INSERT INTO word_sentences (word_id, estonian, english, turkish, sort_order) VALUES ('b2-moraal', 'Ühiskonna moraal on pidevas muutumises.', 'Society''s morality is constantly changing.', 'Toplumun ahlak anlayışı sürekli değişiyor.', 0);
INSERT INTO words (id, estonian, english, turkish, cefr_level, image_query) VALUES ('b2-väärtus', 'väärtus', 'value', 'değer', 'B2', NULL) ON CONFLICT (id) DO NOTHING;
INSERT INTO word_sentences (word_id, estonian, english, turkish, sort_order) VALUES ('b2-väärtus', 'Ausus on üks olulisemaid väärtusi.', 'Honesty is one of the most important values.', 'Dürüstlük en önemli değerlerden biridir.', 0);
INSERT INTO words (id, estonian, english, turkish, cefr_level, image_query) VALUES ('b2-põhimõte', 'põhimõte', 'principle', 'ilke / prensip', 'B2', NULL) ON CONFLICT (id) DO NOTHING;
INSERT INTO word_sentences (word_id, estonian, english, turkish, sort_order) VALUES ('b2-põhimõte', 'Ta ei loobu oma põhimõtetest.', 'He does not give up his principles.', 'İlkelerinden vazgeçmiyor.', 0);
INSERT INTO words (id, estonian, english, turkish, cefr_level, image_query) VALUES ('b2-südametunnistus', 'südametunnistus', 'conscience', 'vicdan', 'B2', NULL) ON CONFLICT (id) DO NOTHING;
INSERT INTO word_sentences (word_id, estonian, english, turkish, sort_order) VALUES ('b2-südametunnistus', 'Tema südametunnistus ei lubanud valetada.', 'His conscience did not allow him to lie.', 'Vicdanı yalan söylemesine izin vermedi.', 0);
INSERT INTO words (id, estonian, english, turkish, cefr_level, image_query) VALUES ('b2-õiglus', 'õiglus', 'justice / fairness', 'adalet / hakkaniyet', 'B2', NULL) ON CONFLICT (id) DO NOTHING;
INSERT INTO word_sentences (word_id, estonian, english, turkish, sort_order) VALUES ('b2-õiglus', 'Rahvas nõuab õiglust ja võrdsust.', 'The people demand justice and equality.', 'Halk adalet ve eşitlik talep ediyor.', 0);
INSERT INTO words (id, estonian, english, turkish, cefr_level, image_query) VALUES ('b2-eelarvamus', 'eelarvamus', 'prejudice', 'önyargı', 'B2', NULL) ON CONFLICT (id) DO NOTHING;
INSERT INTO word_sentences (word_id, estonian, english, turkish, sort_order) VALUES ('b2-eelarvamus', 'Eelarvamused takistavad ühiskonna arengut.', 'Prejudices hinder the development of society.', 'Önyargılar toplumun gelişimini engelliyor.', 0);
INSERT INTO words (id, estonian, english, turkish, cefr_level, image_query) VALUES ('b2-vastutus', 'vastutus', 'responsibility', 'sorumluluk', 'B2', NULL) ON CONFLICT (id) DO NOTHING;
INSERT INTO word_sentences (word_id, estonian, english, turkish, sort_order) VALUES ('b2-vastutus', 'Iga kodanik kannab vastutust oma tegude eest.', 'Every citizen bears responsibility for their actions.', 'Her vatandaş kendi eylemlerinin sorumluluğunu taşır.', 0);
INSERT INTO words (id, estonian, english, turkish, cefr_level, image_query) VALUES ('b2-skulptuur', 'skulptuur', 'sculpture', 'heykel', 'B2', NULL) ON CONFLICT (id) DO NOTHING;
INSERT INTO word_sentences (word_id, estonian, english, turkish, sort_order) VALUES ('b2-skulptuur', 'Pargis on paigaldatud uus skulptuur.', 'A new sculpture has been installed in the park.', 'Parka yeni bir heykel yerleştirildi.', 0);
INSERT INTO words (id, estonian, english, turkish, cefr_level, image_query) VALUES ('b2-näitus', 'näitus', 'exhibition', 'sergi', 'B2', NULL) ON CONFLICT (id) DO NOTHING;
INSERT INTO word_sentences (word_id, estonian, english, turkish, sort_order) VALUES ('b2-näitus', 'Kunstimuuseumis on avatud uus näitus.', 'A new exhibition has opened at the art museum.', 'Sanat müzesinde yeni bir sergi açıldı.', 0);
INSERT INTO words (id, estonian, english, turkish, cefr_level, image_query) VALUES ('b2-lavastus', 'lavastus', 'production / staging', 'sahne yapımı / tiyatro oyunu', 'B2', NULL) ON CONFLICT (id) DO NOTHING;
INSERT INTO word_sentences (word_id, estonian, english, turkish, sort_order) VALUES ('b2-lavastus', 'Teatri uus lavastus pälvis kriitikute kiitust.', 'The theater''s new production received praise from critics.', 'Tiyatronun yeni yapımı eleştirmenlerden övgü aldı.', 0);
INSERT INTO words (id, estonian, english, turkish, cefr_level, image_query) VALUES ('b2-helilooja', 'helilooja', 'composer', 'besteci', 'B2', NULL) ON CONFLICT (id) DO NOTHING;
INSERT INTO word_sentences (word_id, estonian, english, turkish, sort_order) VALUES ('b2-helilooja', 'Arvo Pärt on maailmakuulus eesti helilooja.', 'Arvo Pärt is a world-famous Estonian composer.', 'Arvo Pärt dünyaca ünlü bir Estonyalı bestecidir.', 0);
INSERT INTO words (id, estonian, english, turkish, cefr_level, image_query) VALUES ('b2-kirjandus', 'kirjandus', 'literature', 'edebiyat', 'B2', NULL) ON CONFLICT (id) DO NOTHING;
INSERT INTO word_sentences (word_id, estonian, english, turkish, sort_order) VALUES ('b2-kirjandus', 'Eesti kirjandus on rikas ja mitmekesine.', 'Estonian literature is rich and diverse.', 'Estonya edebiyatı zengin ve çeşitlidir.', 0);
INSERT INTO words (id, estonian, english, turkish, cefr_level, image_query) VALUES ('b2-luuletus', 'luuletus', 'poem', 'şiir', 'B2', NULL) ON CONFLICT (id) DO NOTHING;
INSERT INTO word_sentences (word_id, estonian, english, turkish, sort_order) VALUES ('b2-luuletus', 'Ta kirjutas kauneid luuletusi loodusest.', 'She wrote beautiful poems about nature.', 'Doğa hakkında güzel şiirler yazdı.', 0);
INSERT INTO words (id, estonian, english, turkish, cefr_level, image_query) VALUES ('b2-looming', 'looming', 'creative work / oeuvre', 'yaratıcı eser / yapıt', 'B2', NULL) ON CONFLICT (id) DO NOTHING;
INSERT INTO word_sentences (word_id, estonian, english, turkish, sort_order) VALUES ('b2-looming', 'Tema looming on mõjutanud tervet põlvkonda.', 'His creative work has influenced an entire generation.', 'Eserleri bütün bir nesli etkilemiştir.', 0);
INSERT INTO words (id, estonian, english, turkish, cefr_level, image_query) VALUES ('b2-kultuuripärand', 'kultuuripärand', 'cultural heritage', 'kültürel miras', 'B2', NULL) ON CONFLICT (id) DO NOTHING;
INSERT INTO word_sentences (word_id, estonian, english, turkish, sort_order) VALUES ('b2-kultuuripärand', 'Vanalinn on osa meie kultuuripärandist.', 'The old town is part of our cultural heritage.', 'Tarihi şehir merkezi kültürel mirasımızın bir parçasıdır.', 0);
INSERT INTO words (id, estonian, english, turkish, cefr_level, image_query) VALUES ('b2-stiil', 'stiil', 'style', 'stil / tarz', 'B2', NULL) ON CONFLICT (id) DO NOTHING;
INSERT INTO word_sentences (word_id, estonian, english, turkish, sort_order) VALUES ('b2-stiil', 'Kunstniku stiil on ainulaadne ja äratuntav.', 'The artist''s style is unique and recognizable.', 'Sanatçının tarzı benzersiz ve tanınabilir.', 0);
INSERT INTO words (id, estonian, english, turkish, cefr_level, image_query) VALUES ('b2-nördimus', 'nördimus', 'indignation / outrage', 'öfke / infial', 'B2', NULL) ON CONFLICT (id) DO NOTHING;
INSERT INTO word_sentences (word_id, estonian, english, turkish, sort_order) VALUES ('b2-nördimus', 'Otsus tekitas avalikkuses suurt nördimust.', 'The decision caused great indignation among the public.', 'Karar kamuoyunda büyük öfkeye neden oldu.', 0);
INSERT INTO words (id, estonian, english, turkish, cefr_level, image_query) VALUES ('b2-kahetsus', 'kahetsus', 'regret / remorse', 'pişmanlık', 'B2', NULL) ON CONFLICT (id) DO NOTHING;
INSERT INTO word_sentences (word_id, estonian, english, turkish, sort_order) VALUES ('b2-kahetsus', 'Ta tundis sügavat kahetsust oma sõnade pärast.', 'He felt deep regret about his words.', 'Sözlerinden dolayı derin bir pişmanlık duydu.', 0);
INSERT INTO words (id, estonian, english, turkish, cefr_level, image_query) VALUES ('b2-igatsus', 'igatsus', 'longing / yearning', 'özlem / hasret', 'B2', NULL) ON CONFLICT (id) DO NOTHING;
INSERT INTO word_sentences (word_id, estonian, english, turkish, sort_order) VALUES ('b2-igatsus', 'Kodu igatsus valdas teda välismaal.', 'Homesickness overwhelmed him abroad.', 'Yurt dışındayken memleket hasreti onu sardı.', 0);
INSERT INTO words (id, estonian, english, turkish, cefr_level, image_query) VALUES ('b2-hämmastus', 'hämmastus', 'amazement / astonishment', 'şaşkınlık / hayret', 'B2', NULL) ON CONFLICT (id) DO NOTHING;
INSERT INTO word_sentences (word_id, estonian, english, turkish, sort_order) VALUES ('b2-hämmastus', 'Ta vaatas hämmastusega, kuidas jõehobu ujus.', 'He watched in amazement as the hippopotamus swam.', 'Su aygırının yüzüşünü hayretle izledi.', 0);
INSERT INTO words (id, estonian, english, turkish, cefr_level, image_query) VALUES ('b2-pettumus', 'pettumus', 'disappointment', 'hayal kırıklığı', 'B2', NULL) ON CONFLICT (id) DO NOTHING;
INSERT INTO word_sentences (word_id, estonian, english, turkish, sort_order) VALUES ('b2-pettumus', 'Pettumus oli tema näost selgelt näha.', 'The disappointment was clearly visible on his face.', 'Hayal kırıklığı yüzünden açıkça okunuyordu.', 0);
INSERT INTO words (id, estonian, english, turkish, cefr_level, image_query) VALUES ('b2-üksindus', 'üksindus', 'loneliness / solitude', 'yalnızlık', 'B2', NULL) ON CONFLICT (id) DO NOTHING;
INSERT INTO word_sentences (word_id, estonian, english, turkish, sort_order) VALUES ('b2-üksindus', 'Üksindus võib mõjutada vaimset tervist.', 'Loneliness can affect mental health.', 'Yalnızlık ruh sağlığını etkileyebilir.', 0);
INSERT INTO words (id, estonian, english, turkish, cefr_level, image_query) VALUES ('b2-uhkus', 'uhkus', 'pride', 'gurur', 'B2', NULL) ON CONFLICT (id) DO NOTHING;
INSERT INTO word_sentences (word_id, estonian, english, turkish, sort_order) VALUES ('b2-uhkus', 'Vanemad tundsid lapse saavutuste üle uhkust.', 'The parents felt pride in their child''s achievements.', 'Anne baba çocuklarının başarılarıyla gurur duydu.', 0);
INSERT INTO words (id, estonian, english, turkish, cefr_level, image_query) VALUES ('b2-kaastunne', 'kaastunne', 'compassion / sympathy', 'merhamet / şefkat', 'B2', NULL) ON CONFLICT (id) DO NOTHING;
INSERT INTO word_sentences (word_id, estonian, english, turkish, sort_order) VALUES ('b2-kaastunne', 'Ta näitas kaastunnet kannatajate vastu.', 'She showed compassion towards the victims.', 'Mağdurlara karşı merhamet gösterdi.', 0);
INSERT INTO words (id, estonian, english, turkish, cefr_level, image_query) VALUES ('b2-ärevus', 'ärevus', 'anxiety', 'kaygı / endişe', 'B2', NULL) ON CONFLICT (id) DO NOTHING;
INSERT INTO word_sentences (word_id, estonian, english, turkish, sort_order) VALUES ('b2-ärevus', 'Ärevus enne eksamit on täiesti normaalne.', 'Anxiety before an exam is completely normal.', 'Sınav öncesi kaygı tamamen normaldir.', 0);
INSERT INTO words (id, estonian, english, turkish, cefr_level, image_query) VALUES ('b2-kiindumus', 'kiindumus', 'attachment / affection', 'bağlılık / sevgi', 'B2', NULL) ON CONFLICT (id) DO NOTHING;
INSERT INTO word_sentences (word_id, estonian, english, turkish, sort_order) VALUES ('b2-kiindumus', 'Lapse kiindumus vanemate vastu on loomulik.', 'A child''s attachment to parents is natural.', 'Çocuğun anne babasına bağlılığı doğaldır.', 0);
INSERT INTO words (id, estonian, english, turkish, cefr_level, image_query) VALUES ('b2-käesolev', 'käesolev', 'present / current (formal)', 'mevcut / işbu (resmi)', 'B2', NULL) ON CONFLICT (id) DO NOTHING;
INSERT INTO word_sentences (word_id, estonian, english, turkish, sort_order) VALUES ('b2-käesolev', 'Käesolev dokument jõustub allkirjastamise hetkest.', 'The present document takes effect upon signing.', 'İşbu belge imzalanma anında yürürlüğe girer.', 0);
INSERT INTO words (id, estonian, english, turkish, cefr_level, image_query) VALUES ('b2-eelnimetatud', 'eelnimetatud', 'aforementioned', 'yukarıda belirtilen / adı geçen', 'B2', NULL) ON CONFLICT (id) DO NOTHING;
INSERT INTO word_sentences (word_id, estonian, english, turkish, sort_order) VALUES ('b2-eelnimetatud', 'Eelnimetatud tingimused kehtivad kõigile osapooltele.', 'The aforementioned conditions apply to all parties.', 'Yukarıda belirtilen koşullar tüm taraflar için geçerlidir.', 0);
INSERT INTO words (id, estonian, english, turkish, cefr_level, image_query) VALUES ('b2-kooskõlas', 'kooskõlas', 'in accordance with', 'uyarınca / uygun olarak', 'B2', NULL) ON CONFLICT (id) DO NOTHING;
INSERT INTO word_sentences (word_id, estonian, english, turkish, sort_order) VALUES ('b2-kooskõlas', 'Otsus tehti seadusega kooskõlas.', 'The decision was made in accordance with the law.', 'Karar yasaya uygun olarak alındı.', 0);
INSERT INTO words (id, estonian, english, turkish, cefr_level, image_query) VALUES ('b2-tulenevalt', 'tulenevalt', 'arising from / due to', 'dolayı / kaynaklanan', 'B2', NULL) ON CONFLICT (id) DO NOTHING;
INSERT INTO word_sentences (word_id, estonian, english, turkish, sort_order) VALUES ('b2-tulenevalt', 'Sellest tulenevalt muudeti ka eelarvet.', 'Arising from this, the budget was also changed.', 'Bundan dolayı bütçe de değiştirildi.', 0);
INSERT INTO words (id, estonian, english, turkish, cefr_level, image_query) VALUES ('b2-sealjuures', 'sealjuures', 'at the same time / moreover', 'üstelik / aynı zamanda', 'B2', NULL) ON CONFLICT (id) DO NOTHING;
INSERT INTO word_sentences (word_id, estonian, english, turkish, sort_order) VALUES ('b2-sealjuures', 'Projekt lõpetati õigel ajal, sealjuures jäädi eelarve piiresse.', 'The project was completed on time, moreover staying within budget.', 'Proje zamanında tamamlandı, üstelik bütçe sınırları içinde kalındı.', 0);
INSERT INTO words (id, estonian, english, turkish, cefr_level, image_query) VALUES ('b2-järelikult', 'järelikult', 'consequently / therefore', 'dolayısıyla / demek ki', 'B2', NULL) ON CONFLICT (id) DO NOTHING;
INSERT INTO word_sentences (word_id, estonian, english, turkish, sort_order) VALUES ('b2-järelikult', 'Ta ei ilmunud kohale, järelikult ei olnud ta huvitatud.', 'He did not show up, consequently he was not interested.', 'Gelmedi, demek ki ilgilenmiyordu.', 0);
INSERT INTO words (id, estonian, english, turkish, cefr_level, image_query) VALUES ('b2-nimelt', 'nimelt', 'namely', 'şöyle ki / yani', 'B2', NULL) ON CONFLICT (id) DO NOTHING;
INSERT INTO word_sentences (word_id, estonian, english, turkish, sort_order) VALUES ('b2-nimelt', 'Probleem on nimelt selles, et raha pole piisavalt.', 'The problem is namely that there is not enough money.', 'Sorun şu ki yeterli para yok.', 0);
INSERT INTO words (id, estonian, english, turkish, cefr_level, image_query) VALUES ('b2-eelkõige', 'eelkõige', 'above all / primarily', 'her şeyden önce / başta', 'B2', NULL) ON CONFLICT (id) DO NOTHING;
INSERT INTO word_sentences (word_id, estonian, english, turkish, sort_order) VALUES ('b2-eelkõige', 'Eelkõige tuleb mõelda laste turvalisusele.', 'Above all, we must think about children''s safety.', 'Her şeyden önce çocukların güvenliğini düşünmeliyiz.', 0);
INSERT INTO words (id, estonian, english, turkish, cefr_level, image_query) VALUES ('b2-siiski', 'siiski', 'however / nevertheless', 'yine de / bununla birlikte', 'B2', NULL) ON CONFLICT (id) DO NOTHING;
INSERT INTO word_sentences (word_id, estonian, english, turkish, sort_order) VALUES ('b2-siiski', 'Ilm oli halb, siiski otsustasime minna.', 'The weather was bad; however, we decided to go.', 'Hava kötüydü; yine de gitmeye karar verdik.', 0);
INSERT INTO words (id, estonian, english, turkish, cefr_level, image_query) VALUES ('b2-vaatamata', 'vaatamata', 'despite / in spite of', 'rağmen', 'B2', NULL) ON CONFLICT (id) DO NOTHING;
INSERT INTO word_sentences (word_id, estonian, english, turkish, sort_order) VALUES ('b2-vaatamata', 'Raskustele vaatamata lõpetas ta ülikooli.', 'Despite the difficulties, she graduated from university.', 'Zorluklara rağmen üniversiteyi bitirdi.', 0);
INSERT INTO words (id, estonian, english, turkish, cefr_level, image_query) VALUES ('b2-tõestama', 'tõestama', 'to prove', 'kanıtlamak / ispatlamak', 'B2', NULL) ON CONFLICT (id) DO NOTHING;
INSERT INTO word_sentences (word_id, estonian, english, turkish, sort_order) VALUES ('b2-tõestama', 'Teadlased suutsid oma teooriat tõestada.', 'The scientists managed to prove their theory.', 'Bilim insanları teorilerini kanıtlamayı başardı.', 0);
INSERT INTO words (id, estonian, english, turkish, cefr_level, image_query) VALUES ('b2-rakendama', 'rakendama', 'to implement / to apply', 'uygulamak', 'B2', NULL) ON CONFLICT (id) DO NOTHING;
INSERT INTO word_sentences (word_id, estonian, english, turkish, sort_order) VALUES ('b2-rakendama', 'Valitsus otsustas uut poliitikat rakendada.', 'The government decided to implement the new policy.', 'Hükümet yeni politikayı uygulamaya karar verdi.', 0);
INSERT INTO words (id, estonian, english, turkish, cefr_level, image_query) VALUES ('b2-saavutama', 'saavutama', 'to achieve / to accomplish', 'başarmak / elde etmek', 'B2', NULL) ON CONFLICT (id) DO NOTHING;
INSERT INTO word_sentences (word_id, estonian, english, turkish, sort_order) VALUES ('b2-saavutama', 'Ta saavutas oma karjääris märkimisväärse edu.', 'She achieved remarkable success in her career.', 'Kariyerinde kayda değer bir başarı elde etti.', 0);
INSERT INTO words (id, estonian, english, turkish, cefr_level, image_query) VALUES ('b2-hindama', 'hindama', 'to evaluate / to appreciate', 'değerlendirmek / takdir etmek', 'B2', NULL) ON CONFLICT (id) DO NOTHING;
INSERT INTO word_sentences (word_id, estonian, english, turkish, sort_order) VALUES ('b2-hindama', 'Eksperdid hindavad projekti tulemusi.', 'Experts are evaluating the project''s results.', 'Uzmanlar projenin sonuçlarını değerlendiriyor.', 0);
INSERT INTO words (id, estonian, english, turkish, cefr_level, image_query) VALUES ('b2-väitma', 'väitma', 'to claim / to argue', 'iddia etmek / ileri sürmek', 'B2', NULL) ON CONFLICT (id) DO NOTHING;
INSERT INTO word_sentences (word_id, estonian, english, turkish, sort_order) VALUES ('b2-väitma', 'Teadlane väidab, et kliimamuutused kiirenevad.', 'The scientist claims that climate change is accelerating.', 'Bilim insanı iklim değişikliğinin hızlandığını iddia ediyor.', 0);
INSERT INTO words (id, estonian, english, turkish, cefr_level, image_query) VALUES ('b2-eeldama', 'eeldama', 'to assume / to presume', 'varsaymak / öngörmek', 'B2', NULL) ON CONFLICT (id) DO NOTHING;
INSERT INTO word_sentences (word_id, estonian, english, turkish, sort_order) VALUES ('b2-eeldama', 'Me eeldame, et kõik osalejad on tutvunud materjalidega.', 'We assume that all participants have reviewed the materials.', 'Tüm katılımcıların materyalleri incelediğini varsayıyoruz.', 0);
INSERT INTO words (id, estonian, english, turkish, cefr_level, image_query) VALUES ('b2-kehtestama', 'kehtestama', 'to establish / to impose', 'uygulamaya koymak / dayatmak', 'B2', NULL) ON CONFLICT (id) DO NOTHING;
INSERT INTO word_sentences (word_id, estonian, english, turkish, sort_order) VALUES ('b2-kehtestama', 'Riik kehtestas uued piirangud.', 'The state imposed new restrictions.', 'Devlet yeni kısıtlamalar getirdi.', 0);
INSERT INTO words (id, estonian, english, turkish, cefr_level, image_query) VALUES ('b2-tagama', 'tagama', 'to ensure / to guarantee', 'sağlamak / garanti etmek', 'B2', NULL) ON CONFLICT (id) DO NOTHING;
INSERT INTO word_sentences (word_id, estonian, english, turkish, sort_order) VALUES ('b2-tagama', 'Riik peab tagama kodanike turvalisuse.', 'The state must ensure the safety of its citizens.', 'Devlet vatandaşlarının güvenliğini sağlamalıdır.', 0);
INSERT INTO words (id, estonian, english, turkish, cefr_level, image_query) VALUES ('b2-vaidlema', 'vaidlema', 'to argue / to dispute', 'tartışmak', 'B2', NULL) ON CONFLICT (id) DO NOTHING;
INSERT INTO word_sentences (word_id, estonian, english, turkish, sort_order) VALUES ('b2-vaidlema', 'Nad vaidlesid tundide kaupa poliitika üle.', 'They argued for hours about politics.', 'Saatlerce siyaset hakkında tartıştılar.', 0);
INSERT INTO words (id, estonian, english, turkish, cefr_level, image_query) VALUES ('b2-mõjutama', 'mõjutama', 'to influence / to affect', 'etkilemek', 'B2', NULL) ON CONFLICT (id) DO NOTHING;
INSERT INTO word_sentences (word_id, estonian, english, turkish, sort_order) VALUES ('b2-mõjutama', 'Reklaam mõjutab inimeste ostuotsuseid.', 'Advertising influences people''s purchasing decisions.', 'Reklamlar insanların satın alma kararlarını etkiler.', 0);
INSERT INTO words (id, estonian, english, turkish, cefr_level, image_query) VALUES ('b2-kaaluma', 'kaaluma', 'to weigh / to consider', 'tartmak / değerlendirmek', 'B2', NULL) ON CONFLICT (id) DO NOTHING;
INSERT INTO word_sentences (word_id, estonian, english, turkish, sort_order) VALUES ('b2-kaaluma', 'Tuleb hoolikalt kaaluda kõiki võimalusi.', 'All options must be carefully considered.', 'Tüm seçenekler dikkatle değerlendirilmelidir.', 0);
INSERT INTO words (id, estonian, english, turkish, cefr_level, image_query) VALUES ('b2-rõhutama', 'rõhutama', 'to emphasize / to stress', 'vurgulamak', 'B2', NULL) ON CONFLICT (id) DO NOTHING;
INSERT INTO word_sentences (word_id, estonian, english, turkish, sort_order) VALUES ('b2-rõhutama', 'Minister rõhutas koostöö tähtsust.', 'The minister emphasized the importance of cooperation.', 'Bakan iş birliğinin önemini vurguladı.', 0);
INSERT INTO words (id, estonian, english, turkish, cefr_level, image_query) VALUES ('b2-taastama', 'taastama', 'to restore / to recover', 'restore etmek / eski haline getirmek', 'B2', NULL) ON CONFLICT (id) DO NOTHING;
INSERT INTO word_sentences (word_id, estonian, english, turkish, sort_order) VALUES ('b2-taastama', 'Vana hoone taastati algse ilme järgi.', 'The old building was restored to its original appearance.', 'Eski bina orijinal görünümüne kavuşturuldu.', 0);
INSERT INTO words (id, estonian, english, turkish, cefr_level, image_query) VALUES ('b2-kaasama', 'kaasama', 'to involve / to include', 'dahil etmek / katmak', 'B2', NULL) ON CONFLICT (id) DO NOTHING;
INSERT INTO word_sentences (word_id, estonian, english, turkish, sort_order) VALUES ('b2-kaasama', 'Projekti tuleb kaasata kõik osapooled.', 'All parties must be involved in the project.', 'Tüm taraflar projeye dahil edilmelidir.', 0);
INSERT INTO words (id, estonian, english, turkish, cefr_level, image_query) VALUES ('b2-ümberlükkama', 'ümberlükkama', 'to refute / to disprove', 'çürütmek', 'B2', NULL) ON CONFLICT (id) DO NOTHING;
INSERT INTO word_sentences (word_id, estonian, english, turkish, sort_order) VALUES ('b2-ümberlükkama', 'Uued andmed lükkasid vana teooria ümber.', 'New data refuted the old theory.', 'Yeni veriler eski teoriyi çürüttü.', 0);
INSERT INTO words (id, estonian, english, turkish, cefr_level, image_query) VALUES ('b2-silmapaistev', 'silmapaistev', 'outstanding / remarkable', 'olağanüstü / göze çarpan', 'B2', NULL) ON CONFLICT (id) DO NOTHING;
INSERT INTO word_sentences (word_id, estonian, english, turkish, sort_order) VALUES ('b2-silmapaistev', 'Ta on silmapaistev teadlane oma valdkonnas.', 'She is an outstanding scientist in her field.', 'Kendi alanında olağanüstü bir bilim insanıdır.', 0);
INSERT INTO words (id, estonian, english, turkish, cefr_level, image_query) VALUES ('b2-põhjalik', 'põhjalik', 'thorough / comprehensive', 'kapsamlı / ayrıntılı', 'B2', NULL) ON CONFLICT (id) DO NOTHING;
INSERT INTO word_sentences (word_id, estonian, english, turkish, sort_order) VALUES ('b2-põhjalik', 'Arstid tegid põhjaliku läbivaatuse.', 'The doctors performed a thorough examination.', 'Doktorlar kapsamlı bir muayene yaptı.', 0);
INSERT INTO words (id, estonian, english, turkish, cefr_level, image_query) VALUES ('b2-mõõdukas', 'mõõdukas', 'moderate / temperate', 'ılımlı / ölçülü', 'B2', NULL) ON CONFLICT (id) DO NOTHING;
INSERT INTO word_sentences (word_id, estonian, english, turkish, sort_order) VALUES ('b2-mõõdukas', 'Mõõdukas treenimine on tervisele kasulik.', 'Moderate exercise is beneficial for health.', 'Ölçülü egzersiz sağlık için faydalıdır.', 0);
INSERT INTO words (id, estonian, english, turkish, cefr_level, image_query) VALUES ('b2-jätkusuutlik', 'jätkusuutlik', 'sustainable', 'sürdürülebilir', 'B2', NULL) ON CONFLICT (id) DO NOTHING;
INSERT INTO word_sentences (word_id, estonian, english, turkish, sort_order) VALUES ('b2-jätkusuutlik', 'Me peame leidma jätkusuutlikud lahendused.', 'We must find sustainable solutions.', 'Sürdürülebilir çözümler bulmalıyız.', 0);
INSERT INTO words (id, estonian, english, turkish, cefr_level, image_query) VALUES ('b2-erapooletu', 'erapooletu', 'impartial / unbiased', 'tarafsız', 'B2', NULL) ON CONFLICT (id) DO NOTHING;
INSERT INTO word_sentences (word_id, estonian, english, turkish, sort_order) VALUES ('b2-erapooletu', 'Kohtunik peab olema erapooletu.', 'A judge must be impartial.', 'Bir yargıç tarafsız olmalıdır.', 0);
INSERT INTO words (id, estonian, english, turkish, cefr_level, image_query) VALUES ('b2-vastuoluline', 'vastuoluline', 'contradictory / controversial', 'çelişkili / tartışmalı', 'B2', NULL) ON CONFLICT (id) DO NOTHING;
INSERT INTO word_sentences (word_id, estonian, english, turkish, sort_order) VALUES ('b2-vastuoluline', 'Ministri avaldus oli vastuoluline.', 'The minister''s statement was contradictory.', 'Bakanın açıklaması çelişkiliydi.', 0);
INSERT INTO words (id, estonian, english, turkish, cefr_level, image_query) VALUES ('b2-märkimisväärne', 'märkimisväärne', 'significant / noteworthy', 'kayda değer / önemli', 'B2', NULL) ON CONFLICT (id) DO NOTHING;
INSERT INTO word_sentences (word_id, estonian, english, turkish, sort_order) VALUES ('b2-märkimisväärne', 'Teaduses tehti märkimisväärne läbimurre.', 'A significant breakthrough was made in science.', 'Bilimde kayda değer bir atılım gerçekleştirildi.', 0);
INSERT INTO words (id, estonian, english, turkish, cefr_level, image_query) VALUES ('b2-ülekaalukas', 'ülekaalukas', 'predominant / overwhelming', 'ezici / baskın', 'B2', NULL) ON CONFLICT (id) DO NOTHING;
INSERT INTO word_sentences (word_id, estonian, english, turkish, sort_order) VALUES ('b2-ülekaalukas', 'Ülekaalukas enamus hääletas ettepaneku poolt.', 'The overwhelming majority voted in favor of the proposal.', 'Ezici çoğunluk teklifin lehinde oy kullandı.', 0);
INSERT INTO words (id, estonian, english, turkish, cefr_level, image_query) VALUES ('b2-asjakohane', 'asjakohane', 'relevant / appropriate', 'ilgili / uygun', 'B2', NULL) ON CONFLICT (id) DO NOTHING;
INSERT INTO word_sentences (word_id, estonian, english, turkish, sort_order) VALUES ('b2-asjakohane', 'Palun esitage ainult asjakohaseid küsimusi.', 'Please ask only relevant questions.', 'Lütfen yalnızca konuyla ilgili sorular sorun.', 0);
INSERT INTO words (id, estonian, english, turkish, cefr_level, image_query) VALUES ('b2-tõhus', 'tõhus', 'efficient / effective', 'verimli / etkili', 'B2', NULL) ON CONFLICT (id) DO NOTHING;
INSERT INTO word_sentences (word_id, estonian, english, turkish, sort_order) VALUES ('b2-tõhus', 'See on kõige tõhusam viis probleemi lahendamiseks.', 'This is the most efficient way to solve the problem.', 'Bu, sorunu çözmenin en etkili yoludur.', 0);
INSERT INTO words (id, estonian, english, turkish, cefr_level, image_query) VALUES ('b2-keeruline', 'keeruline', 'complex / complicated', 'karmaşık / zor', 'B2', NULL) ON CONFLICT (id) DO NOTHING;
INSERT INTO word_sentences (word_id, estonian, english, turkish, sort_order) VALUES ('b2-keeruline', 'See on äärmiselt keeruline probleem.', 'This is an extremely complex problem.', 'Bu son derece karmaşık bir sorundur.', 0);
INSERT INTO words (id, estonian, english, turkish, cefr_level, image_query) VALUES ('b2-üleüldine', 'üleüldine', 'universal / general', 'genel / evrensel', 'B2', NULL) ON CONFLICT (id) DO NOTHING;
INSERT INTO word_sentences (word_id, estonian, english, turkish, sort_order) VALUES ('b2-üleüldine', 'Üleüldine arvamus oli otsuse vastu.', 'The general opinion was against the decision.', 'Genel kanı kararın alehineydi.', 0);
INSERT INTO words (id, estonian, english, turkish, cefr_level, image_query) VALUES ('b2-katsetus', 'katsetus', 'experiment / trial', 'deney / deneme', 'B2', NULL) ON CONFLICT (id) DO NOTHING;
INSERT INTO word_sentences (word_id, estonian, english, turkish, sort_order) VALUES ('b2-katsetus', 'Esimene katsetus ebaõnnestus, kuid teine andis tulemusi.', 'The first experiment failed, but the second yielded results.', 'İlk deney başarısız oldu ama ikincisi sonuç verdi.', 0);
INSERT INTO words (id, estonian, english, turkish, cefr_level, image_query) VALUES ('b2-tulemus', 'tulemus', 'result / outcome', 'sonuç', 'B2', NULL) ON CONFLICT (id) DO NOTHING;
INSERT INTO word_sentences (word_id, estonian, english, turkish, sort_order) VALUES ('b2-tulemus', 'Uuringu tulemused avaldatakse homme.', 'The study results will be published tomorrow.', 'Araştırmanın sonuçları yarın yayımlanacak.', 0);
INSERT INTO words (id, estonian, english, turkish, cefr_level, image_query) VALUES ('b2-protsess', 'protsess', 'process', 'süreç', 'B2', NULL) ON CONFLICT (id) DO NOTHING;
INSERT INTO word_sentences (word_id, estonian, english, turkish, sort_order) VALUES ('b2-protsess', 'Õppimine on pikaajaline protsess.', 'Learning is a long-term process.', 'Öğrenme uzun vadeli bir süreçtir.', 0);
INSERT INTO words (id, estonian, english, turkish, cefr_level, image_query) VALUES ('b2-nähtus', 'nähtus', 'phenomenon', 'olgu / fenomen', 'B2', NULL) ON CONFLICT (id) DO NOTHING;
INSERT INTO word_sentences (word_id, estonian, english, turkish, sort_order) VALUES ('b2-nähtus', 'Virmalised on haruldane loodusnähtus.', 'The Northern Lights are a rare natural phenomenon.', 'Kuzey ışıkları nadir görülen bir doğa olayıdır.', 0);
INSERT INTO words (id, estonian, english, turkish, cefr_level, image_query) VALUES ('b2-rakk', 'rakk', 'cell (biology)', 'hücre (biyoloji)', 'B2', NULL) ON CONFLICT (id) DO NOTHING;
INSERT INTO word_sentences (word_id, estonian, english, turkish, sort_order) VALUES ('b2-rakk', 'Inimkeha koosneb miljarditest rakkudest.', 'The human body consists of billions of cells.', 'İnsan vücudu milyarlarca hücreden oluşur.', 0);
INSERT INTO words (id, estonian, english, turkish, cefr_level, image_query) VALUES ('b2-keskkond', 'keskkond', 'environment', 'çevre', 'B2', NULL) ON CONFLICT (id) DO NOTHING;
INSERT INTO word_sentences (word_id, estonian, english, turkish, sort_order) VALUES ('b2-keskkond', 'Keskkonna kaitsmine on meie kõigi kohustus.', 'Protecting the environment is everyone''s duty.', 'Çevreyi korumak hepimizin görevidir.', 0);
INSERT INTO words (id, estonian, english, turkish, cefr_level, image_query) VALUES ('b2-ökosüsteem', 'ökosüsteem', 'ecosystem', 'ekosistem', 'B2', NULL) ON CONFLICT (id) DO NOTHING;
INSERT INTO word_sentences (word_id, estonian, english, turkish, sort_order) VALUES ('b2-ökosüsteem', 'Metsade hävitamine ohustab tervet ökosüsteemi.', 'Deforestation threatens the entire ecosystem.', 'Ormanların yok edilmesi tüm ekosistemi tehdit ediyor.', 0);
INSERT INTO words (id, estonian, english, turkish, cefr_level, image_query) VALUES ('b2-kliima', 'kliima', 'climate', 'iklim', 'B2', NULL) ON CONFLICT (id) DO NOTHING;
INSERT INTO word_sentences (word_id, estonian, english, turkish, sort_order) VALUES ('b2-kliima', 'Kliima soojenemine on globaalne probleem.', 'Climate warming is a global problem.', 'İklim ısınması küresel bir sorundur.', 0);
INSERT INTO words (id, estonian, english, turkish, cefr_level, image_query) VALUES ('b2-säästev', 'säästev', 'sustainable / conserving', 'sürdürülebilir / tasarruflu', 'B2', NULL) ON CONFLICT (id) DO NOTHING;
INSERT INTO word_sentences (word_id, estonian, english, turkish, sort_order) VALUES ('b2-säästev', 'Säästev areng on tuleviku võti.', 'Sustainable development is the key to the future.', 'Sürdürülebilir kalkınma geleceğin anahtarıdır.', 0);
INSERT INTO words (id, estonian, english, turkish, cefr_level, image_query) VALUES ('b2-taastuv', 'taastuv', 'renewable', 'yenilenebilir', 'B2', NULL) ON CONFLICT (id) DO NOTHING;
INSERT INTO word_sentences (word_id, estonian, english, turkish, sort_order) VALUES ('b2-taastuv', 'Taastuvenergia osakaal kasvab pidevalt.', 'The share of renewable energy is constantly growing.', 'Yenilenebilir enerjinin payı sürekli artıyor.', 0);
INSERT INTO words (id, estonian, english, turkish, cefr_level, image_query) VALUES ('b2-nagu-valatud', 'nagu valatud', 'fits like a glove (idiom)', 'kalıp gibi oturmak (deyim)', 'B2', NULL) ON CONFLICT (id) DO NOTHING;
INSERT INTO word_sentences (word_id, estonian, english, turkish, sort_order) VALUES ('b2-nagu-valatud', 'See kleit on sulle nagu valatud.', 'That dress fits you like a glove.', 'O elbise sana kalıp gibi oturmuş.', 0);
INSERT INTO words (id, estonian, english, turkish, cefr_level, image_query) VALUES ('b2-käsi-peseb-kätt', 'käsi peseb kätt', 'one hand washes the other (idiom)', 'sen benim sırtımı kaşı, ben senin sırtını kaşıyayım (deyim)', 'B2', NULL) ON CONFLICT (id) DO NOTHING;
INSERT INTO word_sentences (word_id, estonian, english, turkish, sort_order) VALUES ('b2-käsi-peseb-kätt', 'Poliitikas kehtib tihti reegel: käsi peseb kätt.', 'In politics, the rule often applies: one hand washes the other.', 'Siyasette çoğu zaman şu kural geçerlidir: sen bana ben sana.', 0);
INSERT INTO words (id, estonian, english, turkish, cefr_level, image_query) VALUES ('b2-nüri-nagu-saapasäär', 'nüri nagu saapasäär', 'dull as dishwater (idiom, lit: dull as a boot shaft)', 'sıkıcının teki (deyim)', 'B2', NULL) ON CONFLICT (id) DO NOTHING;
INSERT INTO word_sentences (word_id, estonian, english, turkish, sort_order) VALUES ('b2-nüri-nagu-saapasäär', 'See loeng oli nüri nagu saapasäär.', 'That lecture was dull as dishwater.', 'O ders bayıltacak kadar sıkıcıydı.', 0);
INSERT INTO words (id, estonian, english, turkish, cefr_level, image_query) VALUES ('b2-küll-leib-leiab-leiba', 'küll leib leiab leiba', 'bread always finds bread (idiom: the resourceful always find a way)', 'her işin bir yolu var (deyim)', 'B2', NULL) ON CONFLICT (id) DO NOTHING;
INSERT INTO word_sentences (word_id, estonian, english, turkish, sort_order) VALUES ('b2-küll-leib-leiab-leiba', 'Ära muretse, küll leib leiab leiba.', 'Don''t worry, you''ll find a way to get by.', 'Merak etme, bir yolunu bulursun.', 0);
INSERT INTO words (id, estonian, english, turkish, cefr_level, image_query) VALUES ('b2-kes-teisele-auku-kaevab', 'kes teisele auku kaevab, see ise sisse kukub', 'he who digs a pit for others falls in himself', 'başkasına kuyu kazan kendisi düşer (atasözü)', 'B2', NULL) ON CONFLICT (id) DO NOTHING;
INSERT INTO word_sentences (word_id, estonian, english, turkish, sort_order) VALUES ('b2-kes-teisele-auku-kaevab', 'Ta sai karistada oma kavalduse eest — kes teisele auku kaevab, see ise sisse kukub.', 'He was punished for his scheming — he who digs a pit for others falls in himself.', 'Kurnazlığının cezasını çekti — başkasına kuyu kazan kendisi düşer.', 0);
INSERT INTO words (id, estonian, english, turkish, cefr_level, image_query) VALUES ('b2-kus-suitsu-seal-tuld', 'kus suitsu, seal tuld', 'where there''s smoke, there''s fire', 'ateş olmayan yerden duman çıkmaz', 'B2', NULL) ON CONFLICT (id) DO NOTHING;
INSERT INTO word_sentences (word_id, estonian, english, turkish, sort_order) VALUES ('b2-kus-suitsu-seal-tuld', 'Kuulujutud osutusid tõeks — kus suitsu, seal tuld.', 'The rumors turned out to be true — where there''s smoke, there''s fire.', 'Dedikodular doğru çıktı — ateş olmayan yerden duman çıkmaz.', 0);
INSERT INTO words (id, estonian, english, turkish, cefr_level, image_query) VALUES ('b2-harjutamine-teeb-meistriks', 'harjutamine teeb meistriks', 'practice makes perfect', 'tekrar başarının anasıdır', 'B2', NULL) ON CONFLICT (id) DO NOTHING;
INSERT INTO word_sentences (word_id, estonian, english, turkish, sort_order) VALUES ('b2-harjutamine-teeb-meistriks', 'Ära anna alla, harjutamine teeb meistriks.', 'Don''t give up, practice makes perfect.', 'Pes etme, tekrar başarının anasıdır.', 0);
INSERT INTO words (id, estonian, english, turkish, cefr_level, image_query) VALUES ('b2-iga-algus-on-raske', 'iga algus on raske', 'every beginning is difficult', 'her başlangıç zordur', 'B2', NULL) ON CONFLICT (id) DO NOTHING;
INSERT INTO word_sentences (word_id, estonian, english, turkish, sort_order) VALUES ('b2-iga-algus-on-raske', 'Uue keele õppimisel tasub meeles pidada — iga algus on raske.', 'When learning a new language, remember — every beginning is difficult.', 'Yeni bir dil öğrenirken unutma — her başlangıç zordur.', 0);
INSERT INTO words (id, estonian, english, turkish, cefr_level, image_query) VALUES ('b2-arutelu', 'arutelu', 'discussion / debate', 'tartışma / müzakere', 'B2', NULL) ON CONFLICT (id) DO NOTHING;
INSERT INTO word_sentences (word_id, estonian, english, turkish, sort_order) VALUES ('b2-arutelu', 'Parlamendis toimus elav arutelu uue seaduse üle.', 'A lively debate took place in parliament about the new law.', 'Parlamentoda yeni yasa hakkında canlı bir tartışma yapıldı.', 0);
INSERT INTO words (id, estonian, english, turkish, cefr_level, image_query) VALUES ('b2-seisukoht', 'seisukoht', 'viewpoint / position', 'bakış açısı / görüş', 'B2', NULL) ON CONFLICT (id) DO NOTHING;
INSERT INTO word_sentences (word_id, estonian, english, turkish, sort_order) VALUES ('b2-seisukoht', 'Mis on teie seisukoht selles küsimuses?', 'What is your viewpoint on this matter?', 'Bu konudaki görüşünüz nedir?', 0);
INSERT INTO words (id, estonian, english, turkish, cefr_level, image_query) VALUES ('b2-tõlgendus', 'tõlgendus', 'interpretation', 'yorum / yorumlama', 'B2', NULL) ON CONFLICT (id) DO NOTHING;
INSERT INTO word_sentences (word_id, estonian, english, turkish, sort_order) VALUES ('b2-tõlgendus', 'Seaduse tõlgendus sõltub kontekstist.', 'The interpretation of the law depends on the context.', 'Yasanın yorumu bağlama göre değişir.', 0);
INSERT INTO words (id, estonian, english, turkish, cefr_level, image_query) VALUES ('b2-mõiste', 'mõiste', 'concept / notion', 'kavram', 'B2', NULL) ON CONFLICT (id) DO NOTHING;
INSERT INTO word_sentences (word_id, estonian, english, turkish, sort_order) VALUES ('b2-mõiste', 'See mõiste vajab täpsemat defineerimist.', 'This concept needs a more precise definition.', 'Bu kavram daha kesin bir tanıma ihtiyaç duyuyor.', 0);
INSERT INTO words (id, estonian, english, turkish, cefr_level, image_query) VALUES ('b2-pädevus', 'pädevus', 'competence / expertise', 'yetkinlik / uzmanlık', 'B2', NULL) ON CONFLICT (id) DO NOTHING;
INSERT INTO word_sentences (word_id, estonian, english, turkish, sort_order) VALUES ('b2-pädevus', 'Tal on piisav pädevus selle otsuse tegemiseks.', 'He has sufficient competence to make this decision.', 'Bu kararı vermek için yeterli yetkinliğe sahip.', 0);
INSERT INTO words (id, estonian, english, turkish, cefr_level, image_query) VALUES ('b2-ülevaade', 'ülevaade', 'overview / review', 'genel bakış / özet', 'B2', NULL) ON CONFLICT (id) DO NOTHING;
INSERT INTO word_sentences (word_id, estonian, english, turkish, sort_order) VALUES ('b2-ülevaade', 'Andke meile olukorrast lühike ülevaade.', 'Give us a brief overview of the situation.', 'Bize durumun kısa bir özetini verin.', 0);
INSERT INTO words (id, estonian, english, turkish, cefr_level, image_query) VALUES ('b2-eesmärk', 'eesmärk', 'goal / objective', 'hedef / amaç', 'B2', NULL) ON CONFLICT (id) DO NOTHING;
INSERT INTO word_sentences (word_id, estonian, english, turkish, sort_order) VALUES ('b2-eesmärk', 'Meie eesmärk on vähendada süsihappegaasi heidet.', 'Our goal is to reduce carbon dioxide emissions.', 'Hedefimiz karbon dioksit emisyonlarını azaltmaktır.', 0);
INSERT INTO words (id, estonian, english, turkish, cefr_level, image_query) VALUES ('b2-strateegia', 'strateegia', 'strategy', 'strateji', 'B2', NULL) ON CONFLICT (id) DO NOTHING;
INSERT INTO word_sentences (word_id, estonian, english, turkish, sort_order) VALUES ('b2-strateegia', 'Ettevõte töötab välja uut turundusstrateegiat.', 'The company is developing a new marketing strategy.', 'Şirket yeni bir pazarlama stratejisi geliştiriyor.', 0);
INSERT INTO words (id, estonian, english, turkish, cefr_level, image_query) VALUES ('b2-huvirühm', 'huvirühm', 'interest group / stakeholder group', 'çıkar grubu / paydaş grubu', 'B2', NULL) ON CONFLICT (id) DO NOTHING;
INSERT INTO word_sentences (word_id, estonian, english, turkish, sort_order) VALUES ('b2-huvirühm', 'Erinevad huvirühmad avaldasid oma arvamust.', 'Various interest groups expressed their opinion.', 'Çeşitli çıkar grupları görüşlerini dile getirdi.', 0);
INSERT INTO words (id, estonian, english, turkish, cefr_level, image_query) VALUES ('b2-valitsus', 'valitsus', 'government', 'hükümet', 'B2', NULL) ON CONFLICT (id) DO NOTHING;
INSERT INTO word_sentences (word_id, estonian, english, turkish, sort_order) VALUES ('b2-valitsus', 'Valitsus kiitis heaks uue reformikava.', 'The government approved the new reform plan.', 'Hükümet yeni reform planını onayladı.', 0);
INSERT INTO words (id, estonian, english, turkish, cefr_level, image_query) VALUES ('b2-demokraatia', 'demokraatia', 'democracy', 'demokrasi', 'B2', NULL) ON CONFLICT (id) DO NOTHING;
INSERT INTO word_sentences (word_id, estonian, english, turkish, sort_order) VALUES ('b2-demokraatia', 'Demokraatia eeldab kodanike aktiivset osalust.', 'Democracy requires the active participation of citizens.', 'Demokrasi vatandaşların aktif katılımını gerektirir.', 0);
INSERT INTO words (id, estonian, english, turkish, cefr_level, image_query) VALUES ('b2-bürokraatia', 'bürokraatia', 'bureaucracy', 'bürokrasi', 'B2', NULL) ON CONFLICT (id) DO NOTHING;
INSERT INTO word_sentences (word_id, estonian, english, turkish, sort_order) VALUES ('b2-bürokraatia', 'Liigne bürokraatia aeglustab arengut.', 'Excessive bureaucracy slows down development.', 'Aşırı bürokrasi gelişmeyi yavaşlatır.', 0);
INSERT INTO words (id, estonian, english, turkish, cefr_level, image_query) VALUES ('b2-reform', 'reform', 'reform', 'reform', 'B2', NULL) ON CONFLICT (id) DO NOTHING;
INSERT INTO word_sentences (word_id, estonian, english, turkish, sort_order) VALUES ('b2-reform', 'Haridusreform on hädavajalik.', 'Education reform is urgently needed.', 'Eğitim reformu acilen gereklidir.', 0);
INSERT INTO words (id, estonian, english, turkish, cefr_level, image_query) VALUES ('b2-kodakondsus', 'kodakondsus', 'citizenship', 'vatandaşlık', 'B2', NULL) ON CONFLICT (id) DO NOTHING;
INSERT INTO word_sentences (word_id, estonian, english, turkish, sort_order) VALUES ('b2-kodakondsus', 'Ta taotles Eesti kodakondsust.', 'He applied for Estonian citizenship.', 'Estonya vatandaşlığına başvurdu.', 0);
INSERT INTO words (id, estonian, english, turkish, cefr_level, image_query) VALUES ('b2-läbirääkimised', 'läbirääkimised', 'negotiations', 'müzakereler / görüşmeler', 'B2', NULL) ON CONFLICT (id) DO NOTHING;
INSERT INTO word_sentences (word_id, estonian, english, turkish, sort_order) VALUES ('b2-läbirääkimised', 'Läbirääkimised kahe riigi vahel jätkuvad.', 'Negotiations between the two countries continue.', 'İki ülke arasındaki müzakereler devam ediyor.', 0);
INSERT INTO words (id, estonian, english, turkish, cefr_level, image_query) VALUES ('b2-kriis', 'kriis', 'crisis', 'kriz', 'B2', NULL) ON CONFLICT (id) DO NOTHING;
INSERT INTO word_sentences (word_id, estonian, english, turkish, sort_order) VALUES ('b2-kriis', 'Majanduskriis mõjutas kogu Euroopat.', 'The economic crisis affected all of Europe.', 'Ekonomik kriz tüm Avrupa''yı etkiledi.', 0);
INSERT INTO words (id, estonian, english, turkish, cefr_level, image_query) VALUES ('b2-heaolu', 'heaolu', 'well-being / welfare', 'refah / iyi oluş', 'B2', NULL) ON CONFLICT (id) DO NOTHING;
INSERT INTO word_sentences (word_id, estonian, english, turkish, sort_order) VALUES ('b2-heaolu', 'Kodanike heaolu peaks olema riigi prioriteet.', 'Citizens'' well-being should be the state''s priority.', 'Vatandaşların refahı devletin önceliği olmalıdır.', 0);
INSERT INTO words (id, estonian, english, turkish, cefr_level, image_query) VALUES ('b2-ebavõrdsus', 'ebavõrdsus', 'inequality', 'eşitsizlik', 'B2', NULL) ON CONFLICT (id) DO NOTHING;
INSERT INTO word_sentences (word_id, estonian, english, turkish, sort_order) VALUES ('b2-ebavõrdsus', 'Sooline ebavõrdsus on endiselt suur probleem.', 'Gender inequality is still a major problem.', 'Cinsiyet eşitsizliği hâlâ büyük bir sorundur.', 0);
INSERT INTO words (id, estonian, english, turkish, cefr_level, image_query) VALUES ('b2-globaliseerumine', 'globaliseerumine', 'globalization', 'küreselleşme', 'B2', NULL) ON CONFLICT (id) DO NOTHING;
INSERT INTO word_sentences (word_id, estonian, english, turkish, sort_order) VALUES ('b2-globaliseerumine', 'Globaliseerumine on muutnud maailma väiksemaks.', 'Globalization has made the world smaller.', 'Küreselleşme dünyayı küçülttü.', 0);
INSERT INTO words (id, estonian, english, turkish, cefr_level, image_query) VALUES ('b2-pagulus', 'pagulus', 'exile / emigration', 'sürgün / göç', 'B2', NULL) ON CONFLICT (id) DO NOTHING;
INSERT INTO word_sentences (word_id, estonian, english, turkish, sort_order) VALUES ('b2-pagulus', 'Paljud kirjanikud loovad paguluses.', 'Many writers create in exile.', 'Birçok yazar sürgünde eser veriyor.', 0);
INSERT INTO words (id, estonian, english, turkish, cefr_level, image_query) VALUES ('b2-lõimumine', 'lõimumine', 'integration', 'entegrasyon / uyum', 'B2', NULL) ON CONFLICT (id) DO NOTHING;
INSERT INTO word_sentences (word_id, estonian, english, turkish, sort_order) VALUES ('b2-lõimumine', 'Sisserändajate lõimumine võtab aega.', 'The integration of immigrants takes time.', 'Göçmenlerin topluma uyumu zaman alır.', 0);
INSERT INTO words (id, estonian, english, turkish, cefr_level, image_query) VALUES ('b2-avaldama', 'avaldama', 'to publish / to express', 'yayımlamak / ifade etmek', 'B2', NULL) ON CONFLICT (id) DO NOTHING;
INSERT INTO word_sentences (word_id, estonian, english, turkish, sort_order) VALUES ('b2-avaldama', 'Ta avaldas oma arvamust avalikult.', 'She expressed her opinion publicly.', 'Görüşünü alenen ifade etti.', 0);
INSERT INTO words (id, estonian, english, turkish, cefr_level, image_query) VALUES ('b2-edendama', 'edendama', 'to promote / to advance', 'teşvik etmek / geliştirmek', 'B2', NULL) ON CONFLICT (id) DO NOTHING;
INSERT INTO word_sentences (word_id, estonian, english, turkish, sort_order) VALUES ('b2-edendama', 'Meie eesmärk on edendada tervislikku eluviisi.', 'Our goal is to promote a healthy lifestyle.', 'Amacımız sağlıklı yaşam tarzını teşvik etmektir.', 0);
INSERT INTO words (id, estonian, english, turkish, cefr_level, image_query) VALUES ('b2-toetuma', 'toetuma', 'to be based on / to lean on', 'dayanmak / temel almak', 'B2', NULL) ON CONFLICT (id) DO NOTHING;
INSERT INTO word_sentences (word_id, estonian, english, turkish, sort_order) VALUES ('b2-toetuma', 'Otsus toetub teaduslikele andmetele.', 'The decision is based on scientific data.', 'Karar bilimsel verilere dayanıyor.', 0);
INSERT INTO words (id, estonian, english, turkish, cefr_level, image_query) VALUES ('b2-soodustama', 'soodustama', 'to facilitate / to foster', 'kolaylaştırmak / desteklemek', 'B2', NULL) ON CONFLICT (id) DO NOTHING;
INSERT INTO word_sentences (word_id, estonian, english, turkish, sort_order) VALUES ('b2-soodustama', 'Hea haridus soodustab majanduslikku arengut.', 'Good education fosters economic development.', 'İyi eğitim ekonomik gelişmeyi destekler.', 0);
INSERT INTO words (id, estonian, english, turkish, cefr_level, image_query) VALUES ('b2-kujundama', 'kujundama', 'to shape / to form', 'şekillendirmek / biçimlendirmek', 'B2', NULL) ON CONFLICT (id) DO NOTHING;
INSERT INTO word_sentences (word_id, estonian, english, turkish, sort_order) VALUES ('b2-kujundama', 'Lapsepõlv kujundab inimese iseloomu.', 'Childhood shapes a person''s character.', 'Çocukluk insanın karakterini şekillendirir.', 0);
INSERT INTO words (id, estonian, english, turkish, cefr_level, image_query) VALUES ('b2-vältima', 'vältima', 'to avoid', 'kaçınmak', 'B2', NULL) ON CONFLICT (id) DO NOTHING;
INSERT INTO word_sentences (word_id, estonian, english, turkish, sort_order) VALUES ('b2-vältima', 'Ta üritab konflikte vältida.', 'He tries to avoid conflicts.', 'Çatışmalardan kaçınmaya çalışıyor.', 0);
INSERT INTO words (id, estonian, english, turkish, cefr_level, image_query) VALUES ('b2-tunnustama', 'tunnustama', 'to recognize / to acknowledge', 'tanımak / takdir etmek', 'B2', NULL) ON CONFLICT (id) DO NOTHING;
INSERT INTO word_sentences (word_id, estonian, english, turkish, sort_order) VALUES ('b2-tunnustama', 'Riik tunnustas tema panust teadusesse.', 'The state recognized his contribution to science.', 'Devlet onun bilime katkısını takdir etti.', 0);
INSERT INTO words (id, estonian, english, turkish, cefr_level, image_query) VALUES ('b2-süvenema', 'süvenema', 'to delve into / to immerse oneself', 'derinlemesine incelemek / kendini vermek', 'B2', NULL) ON CONFLICT (id) DO NOTHING;
INSERT INTO word_sentences (word_id, estonian, english, turkish, sort_order) VALUES ('b2-süvenema', 'Ta süvenes teemasse põhjalikult.', 'She delved into the topic thoroughly.', 'Konuyu derinlemesine inceledi.', 0);
INSERT INTO words (id, estonian, english, turkish, cefr_level, image_query) VALUES ('b2-käsitlema', 'käsitlema', 'to address / to deal with', 'ele almak / işlemek', 'B2', NULL) ON CONFLICT (id) DO NOTHING;
INSERT INTO word_sentences (word_id, estonian, english, turkish, sort_order) VALUES ('b2-käsitlema', 'See raamat käsitleb keerulisi filosoofilisi küsimusi.', 'This book addresses complex philosophical questions.', 'Bu kitap karmaşık felsefi soruları ele alıyor.', 0);
INSERT INTO words (id, estonian, english, turkish, cefr_level, image_query) VALUES ('b2-kõhklema', 'kõhklema', 'to hesitate / to waver', 'tereddüt etmek / kararsız kalmak', 'B2', NULL) ON CONFLICT (id) DO NOTHING;
INSERT INTO word_sentences (word_id, estonian, english, turkish, sort_order) VALUES ('b2-kõhklema', 'Ta kõhkles pikalt enne otsuse tegemist.', 'He hesitated for a long time before making a decision.', 'Karar vermeden önce uzun süre tereddüt etti.', 0);
INSERT INTO words (id, estonian, english, turkish, cefr_level, image_query) VALUES ('b2-toimetulek', 'toimetulek', 'coping / getting by', 'geçinme / başa çıkma', 'B2', NULL) ON CONFLICT (id) DO NOTHING;
INSERT INTO word_sentences (word_id, estonian, english, turkish, sort_order) VALUES ('b2-toimetulek', 'Igapäevane toimetulek on osadele inimestele raske.', 'Daily coping is difficult for some people.', 'Günlük geçim bazı insanlar için zordur.', 0);
INSERT INTO words (id, estonian, english, turkish, cefr_level, image_query) VALUES ('b2-võimekus', 'võimekus', 'capability / capacity', 'yetenek / kapasite', 'B2', NULL) ON CONFLICT (id) DO NOTHING;
INSERT INTO word_sentences (word_id, estonian, english, turkish, sort_order) VALUES ('b2-võimekus', 'Tema vaimne võimekus on erakordselt kõrge.', 'His mental capability is exceptionally high.', 'Zihinsel kapasitesi olağanüstü yüksek.', 0);
INSERT INTO words (id, estonian, english, turkish, cefr_level, image_query) VALUES ('b2-enesehinnang', 'enesehinnang', 'self-esteem', 'özsaygı / özgüven', 'B2', NULL) ON CONFLICT (id) DO NOTHING;
INSERT INTO word_sentences (word_id, estonian, english, turkish, sort_order) VALUES ('b2-enesehinnang', 'Terve enesehinnang on vaimse tervise alus.', 'Healthy self-esteem is the foundation of mental health.', 'Sağlıklı özsaygı ruh sağlığının temelidir.', 0);
INSERT INTO words (id, estonian, english, turkish, cefr_level, image_query) VALUES ('b2-teadlikkus', 'teadlikkus', 'awareness', 'farkındalık / bilinç', 'B2', NULL) ON CONFLICT (id) DO NOTHING;
INSERT INTO word_sentences (word_id, estonian, english, turkish, sort_order) VALUES ('b2-teadlikkus', 'Ühiskonna teadlikkus vaimse tervise teemadel kasvab.', 'Society''s awareness of mental health issues is growing.', 'Toplumun ruh sağlığı konusundaki farkındalığı artıyor.', 0);
INSERT INTO words (id, estonian, english, turkish, cefr_level, image_query) VALUES ('b2-ennetamine', 'ennetamine', 'prevention', 'önleme / koruma', 'B2', NULL) ON CONFLICT (id) DO NOTHING;
INSERT INTO word_sentences (word_id, estonian, english, turkish, sort_order) VALUES ('b2-ennetamine', 'Haiguste ennetamine on parem kui ravi.', 'Disease prevention is better than treatment.', 'Hastalıkları önlemek tedavi etmekten iyidir.', 0);
INSERT INTO words (id, estonian, english, turkish, cefr_level, image_query) VALUES ('b2-tõrjutus', 'tõrjutus', 'exclusion / marginalization', 'dışlanma / marjinalleşme', 'B2', NULL) ON CONFLICT (id) DO NOTHING;
INSERT INTO word_sentences (word_id, estonian, english, turkish, sort_order) VALUES ('b2-tõrjutus', 'Sotsiaalne tõrjutus mõjutab paljusid inimesi.', 'Social exclusion affects many people.', 'Sosyal dışlanma birçok insanı etkiliyor.', 0);
INSERT INTO words (id, estonian, english, turkish, cefr_level, image_query) VALUES ('b2-mitmekesisus', 'mitmekesisus', 'diversity', 'çeşitlilik', 'B2', NULL) ON CONFLICT (id) DO NOTHING;
INSERT INTO word_sentences (word_id, estonian, english, turkish, sort_order) VALUES ('b2-mitmekesisus', 'Kultuuriline mitmekesisus rikastab ühiskonda.', 'Cultural diversity enriches society.', 'Kültürel çeşitlilik toplumu zenginleştirir.', 0);
INSERT INTO words (id, estonian, english, turkish, cefr_level, image_query) VALUES ('b2-pööre', 'pööre', 'turn / shift / revolution', 'dönüşüm / devrim', 'B2', NULL) ON CONFLICT (id) DO NOTHING;
INSERT INTO word_sentences (word_id, estonian, english, turkish, sort_order) VALUES ('b2-pööre', 'Tehnoloogiline pööre muutis tööturu.', 'The technological revolution changed the labor market.', 'Teknolojik devrim iş piyasasını değiştirdi.', 0);
INSERT INTO words (id, estonian, english, turkish, cefr_level, image_query) VALUES ('b2-sündmus', 'sündmus', 'event', 'olay / etkinlik', 'B2', NULL) ON CONFLICT (id) DO NOTHING;
INSERT INTO word_sentences (word_id, estonian, english, turkish, sort_order) VALUES ('b2-sündmus', 'See oli ajaloo üks olulisemaid sündmusi.', 'It was one of the most significant events in history.', 'Tarihin en önemli olaylarından biriydi.', 0);
INSERT INTO words (id, estonian, english, turkish, cefr_level, image_query) VALUES ('b2-tagajärg', 'tagajärg', 'consequence', 'sonuç / netice', 'B2', NULL) ON CONFLICT (id) DO NOTHING;
INSERT INTO word_sentences (word_id, estonian, english, turkish, sort_order) VALUES ('b2-tagajärg', 'Otsuse tagajärjed olid etteaimamatud.', 'The consequences of the decision were unpredictable.', 'Kararın sonuçları öngörülemezdi.', 0);
INSERT INTO words (id, estonian, english, turkish, cefr_level, image_query) VALUES ('b2-mõju', 'mõju', 'impact / influence', 'etki', 'B2', NULL) ON CONFLICT (id) DO NOTHING;
INSERT INTO word_sentences (word_id, estonian, english, turkish, sort_order) VALUES ('b2-mõju', 'Sotsiaalmeedia mõju noortele on suur.', 'The impact of social media on young people is great.', 'Sosyal medyanın gençler üzerindeki etkisi büyüktür.', 0);
INSERT INTO words (id, estonian, english, turkish, cefr_level, image_query) VALUES ('b2-suundumus', 'suundumus', 'trend / tendency', 'eğilim / trend', 'B2', NULL) ON CONFLICT (id) DO NOTHING;
INSERT INTO word_sentences (word_id, estonian, english, turkish, sort_order) VALUES ('b2-suundumus', 'Linnadesse kolimise suundumus jätkub.', 'The trend of moving to cities continues.', 'Şehirlere göç eğilimi devam ediyor.', 0);
INSERT INTO words (id, estonian, english, turkish, cefr_level, image_query) VALUES ('b2-õitseng', 'õitseng', 'prosperity / flourishing', 'refah / parlak dönem', 'B2', NULL) ON CONFLICT (id) DO NOTHING;
INSERT INTO word_sentences (word_id, estonian, english, turkish, sort_order) VALUES ('b2-õitseng', 'Riik koges pärast sõda majanduslikku õitsengu perioodi.', 'The country experienced a period of economic prosperity after the war.', 'Ülke savaştan sonra ekonomik bir refah dönemi yaşadı.', 0);
INSERT INTO words (id, estonian, english, turkish, cefr_level, image_query) VALUES ('b2-langus', 'langus', 'decline / fall', 'düşüş / gerileme', 'B2', NULL) ON CONFLICT (id) DO NOTHING;
INSERT INTO word_sentences (word_id, estonian, english, turkish, sort_order) VALUES ('b2-langus', 'Sündimuse langus on demograafiline probleem.', 'The decline in birth rate is a demographic problem.', 'Doğum oranındaki düşüş demografik bir sorundur.', 0);
INSERT INTO words (id, estonian, english, turkish, cefr_level, image_query) VALUES ('b2-andmebaaas', 'andmebaas', 'database', 'veritabanı', 'B2', NULL) ON CONFLICT (id) DO NOTHING;
INSERT INTO word_sentences (word_id, estonian, english, turkish, sort_order) VALUES ('b2-andmebaaas', 'Kogu informatsioon on salvestatud andmebaasi.', 'All information is stored in the database.', 'Tüm bilgiler veritabanında saklanıyor.', 0);
INSERT INTO words (id, estonian, english, turkish, cefr_level, image_query) VALUES ('b2-tehisintellekt', 'tehisintellekt', 'artificial intelligence', 'yapay zekâ', 'B2', NULL) ON CONFLICT (id) DO NOTHING;
INSERT INTO word_sentences (word_id, estonian, english, turkish, sort_order) VALUES ('b2-tehisintellekt', 'Tehisintellekt muudab paljusid tööstusharusid.', 'Artificial intelligence is transforming many industries.', 'Yapay zekâ birçok sektörü dönüştürüyor.', 0);
INSERT INTO words (id, estonian, english, turkish, cefr_level, image_query) VALUES ('b2-küberturvalisus', 'küberturvalisus', 'cybersecurity', 'siber güvenlik', 'B2', NULL) ON CONFLICT (id) DO NOTHING;
INSERT INTO word_sentences (word_id, estonian, english, turkish, sort_order) VALUES ('b2-küberturvalisus', 'Küberturvalisus on digiajastul ülioluline.', 'Cybersecurity is crucial in the digital age.', 'Siber güvenlik dijital çağda son derece önemlidir.', 0);
INSERT INTO words (id, estonian, english, turkish, cefr_level, image_query) VALUES ('b2-digipööre', 'digipööre', 'digital transformation', 'dijital dönüşüm', 'B2', NULL) ON CONFLICT (id) DO NOTHING;
INSERT INTO word_sentences (word_id, estonian, english, turkish, sort_order) VALUES ('b2-digipööre', 'Eesti on digipöörde eestvedaja Euroopas.', 'Estonia is a leader of digital transformation in Europe.', 'Estonya Avrupa''da dijital dönüşümün öncüsüdür.', 0);
INSERT INTO words (id, estonian, english, turkish, cefr_level, image_query) VALUES ('b2-pühenduma', 'pühenduma', 'to devote oneself / to commit', 'kendini adamak', 'B2', NULL) ON CONFLICT (id) DO NOTHING;
INSERT INTO word_sentences (word_id, estonian, english, turkish, sort_order) VALUES ('b2-pühenduma', 'Ta pühendus täielikult oma uurimistööle.', 'She devoted herself entirely to her research.', 'Kendini tamamen araştırmasına adadı.', 0);
INSERT INTO words (id, estonian, english, turkish, cefr_level, image_query) VALUES ('b2-omistama', 'omistama', 'to attribute / to ascribe', 'atfetmek / bağlamak', 'B2', NULL) ON CONFLICT (id) DO NOTHING;
INSERT INTO word_sentences (word_id, estonian, english, turkish, sort_order) VALUES ('b2-omistama', 'Edu omistati meeskonnatööle.', 'The success was attributed to teamwork.', 'Başarı ekip çalışmasına atfedildi.', 0);
INSERT INTO words (id, estonian, english, turkish, cefr_level, image_query) VALUES ('b2-nentima', 'nentima', 'to state / to acknowledge (a fact)', 'kabul etmek / belirtmek', 'B2', NULL) ON CONFLICT (id) DO NOTHING;
INSERT INTO word_sentences (word_id, estonian, english, turkish, sort_order) VALUES ('b2-nentima', 'Peaminister nentis, et olukord on tõsine.', 'The prime minister acknowledged that the situation is serious.', 'Başbakan durumun ciddi olduğunu kabul etti.', 0);
INSERT INTO words (id, estonian, english, turkish, cefr_level, image_query) VALUES ('b2-kõrvale-jätma', 'kõrvale jätma', 'to set aside / to disregard', 'bir kenara bırakmak / göz ardı etmek', 'B2', NULL) ON CONFLICT (id) DO NOTHING;
INSERT INTO word_sentences (word_id, estonian, english, turkish, sort_order) VALUES ('b2-kõrvale-jätma', 'Isiklikud eelistused tuleb kõrvale jätta.', 'Personal preferences must be set aside.', 'Kişisel tercihler bir kenara bırakılmalıdır.', 0);
INSERT INTO words (id, estonian, english, turkish, cefr_level, image_query) VALUES ('b2-sõltuv', 'sõltuv', 'dependent', 'bağımlı / bağlı', 'B2', NULL) ON CONFLICT (id) DO NOTHING;
INSERT INTO word_sentences (word_id, estonian, english, turkish, sort_order) VALUES ('b2-sõltuv', 'Tulemus on sõltuv paljudest teguritest.', 'The outcome is dependent on many factors.', 'Sonuç birçok faktöre bağlıdır.', 0);
INSERT INTO words (id, estonian, english, turkish, cefr_level, image_query) VALUES ('b2-sõltumatu', 'sõltumatu', 'independent', 'bağımsız', 'B2', NULL) ON CONFLICT (id) DO NOTHING;
INSERT INTO word_sentences (word_id, estonian, english, turkish, sort_order) VALUES ('b2-sõltumatu', 'Sõltumatu ajakirjandus on demokraatia alustala.', 'Independent journalism is the cornerstone of democracy.', 'Bağımsız gazetecilik demokrasinin temel taşıdır.', 0);
INSERT INTO words (id, estonian, english, turkish, cefr_level, image_query) VALUES ('b2-silm', 'silm', 'lamprey', 'taşemici balığı', 'B2', NULL) ON CONFLICT (id) DO NOTHING;
INSERT INTO word_sentences (word_id, estonian, english, turkish, sort_order) VALUES ('b2-silm', 'Silmud tulevad kuderändele.', 'Silmud tulevad kuderändele.', 'Taşemici balıkları yumurtlama göçüne çıkıyor.', 0);
INSERT INTO word_sentences (word_id, estonian, english, turkish, sort_order) VALUES ('b2-silm', 'Narva jõest püüavad kalurid juba väga vanast ajast kuni tänapäevani muude kalade kõrval silmusid ehk sutte.', 'Narva jõest püüavad kalurid juba väga vanast ajast kuni tänapäevani muude kalade kõrval silmusid ehk sutte.', 'Balıkçılar çok eski zamanlardan günümüze kadar Narva nehrinden diğer balıkların yanı sıra taşemici balığı da avlıyor.', 1);
INSERT INTO word_sentences (word_id, estonian, english, turkish, sort_order) VALUES ('b2-silm', 'Isa püüdis jõest silmusid.', 'Isa püüdis jõest silmusid.', 'Babam nehirden taşemici balığı tuttu.', 2);
INSERT INTO words (id, estonian, english, turkish, cefr_level, image_query) VALUES ('b2-pea', 'pea', 'almost', 'neredeyse / hemen hemen', 'B2', NULL) ON CONFLICT (id) DO NOTHING;
INSERT INTO word_sentences (word_id, estonian, english, turkish, sort_order) VALUES ('b2-pea', 'Esinemisi on pea igal nädalavahetusel.', 'Esinemisi on pea igal nädalavahetusel.', 'Neredeyse her hafta sonu gösteri var.', 0);
INSERT INTO word_sentences (word_id, estonian, english, turkish, sort_order) VALUES ('b2-pea', 'Pea kõik päevad olid päikeselised.', 'Pea kõik päevad olid päikeselised.', 'Neredeyse her gün güneşliydi.', 1);
INSERT INTO words (id, estonian, english, turkish, cefr_level, image_query) VALUES ('b2-kole', 'kole', 'terribly', 'aşırı / çok', 'B2', NULL) ON CONFLICT (id) DO NOTHING;
INSERT INTO word_sentences (word_id, estonian, english, turkish, sort_order) VALUES ('b2-kole', 'Kole lühike seelik.', 'Kole lühike seelik.', 'Aşırı kısa etek.', 0);
INSERT INTO word_sentences (word_id, estonian, english, turkish, sort_order) VALUES ('b2-kole', 'Kole kallis korter.', 'Kole kallis korter.', 'Aşırı pahalı daire.', 1);
INSERT INTO word_sentences (word_id, estonian, english, turkish, sort_order) VALUES ('b2-kole', 'Kole naljakas lugu.', 'Kole naljakas lugu.', 'Aşırı komik bir hikâye.', 2);

-- Grammar stories: 32
INSERT INTO grammar_stories (id, cefr_level, topic, icon, slides) VALUES ('story-a1-personal-pronouns', 'A1', 'Zamirler', '👤', '[{"title": "Estonca Kişisel Zamirler", "body": "Estoncada, tıpkı Türkçe gibi 6 kişi zamiri vardır.\nHer birinin uzun (resmi/yazılı) ve kısa (günlük konuşma) formu bulunur.\n\nHepsini öğrenelim!"}, {"title": "Tekil Zamirler", "body": "Tekil zamirler ve kısa formları:\n\nmina (ma) - ben\nsina (sa) - sen\ntema (ta) - o\n\nNot: Estoncada cinsiyet ayrımı yoktur. \"tema\" hem erkek, hem kadın, hem de nesne için kullanılır.", "examples": [{"estonian": "Ma olen tudeng.", "english": "I am a student.", "turkish": "Ben öğrenciyim."}, {"estonian": "Sa oled ilus.", "english": "You are beautiful.", "turkish": "Sen güzelsin."}, {"estonian": "Ta on arst.", "english": "He/She is a doctor.", "turkish": "O bir doktor."}]}, {"title": "Çoğul Zamirler", "body": "Çoğul zamirler ve kısa formları:\n\nmeie (me) - biz\nteie (te) - siz (çoğul veya resmi)\nnemad (nad) - onlar\n\n\"Teie\" ayrıca yabancılara veya büyüklere hitap ederken resmi \"siz\" olarak da kullanılır.", "examples": [{"estonian": "Me oleme siin.", "english": "We are here.", "turkish": "Biz buradayız."}, {"estonian": "Te olete head.", "english": "You are good.", "turkish": "Siz iyisiniz."}, {"estonian": "Nad on kodus.", "english": "They are at home.", "turkish": "Onlar evdeler."}]}, {"title": "Özet", "body": "Uzun formlar: mina, sina, tema, meie, teie, nemad\nKısa formlar: ma, sa, ta, me, te, nad\n\nKısa formlar günlük konuşmada kullanılır.\nEstoncada dilbilgisel cinsiyet yoktur - ta hem erkek, hem kadın, hem de nesne anlamına gelir.", "highlight": "Günlük konuşmada kısa formları (ma, sa, ta, me, te, nad) kullanın. Uzun formlar vurgu veya resmi yazı içindir."}]'::jsonb) ON CONFLICT (id) DO NOTHING;
INSERT INTO grammar_stories (id, cefr_level, topic, icon, slides) VALUES ('story-a1-olema-present', 'A1', 'Olmak', '🔵', '[{"title": "\"olema\" Fiili (olmak)", "body": "\"Olema\" Estoncadaki en önemli fiildir.\nTürkçedeki \"-dır/-dir\" ve \"olmak\" gibi çalışır.\n\nŞimdi geniş zamandaki çekimini öğrenelim."}, {"title": "Geniş Zaman Çekimi", "body": "\"olema\" fiilinin her kişi için değişimi:\n\nma olen - ben ...-ım/im\nsa oled - sen ...-sın/sin\nta on - o ...-dır/dir\nme oleme - biz ...-ız/iz\nte olete - siz ...-sınız/siniz\nnad on - onlar ...-dırlar/dirler\n\nDikkat: ta ve nad aynı formu \"on\" paylaşır.", "examples": [{"estonian": "Ma olen eestlane.", "english": "I am Estonian.", "turkish": "Ben Estonyalıyım."}, {"estonian": "Sa oled mu sõber.", "english": "You are my friend.", "turkish": "Sen benim arkadaşımsın."}, {"estonian": "Ta on õpetaja.", "english": "He/She is a teacher.", "turkish": "O bir öğretmen."}]}, {"title": "Olumsuz Form", "body": "Olumsuz form çok basittir: TÜM kişiler için \"ei ole\" kullanılır.\nFormu değiştirmeye gerek yoktur - hep aynı kalır.\n\nma ei ole - ben değilim\nsa ei ole - sen değilsin\nta ei ole - o değildir\nme ei ole - biz değiliz\nte ei ole - siz değilsiniz\nnad ei ole - onlar değildir", "examples": [{"estonian": "Ta ei ole kodus.", "english": "He/She is not at home.", "turkish": "O evde değil."}, {"estonian": "Me ei ole valmis.", "english": "We are not ready.", "turkish": "Biz hazır değiliz."}]}, {"title": "Özet", "body": "Olumlu: olen, oled, on, oleme, olete, on\nOlumsuz: ei ole (tüm kişiler için aynı)\n\nBu, Estoncada öğrenmeniz gereken ilk fiildir.", "highlight": "olema fiilinin olumsuz hali her zaman \"ei ole\"dir. Kişiye göre çekim gerekmez!"}]'::jsonb) ON CONFLICT (id) DO NOTHING;
INSERT INTO grammar_stories (id, cefr_level, topic, icon, slides) VALUES ('story-a1-basic-word-order', 'A1', 'Söz Dizimi', '📝', '[{"title": "Estoncada Temel Sözcük Dizilişi", "body": "Estonca genellikle ÖFN kalıbını izler:\nÖzne - Fiil - Nesne\n\nBu düzen İngilizce ile aynıdır. Türkçedeki Özne-Nesne-Fiil düzeninden farklıdır.\nCümlelerin nasıl kurulduğunu görelim."}, {"title": "Düz Cümle Sözcük Dizilişi (ÖFN)", "body": "Normal cümlelerde önce özne, sonra fiil, sonra nesne gelir.\n\nBu, çoğu basit cümle için standart kalıptır.", "examples": [{"estonian": "Ma söön leiba.", "english": "I eat bread.", "turkish": "Ben ekmek yerim."}, {"estonian": "Ta loeb raamatut.", "english": "He reads a book.", "turkish": "O bir kitap okuyor."}, {"estonian": "Me joome kohvi.", "english": "We drink coffee.", "turkish": "Biz kahve içiyoruz."}]}, {"title": "\"Kas\" ile Soru Sormak", "body": "Evet/hayır sorusu oluşturmak için cümlenin başına \"Kas\" eklenir.\n\"Kas\" soru edatıdır - bir sorunun geldiğini belirtir.\n\n\"Kas\"tan sonra sözcük dizilişi düz cümledeki gibi kalır.", "examples": [{"estonian": "Kas sa räägid eesti keelt?", "english": "Do you speak Estonian?", "turkish": "Estonca konuşuyor musun?"}, {"estonian": "Kas ta on kodus?", "english": "Is he/she at home?", "turkish": "O evde mi?"}, {"estonian": "Kas te olete valmis?", "english": "Are you ready?", "turkish": "Hazır mısınız?"}]}, {"title": "Özet", "body": "Düz cümleler: Özne + Fiil + Nesne (Ma söön leiba.)\nSorular: Kas + Özne + Fiil + Nesne? (Kas sa söön leiba?)\n\nEstonca sözcük dizilişi esnektir, ancak ÖFN başlangıç seviyesi için güvenli tercihtir.", "highlight": "Düz cümleler için ÖFN kullanın ve evet/hayır soruları için başa \"Kas\" ekleyin."}]'::jsonb) ON CONFLICT (id) DO NOTHING;
INSERT INTO grammar_stories (id, cefr_level, topic, icon, slides) VALUES ('story-a1-nominative-case', 'A1', 'Yalın Hal', '📗', '[{"title": "Yalın Hal (nimetav)", "body": "Yalın hal, bir sözcüğün temel formudur.\nSözlükte bulacağınız form budur.\n\nEn basit haldir - hiçbir ek eklenmez.\nNe zaman kullanıldığını görelim."}, {"title": "Yalın Hal Ne Zaman Kullanılır", "body": "Yalın hal şu durumlarda kullanılır:\n\n1. Cümlenin öznesi (eylemi yapan kim/ne)\n2. \"olema\" (olmak) fiilinden sonra\n3. Herhangi bir ismin sözlük/temel formu", "examples": [{"estonian": "Koer on suur.", "english": "The dog is big.", "turkish": "Köpek büyük."}, {"estonian": "See on raamat.", "english": "This is a book.", "turkish": "Bu bir kitap."}, {"estonian": "Laps magab.", "english": "The child is sleeping.", "turkish": "Çocuk uyuyor."}]}, {"title": "Özet", "body": "Yalın hal = sözlük/temel form.\nHiçbir ek eklenmez.\n\nÖzneler ve \"olema\" (olmak) fiilinden sonra kullanılır.\n\nÖrnekler: koer (köpek), raamat (kitap), maja (ev), laps (çocuk)", "highlight": "Yalın hal, ek almamış sözlük formudur. Cümlenin öznesi ve olema fiilinden sonra kullanılır."}]'::jsonb) ON CONFLICT (id) DO NOTHING;
INSERT INTO grammar_stories (id, cefr_level, topic, icon, slides) VALUES ('story-a1-genitive-case', 'A1', 'Tamlayan', '🔑', '[{"title": "Tamlayan Hali (omastav)", "body": "Tamlayan hali iyelik (sahiplik) bildirir (Türkçedeki \"-nın/-nin\" gibi).\nAma Estoncada bundan çok daha önemlidir.\n\nTamlayan formu diğer hallerin çoğunu oluşturmak için KÖKÜ sağlar.\nBu yüzden ezberlenecek en önemli haldir."}, {"title": "Nasıl Çalışır", "body": "Tamlayan hali sözcük sonunu değiştirerek oluşturulur.\nNe yazık ki değişiklikler her zaman tahmin edilemez - öğrenmeniz gerekir.\n\nkoer -> koera (köpeğin)\nraamat -> raamatu (kitabın)\nmaja -> maja (evin - aynı kalıyor!)\nlaps -> lapse (çocuğun)", "examples": [{"estonian": "See on koera nimi.", "english": "This is the dog''s name.", "turkish": "Bu köpeğin adı."}, {"estonian": "Raamatu hind on kõrge.", "english": "The book''s price is high.", "turkish": "Kitabın fiyatı yüksek."}, {"estonian": "Maja uks on avatud.", "english": "The house''s door is open.", "turkish": "Evin kapısı açık."}]}, {"title": "Özet", "body": "Tamlayan hali iyelik bildirir VE diğer haller için temel oluşturur.\n\nHer yeni ismin tamlayan formunu öğrenmelisiniz.\nSözlükler şöyle listeler: yalın -> tamlayan -> kısmi.\n\nÖrnekler: koer/koera, raamat/raamatu, maja/maja, laps/lapse", "highlight": "Yeni isimlerin tamlayan formunu her zaman öğrenin. Bu, neredeyse tüm diğer Estonca hallerin temel yapı taşıdır."}]'::jsonb) ON CONFLICT (id) DO NOTHING;
INSERT INTO grammar_stories (id, cefr_level, topic, icon, slides) VALUES ('story-a1-partitive-case', 'A1', 'Kısmi Hal', '🧩', '[{"title": "Kısmi Hal (osastav)", "body": "Kısmi hal, Estoncadaki en çok kullanılan hallerden biridir.\n\"Bir şeyin bir kısmını\" veya tamamlanmamış/devam eden bir eylemi ifade eder.\n\nSürekli karşılaşacaksınız, o yüzden temellerini öğrenelim."}, {"title": "Kısmi Hal Ne Zaman Kullanılır", "body": "Kısmi hal şu durumlarda kullanılır:\n\n1. Kısmi veya sayılmamış nesneler (biraz süt, biraz ekmek)\n2. 2 ve üzeri sayılardan sonra (kaks koera = iki köpek)\n3. Olumsuz cümlelerde (Bende kitap yok)\n4. Devam eden veya tamamlanmamış eylemler", "examples": [{"estonian": "Ma joon piima.", "english": "I drink milk.", "turkish": "Ben süt içiyorum."}, {"estonian": "Kaks koera.", "english": "Two dogs.", "turkish": "İki köpek."}, {"estonian": "Mul ei ole raamatut.", "english": "I don''t have a book.", "turkish": "Bende kitap yok."}]}, {"title": "Yaygın Kısmi Hal Formları", "body": "Bazı yaygın sözcüklerin kısmi hal formları:\n\nkoer -> koera\nraamat -> raamatut\npiim -> piima\nmaja -> maja\nleib -> leiba\nvesi -> vett", "examples": [{"estonian": "Ma söön leiba.", "english": "I eat bread.", "turkish": "Ben ekmek yerim."}, {"estonian": "Kolm maja.", "english": "Three houses.", "turkish": "Üç ev."}]}, {"title": "Özet", "body": "Kısmi hal; kısmi nesneler, sayılardan (2+) sonra ve olumsuz cümlelerde kullanılır.\n\nHer ismin üç temel formunu öğrenin:\nyalın -> tamlayan -> kısmi\nkoer -> koera -> koera\nraamat -> raamatu -> raamatut", "highlight": "Kısmi hal = kısmi/sayılmamış nesneler, 2+ sayılardan sonra ve olumsuz cümleler. Ezberlenecek üçüncü en önemli formdur."}]'::jsonb) ON CONFLICT (id) DO NOTHING;
INSERT INTO grammar_stories (id, cefr_level, topic, icon, slides) VALUES ('story-a1-question-words', 'A1', 'Sorular', '❓', '[{"title": "Estonca Soru Sözcükleri", "body": "Soru sormak iletişim için gereklidir.\nEstoncada ilk günden ihtiyaç duyacağınız soru sözcükleri vardır.\n\nEn önemli 9 tanesini öğrenelim."}, {"title": "Kim, Ne, Nerede", "body": "Temel soru sözcükleri:\n\nkes? - kim?\nmis? - ne?\nkus? - nerede? (konum)\nkuhu? - nereye? (yön)\nkust? - nereden? (kaynak)\n\nNot: Estonca \"nerede\" (konum), \"nereye\" (yön) ve \"nereden\" (kaynak) ayrımını yapar.", "examples": [{"estonian": "Kes sa oled?", "english": "Who are you?", "turkish": "Sen kimsin?"}, {"estonian": "Mis see on?", "english": "What is this?", "turkish": "Bu ne?"}, {"estonian": "Kus sa elad?", "english": "Where do you live?", "turkish": "Nerede yaşıyorsun?"}]}, {"title": "Ne Zaman, Nasıl, Neden, Ne Kadar", "body": "Diğer temel soru sözcükleri:\n\nmillal? - ne zaman?\nkuidas? - nasıl?\nmiks? - neden?\nkui palju? - ne kadar/kaç tane?", "examples": [{"estonian": "Millal sa tuled?", "english": "When are you coming?", "turkish": "Ne zaman geliyorsun?"}, {"estonian": "Kuidas läheb?", "english": "How is it going?", "turkish": "Nasıl gidiyor?"}, {"estonian": "Miks sa nutad?", "english": "Why are you crying?", "turkish": "Neden ağlıyorsun?"}, {"estonian": "Kui palju see maksab?", "english": "How much does this cost?", "turkish": "Bu ne kadar?"}]}, {"title": "Özet", "body": "9 temel soru sözcüğü:\nkes (kim), mis (ne), kus (nerede),\nkuhu (nereye), kust (nereden),\nmillal (ne zaman), kuidas (nasıl), miks (neden),\nkui palju (ne kadar/kaç tane)\n\nEstoncada konum, yön ve kaynak için ÜÇ ayrı \"nerede\" sözcüğü vardır.", "highlight": "Üç \"nerede\" sözcüğünü hatırlayın: kus (nerede), kuhu (nereye), kust (nereden). Bu konum/yön/kaynak kalıbı tüm Estonca hallerde geçerlidir."}]'::jsonb) ON CONFLICT (id) DO NOTHING;
INSERT INTO grammar_stories (id, cefr_level, topic, icon, slides) VALUES ('story-a1-numbers', 'A1', 'Sayılar', '🔢', '[{"title": "Estoncada 1-10 Sayıları", "body": "Sayılar her dilde öğrenilecek ilk şeyler arasındadır.\nEstonca 1-10 arası sayılar ezberlenmelidir.\n\nAyrıca sayılardan sonra isimlerin nasıl davrandığına dair önemli bir dilbilgisi kuralı vardır."}, {"title": "1''den 10''a Kadar Sayılar", "body": "1 - üks\n2 - kaks\n3 - kolm\n4 - neli\n5 - viis\n6 - kuus\n7 - seitse\n8 - kaheksa\n9 - üheksa\n10 - kümme", "examples": [{"estonian": "Mul on üks koer.", "english": "I have one dog.", "turkish": "Benim bir köpeğim var."}, {"estonian": "Siin on viis inimest.", "english": "There are five people here.", "turkish": "Burada beş kişi var."}]}, {"title": "Sayılar ve Kısmi Hal Kuralı", "body": "Önemli kural: 2 ve üzeri sayılardan sonra isim TEKİL KISMİ HAL formunu alır.\n\n\"üks\" (bir) den sonra isim yalın halde kalır.\n\nüks koer - bir köpek (yalın hal)\nkaks koera - iki köpek (kısmi hal)\nkolm raamatut - üç kitap (kısmi hal)\nviis last - beş çocuk (kısmi hal)", "examples": [{"estonian": "Kolm raamatut.", "english": "Three books.", "turkish": "Üç kitap."}, {"estonian": "Neli kassi.", "english": "Four cats.", "turkish": "Dört kedi."}, {"estonian": "Kümme aastat.", "english": "Ten years.", "turkish": "On yıl."}]}, {"title": "Özet", "body": "1: üks, 2: kaks, 3: kolm, 4: neli, 5: viis\n6: kuus, 7: seitse, 8: kaheksa, 9: üheksa, 10: kümme\n\n2 ve üzeri sayılardan sonra isimler tekil kısmi hal alır.", "highlight": "2 ve üzeri sayılardan sonra her zaman tekil kısmi hal kullanın: kaks koera (iki köpek), kaks koerad değil."}]'::jsonb) ON CONFLICT (id) DO NOTHING;
INSERT INTO grammar_stories (id, cefr_level, topic, icon, slides) VALUES ('story-a1-negation', 'A1', 'Olumsuzluk', '🚫', '[{"title": "Estoncada Olumsuzluk", "body": "Estoncada olumsuz cümle kurmak şaşırtıcı derecede basittir.\nFiilin önüne \"ei\" (değil) sözcüğü koyulur.\n\nTemel kural: \"ei\"den sonra fiil kişi ekini KAYBEDER."}, {"title": "Olumsuzluk Nasıl Çalışır", "body": "Formül: özne + ei + fiil KÖKÜ (kişi eki yok)\n\nOlumlu: ma söön (yerim) -> Olumsuz: ma ei söö\nOlumlu: sa räägid (konuşursun) -> Olumsuz: sa ei räägi\nOlumlu: ta loeb (okur) -> Olumsuz: ta ei loe\n\nFiil kökü olumsuzda TÜM kişiler için aynıdır.", "examples": [{"estonian": "Ma ei söö liha.", "english": "I don''t eat meat.", "turkish": "Ben et yemem."}, {"estonian": "Ta ei räägi eesti keelt.", "english": "He doesn''t speak Estonian.", "turkish": "O Estonca konuşmuyor."}, {"estonian": "Me ei tea.", "english": "We don''t know.", "turkish": "Biz bilmiyoruz."}]}, {"title": "Özet", "body": "Olumsuzluk = ei + fiil kökü (kişi eki olmadan)\n\nma söön -> ma ei söö\nsa räägid -> sa ei räägi\nta loeb -> ta ei loe\nme sööme -> me ei söö\nte sööte -> te ei söö\nnad söövad -> nad ei söö\n\n\"ei\"den sonraki fiil formu herkes için aynıdır.", "highlight": "\"ei\"den sonra fiil kişi ekini düşürür ve yalın köküne döner. Kök tüm kişiler için aynı kalır."}]'::jsonb) ON CONFLICT (id) DO NOTHING;
INSERT INTO grammar_stories (id, cefr_level, topic, icon, slides) VALUES ('story-a2-past-simple', 'A2', 'Geçmiş', '⏪', '[{"title": "Basit Geçmiş Zaman (lihtminevik)", "body": "Basit geçmiş zaman, geçmişte tamamlanmış eylemleri anlatır.\nFiil köküne ekler eklenerek oluşturulur.\n\nEn yaygın belirteçler -s ve -si''dir."}, {"title": "Çekim Kalıbı", "body": "\"sööma\" (yemek) fiilini örnek alalım:\n\nma sõin - yedim\nsa sõid - yedin\nta sõi - yedi\nme sõime - yedik\nte sõite - yediniz\nnad sõid - yediler\n\nÜnlü değişimleri fiilin derece değişimi kalıbının bir parçasıdır.", "examples": [{"estonian": "Ma sõin eile suppi.", "english": "I ate soup yesterday.", "turkish": "Dün çorba yedim."}, {"estonian": "Ta kirjutas kirja.", "english": "He/She wrote a letter.", "turkish": "O bir mektup yazdı."}, {"estonian": "Me kõisime Tallinnas.", "english": "We walked in Tallinn.", "turkish": "Tallinn''de yürüyüş yaptık."}]}, {"title": "Olumsuz Geçmiş Zaman", "body": "Olumsuz geçmiş zaman: ei + nud-formu (tüm kişiler için)\n\nma ei söönud - yemedim\nsa ei söönud - yemedin\nta ei söönud - yemedi\n\n-nud formu, tıpkı geniş zaman olumsuzluğu gibi, tüm kişiler için aynıdır.", "examples": [{"estonian": "Ta ei söönud midagi.", "english": "He didn''t eat anything.", "turkish": "O hiçbir şey yemedi."}, {"estonian": "Me ei näinud teda.", "english": "We didn''t see him.", "turkish": "Biz onu görmedik."}]}, {"title": "Özet", "body": "Basit geçmiş: fiil köküne -s/-si ve kişi ekleri eklenir.\nOlumsuz geçmiş: ei + -nud formu (tüm kişiler için aynı).\n\nOlumlu: ma sõin, sa sõid, ta sõi\nOlumsuz: ma/sa/ta ei söönud", "highlight": "Olumlu geçmiş zamanda kişi ekleri (-in, -id, -i, -ime, -ite, -id) kullanılır. Olumsuz geçmiş zamanda tüm kişiler için \"ei\" + -nud ortacı kullanılır."}]'::jsonb) ON CONFLICT (id) DO NOTHING;
INSERT INTO grammar_stories (id, cefr_level, topic, icon, slides) VALUES ('story-a2-present-perfect', 'A2', 'Bitmiş', '✅', '[{"title": "Yakın Geçmiş Zaman (täisminevik)", "body": "Yakın geçmiş zaman, şimdiki zamanla bağlantılı geçmiş eylemleri anlatır.\nolema (geniş zaman) + -nud ortacı ile oluşturulur.\n\nİngilizce karşılığı: \"I have eaten\", \"She has seen\"."}, {"title": "Nasıl Oluşturulur", "body": "Formül: olen/oled/on + fiil-nud\n\nma olen söönud - yemişim / yemiş bulunuyorum\nsa oled söönud - yemişsin\nta on söönud - yemiş\nme oleme söönud - yemişiz\nte olete söönud - yemişsiniz\nnad on söönud - yemişler", "examples": [{"estonian": "Ma olen Tallinnas elanud viis aastat.", "english": "I have lived in Tallinn for five years.", "turkish": "Beş yıldır Tallinn''de yaşıyorum."}, {"estonian": "Kas sa oled seda filmi näinud?", "english": "Have you seen this movie?", "turkish": "Bu filmi gördün mü?"}]}, {"title": "Olumsuz Yakın Geçmiş", "body": "Olumsuz: ei ole + -nud (tüm kişiler için aynı)\n\nma ei ole söönud - yememişim\nsa ei ole söönud - yememişsin\nta ei ole söönud - yememiş", "examples": [{"estonian": "Ma ei ole seal kunagi käinud.", "english": "I have never been there.", "turkish": "Orada hiç bulunmadım."}, {"estonian": "Ta ei ole veel vastanud.", "english": "He/She has not answered yet.", "turkish": "O henüz cevap vermedi."}]}, {"title": "Özet", "body": "Yakın geçmiş = olema (çekimli) + -nud ortacı\nOlumsuz = ei ole + -nud\n\nŞimdiki zamanla bağlantılı geçmiş olaylar için kullanılır.", "highlight": "Yakın geçmiş = olen/oled/on + -nud. Deneyimler ve şimdiki zamanla ilgili eylemler için kullanılır."}]'::jsonb) ON CONFLICT (id) DO NOTHING;
INSERT INTO grammar_stories (id, cefr_level, topic, icon, slides) VALUES ('story-a2-illative-case', 'A2', 'İçe Hal', '📥', '[{"title": "İçe Yönelme Hali - İÇİNE Hareket", "body": "İçe yönelme hali, bir şeyin İÇİNE veya bir yere DOĞRU hareketi ifade eder.\n\"kuhu?\" (nereye?) sorusuna cevap verir.\n\nEstoncada iki formu vardır: kısa içe yönelme ve uzun içe yönelme (-sse)."}, {"title": "Kısa İçe Yönelme (en yaygın)", "body": "Kısa içe yönelme günlük konuşmada daha sık kullanılır.\nSözcük kökünde değişiklikler içerir:\n\nmaja -> majja (evin içine)\nlinn -> linna (şehre)\nkool -> kooli (okula)\npood -> poodi (dükkana)", "examples": [{"estonian": "Ma lähen linna.", "english": "I''m going to the city.", "turkish": "Şehre gidiyorum."}, {"estonian": "Lapsed lähevad kooli.", "english": "Children go to school.", "turkish": "Çocuklar okula gidiyor."}, {"estonian": "Tule majja!", "english": "Come into the house!", "turkish": "Eve gel!"}]}, {"title": "Uzun İçe Yönelme (-sse)", "body": "Uzun içe yönelme, tamlayan formuna -sse eklenerek yapılır.\nUzun sözcüklerde veya kısa formun belirsiz olduğu durumlarda kullanılır:\n\nraamatukogu -> raamatukokku veya raamatukogusse\nhaigla -> haiglasse (hastaneye)\nülikool -> ülikooli (üniversiteye)", "examples": [{"estonian": "Ma lähen haiglasse.", "english": "I''m going to the hospital.", "turkish": "Hastaneye gidiyorum."}, {"estonian": "Ta astus autosse.", "english": "He/She got into the car.", "turkish": "O arabaya bindi."}]}, {"title": "Özet", "body": "İçe yönelme = bir şeyin İÇİNE hareket.\nCevaplar: kuhu? (nereye?)\n\nKısa içe yönelme: majja, linna, kooli (daha yaygın)\nUzun içe yönelme: tamlayan formuna -sse eklenir (haiglasse, autosse)", "highlight": "İçe yönelme hali \"kuhu?\" (nereye?) sorusuna cevap verir. Kısa formlar (linna, kooli) konuşmada daha yaygındır; uzun formlar (-sse) uzun sözcükler için kullanılır."}]'::jsonb) ON CONFLICT (id) DO NOTHING;
INSERT INTO grammar_stories (id, cefr_level, topic, icon, slides) VALUES ('story-a2-inessive-elative', 'A2', 'İçinde/Dışa', '📦', '[{"title": "İçinde Kalma ve İçinden Çıkma Halleri", "body": "Bu iki hal, içe yönelme ile birlikte \"iç yer\" üçlüsünü tamamlar.\n\nİçinde kalma (-s) = İÇİNDE olma (kus? - nerede?)\nİçinden çıkma (-st) = İÇİNDEN çıkma (kust? - nereden?)\n\nBirlikte: İÇİNE (içe yönelme) -> İÇİNDE (içinde kalma) -> İÇİNDEN (içinden çıkma)"}, {"title": "İçinde Kalma Hali (-s) - İÇİNDE", "body": "\"İçinde\" veya \"dahilinde\" demek için tamlayan formuna -s eklenir.\n\nlinn -> linnas (şehirde)\nkool -> koolis (okulda)\nmaja -> majas (evde)\nTallinn -> Tallinnas (Tallinn''de)", "examples": [{"estonian": "Ma elan Tallinnas.", "english": "I live in Tallinn.", "turkish": "Tallinn''de yaşıyorum."}, {"estonian": "Lapsed on koolis.", "english": "The children are in school.", "turkish": "Çocuklar okulda."}, {"estonian": "Mis on karbis?", "english": "What is in the box?", "turkish": "Kutuda ne var?"}]}, {"title": "İçinden Çıkma Hali (-st) - İÇİNDEN", "body": "\"İçinden\" veya \"-den/-dan\" demek için tamlayan formuna -st eklenir.\n\nlinn -> linnast (şehirden)\nkool -> koolist (okuldan)\nmaja -> majast (evden)", "examples": [{"estonian": "Ta tuleb koolist.", "english": "He comes from school.", "turkish": "O okuldan geliyor."}, {"estonian": "Ma tulin linnast.", "english": "I came from the city.", "turkish": "Şehirden geldim."}, {"estonian": "Võta see majast välja.", "english": "Take it out of the house.", "turkish": "Onu evden çıkar."}]}, {"title": "Özet", "body": "İç yer halleri (tamlayan formuna eklenir):\nİçe yönelme = İÇİNE (kuhu?) -> linna\nİçinde kalma -s = İÇİNDE (kus?) -> linnas\nİçinden çıkma -st = İÇİNDEN (kust?) -> linnast\n\nBunları bir hareket üçlüsü olarak düşünün: içine -> içinde -> içinden.", "highlight": "İçinde kalma (-s) = içinde, İçinden çıkma (-st) = içinden/-den. Her ikisi de tamlayan formuna eklenir. İçe yönelme ile birlikte iç yer hali üçlüsünü oluştururlar."}]'::jsonb) ON CONFLICT (id) DO NOTHING;
INSERT INTO grammar_stories (id, cefr_level, topic, icon, slides) VALUES ('story-a2-allative-adessive-ablative', 'A2', 'Yüzeyler', '🔲', '[{"title": "Yüzey Halleri (Dış Yer Halleri)", "body": "Estoncada yüzeyler için üç \"dış\" yer hali vardır:\n\nÜstüne yönelme (-le) = BİR yüzeyin ÜZERİNE (kuhu?)\nÜstünde kalma (-l) = BİR yüzeyin ÜZERİNDE (kus?)\nÜstünden ayrılma (-lt) = BİR yüzeyDEN (kust?)\n\nBunlar iç hallerin aynısıdır ama açık/düz yüzeyler içindir."}, {"title": "Üstüne Yönelme (-le) - ÜZERİNE", "body": "Bir yüzeyin ÜZERİNE hareketi ifade etmek için tamlayan formuna -le eklenir.\n\nlaud -> lauale (masanın üzerine)\npõld -> põlvule (tarlanın üzerine)\ntänav -> tänavale (caddenin üzerine)", "examples": [{"estonian": "Pane raamat lauale.", "english": "Put the book on the table.", "turkish": "Kitabı masaya koy."}, {"estonian": "Lapsed jooksevad väljakule.", "english": "Children run onto the field.", "turkish": "Çocuklar sahaya koşuyor."}]}, {"title": "Üstünde Kalma (-l) - ÜZERİNDE / Üstünden Ayrılma (-lt) - ÜZERİNDEN", "body": "Üstünde kalma (-l) = bir yüzeyin ÜZERİNDE olma:\nlaud -> laual (masanın üzerinde)\n\nÜstünden ayrılma (-lt) = bir yüzeyDEN ayrılma:\nlaud -> laualt (masanın üzerinden)", "examples": [{"estonian": "Raamat on laual.", "english": "The book is on the table.", "turkish": "Kitap masada."}, {"estonian": "Võta raamat laualt.", "english": "Take the book off the table.", "turkish": "Kitabı masadan al."}, {"estonian": "Mul on raha.", "english": "I have money. (lit: On me is money)", "turkish": "Bende para var."}]}, {"title": "Özet", "body": "Dış yer halleri (tamlayan formuna eklenir):\nÜstüne yönelme -le = ÜZERİNE (kuhu?) -> lauale\nÜstünde kalma -l = ÜZERİNDE (kus?) -> laual\nÜstünden ayrılma -lt = ÜZERİNDEN (kust?) -> laualt\n\nNot: Üstünde kalma hali iyelik için de kullanılır (mul on = bende var).", "highlight": "Yüzey halleri: -le (üzerine), -l (üzerinde), -lt (üzerinden). Üstünde kalma hali (-l) ayrıca sahiplik ifade eder: mul on = bende var."}]'::jsonb) ON CONFLICT (id) DO NOTHING;
INSERT INTO grammar_stories (id, cefr_level, topic, icon, slides) VALUES ('story-a2-postpositions', 'A2', 'Sontakılar', '📍', '[{"title": "Estoncada Sontakılar", "body": "Türkçede edatlar isimden SONRA gelir: \"evin önünde\".\nEstoncada da sontakılar isimden SONRA gelir: \"maja ees\".\n\nSontakıdan önceki isim genellikle tamlayan halindedir.", "examples": []}, {"title": "Yaygın Sontakılar", "body": "Konum sözcükleri (tamlayan hali ile kullanılır):\n\nees - önünde\ntaga - arkasında\nkõrval - yanında\nsees - içinde\npeal - üstünde\nall - altında\njuures - yakınında\nvahel - arasında", "examples": [{"estonian": "Auto on maja ees.", "english": "The car is in front of the house.", "turkish": "Araba evin önünde."}, {"estonian": "Kass istub laua all.", "english": "The cat sits under the table.", "turkish": "Kedi masanın altında oturuyor."}, {"estonian": "Pood on kooli kõrval.", "english": "The shop is next to the school.", "turkish": "Dükkan okulun yanında."}]}, {"title": "Yön Bildiren Sontakılar", "body": "Bazı sontakılar yön belirtmek için form değiştirir:\n\nees (önünde) -> ette (önüne) -> eest (önünden)\ntaga (arkasında) -> taha (arkasına) -> tagant (arkasından)\nall (altında) -> alla (altına) -> alt (altından)\n\nBu, kus/kuhu/kust kalıbını yansıtır.", "examples": [{"estonian": "Ta seisis maja ees.", "english": "He stood in front of the house.", "turkish": "O evin önünde durdu."}, {"estonian": "Ta läks maja taha.", "english": "He went behind the house.", "turkish": "O evin arkasına gitti."}]}, {"title": "Özet", "body": "Estonca, öntakılar değil sontakılar (isimden sonra gelen) kullanır.\nİsim tamlayan halini alır.\n\nmaja ees = evin önünde\nlaua all = masanın altında\nkooli kõrval = okulun yanında", "highlight": "Sontakılar tamlayan halindeki isimden SONRA gelir: maja ees (evin önünde). Bu yapı Türkçedeki sontakılara benzer."}]'::jsonb) ON CONFLICT (id) DO NOTHING;
INSERT INTO grammar_stories (id, cefr_level, topic, icon, slides) VALUES ('story-a2-ma-da-infinitive', 'A2', 'Mastarlar', '🔀', '[{"title": "İki Mastar Formu: -ma ve -da", "body": "Estoncada her fiilin iki mastar formu vardır:\n\nma-mastarı: sööma (yemek)\nda-mastarı: süüa (yemek)\n\nFarklı bağlamlarda kullanılırlar. Her birinin ne zaman kullanıldığını öğrenelim."}, {"title": "ma-mastarı: Amaç ve Hareket", "body": "Hareket fiillerinden sonra veya amaç ifade ederken (bir şey yapmaya gitmek) ma-mastarı kullanılır.\n\nŞöyle düşünün: \"Bir şey yapmaya gidiyorum\"", "examples": [{"estonian": "Ma lähen sööma.", "english": "I''m going to eat.", "turkish": "Yemek yemeye gidiyorum."}, {"estonian": "Ta tuli õppima.", "english": "He came to study.", "turkish": "O okumaya geldi."}, {"estonian": "Me lähme jalutama.", "english": "We''re going for a walk.", "turkish": "Yürüyüşe gidiyoruz."}]}, {"title": "da-mastarı: Kip Fiilleri", "body": "Kip fiillerinden sonra da-mastarı kullanılır:\ntahtma (istemek), saama (yapabilmek), pidama (zorunda olmak), oskama (bilmek/becermek).\n\nŞöyle düşünün: \"Bir şey istiyorum/yapabilirim/yapmalıyım\"", "examples": [{"estonian": "Ma tahan süüa.", "english": "I want to eat.", "turkish": "Yemek yemek istiyorum."}, {"estonian": "Sa pead õppida.", "english": "You have to study.", "turkish": "Çalışmak zorundasın."}, {"estonian": "Kas sa oskad ujuda?", "english": "Can you swim?", "turkish": "Yüzme biliyor musun?"}]}, {"title": "Özet", "body": "ma-mastarı -> hareket fiillerinden sonra (lähen sööma)\nda-mastarı -> kip fiillerinden sonra (tahan süüa)\n\nKural:\nBir yere gidip yapacaksan? -> ma\nİstemek/yapabilmek/zorunda olmak? -> da", "highlight": "Hareket fiilleri ma-mastarı kullanır (lähen sööma). Kip fiilleri da-mastarı kullanır (tahan süüa). Tereddütte: gitmek = -ma, istemek = -da."}]'::jsonb) ON CONFLICT (id) DO NOTHING;
INSERT INTO grammar_stories (id, cefr_level, topic, icon, slides) VALUES ('story-a2-comparatives', 'A2', 'Karşılaştır', '⚖️', '[{"title": "Karşılaştırma ve Üstünlük Dereceleri", "body": "Estoncada karşılaştırma düzenli bir kalıp izler:\n\nKarşılaştırma (daha büyük): tamlayan kökü + -m\nÜstünlük (en büyük): kõige + karşılaştırma formu\n\nNasıl çalıştığını görelim."}, {"title": "Karşılaştırma Derecesi Oluşturma", "body": "Sıfatın tamlayan formunu alıp -m ekleyin:\n\nsuur (büyük) -> suurem (daha büyük)\nilus (güzel) -> ilusam (daha güzel)\nvana (yaşlı) -> vanem (daha yaşlı)\nnoor (genç) -> noorem (daha genç)\n\nKarşılaştırma için \"kui\" (den/dan) kullanılır.", "examples": [{"estonian": "Tallinn on suurem kui Tartu.", "english": "Tallinn is bigger than Tartu.", "turkish": "Tallinn, Tartu''dan daha büyük."}, {"estonian": "Ta on vanem kui mina.", "english": "He is older than me.", "turkish": "O benden daha yaşlı."}]}, {"title": "Üstünlük Derecesi Oluşturma", "body": "Karşılaştırma formunun önüne \"kõige\" ekleyin:\n\nsuurem -> kõige suurem (en büyük)\nilusam -> kõige ilusam (en güzel)\nvanem -> kõige vanem (en yaşlı)", "examples": [{"estonian": "See on kõige ilusam linn.", "english": "This is the most beautiful city.", "turkish": "Bu en güzel şehir."}, {"estonian": "Ta on kõige targem õpilane.", "english": "He is the smartest student.", "turkish": "O en akıllı öğrenci."}]}, {"title": "Özet", "body": "Karşılaştırma: tamlayan + -m (suurem = daha büyük)\nÜstünlük: kõige + karşılaştırma (kõige suurem = en büyük)\nKarşılaştırma sözcüğü: kui (-den/-dan)\n\nsuur -> suurem -> kõige suurem", "highlight": "Karşılaştırma = tamlayan + -m, Üstünlük = kõige + karşılaştırma. \"kui\" sözcüğü \"-den/-dan\" anlamında kullanılır: suurem kui = -den daha büyük."}]'::jsonb) ON CONFLICT (id) DO NOTHING;
INSERT INTO grammar_stories (id, cefr_level, topic, icon, slides) VALUES ('story-a2-numbers-11-100', 'A2', 'Sayılar+', '💯', '[{"title": "11-100 Arası Sayılar ve Sıra Sayıları", "body": "Şimdi 1-10''un ötesine geçelim.\nEstonca sayı oluşturma mantıklıdır ve net kalıplar izler.\n\nAyrıca sıra sayılarını da (birinci, ikinci, üçüncü...) öğreneceğiz."}, {"title": "Onlu Sayılar (11-19)", "body": "Onlu sayılar temel sayıya \"-teist\" eklenerek oluşturulur:\n\n11 - üksteist\n12 - kaksteist\n13 - kolmteist\n14 - neliteist\n15 - viisteist\n16 - kuusteist\n17 - seitseteist\n18 - kaheksateist\n19 - üheksateist\n\nKalıp: [sayı] + teist", "examples": [{"estonian": "Mul on kaksteist õuna.", "english": "I have twelve apples.", "turkish": "Benim on iki elmam var."}, {"estonian": "Ta on viisteist aastane.", "english": "He/She is fifteen years old.", "turkish": "O on beş yaşında."}]}, {"title": "Onlar Basamağı (20-100)", "body": "Onlar basamağı \"-kümmend\" ile oluşturulur:\n\n20 - kakskümmend\n30 - kolmkümmend\n40 - nelikümmend\n50 - viiskümmend\n60 - kuuskümmend\n70 - seitsekümmend\n80 - kaheksakümmend\n90 - üheksakümmend\n100 - sada\n\nBirleşimler: kakskümmend üks (21), kolmkümmend viis (35)", "examples": [{"estonian": "Ma elan kolmandal korrusel.", "english": "I live on the third floor.", "turkish": "Üçüncü katta yaşıyorum."}, {"estonian": "Siin on kakskümmend viis inimest.", "english": "There are 25 people here.", "turkish": "Burada yirmi beş kişi var."}]}, {"title": "Sıra Sayıları", "body": "Sıra sayıları (birinci, ikinci...) -s eki ile oluşturulur:\n\n1. - esimene (düzensiz)\n2. - teine (düzensiz)\n3. - kolmas\n4. - neljas\n5. - viies\n6. - kuues\n7. - seitsmes\n8. - kaheksas\n9. - üheksas\n10. - kümnes", "examples": [{"estonian": "See on esimene kord.", "english": "This is the first time.", "turkish": "Bu ilk seferdir."}, {"estonian": "Teine uks vasakul.", "english": "Second door on the left.", "turkish": "Solda ikinci kapı."}]}, {"title": "Özet", "body": "Onlu sayılar: sayı + teist (kaksteist = 12)\nOnlar basamağı: sayı + kümmend (kakskümmend = 20)\n100 = sada\n\nSıra sayıları: çoğunlukla -s eki, ama esimene (1.) ve teine (2.) düzensizdir.", "highlight": "Onlu sayılar = [sayı]teist, Onlar basamağı = [sayı]kümmend, 100 = sada. Unutmayın: esimene (1.) ve teine (2.) düzensiz sıra sayılarıdır."}]'::jsonb) ON CONFLICT (id) DO NOTHING;
INSERT INTO grammar_stories (id, cefr_level, topic, icon, slides) VALUES ('story-b1-conditional', 'B1', 'Koşul', '💭', '[{"title": "Dilek-Şart Kipi (tingiv kõneviis)", "body": "Dilek-şart kipi varsayımsal durumları ve kibar istekleri ifade eder - Türkçedeki \"-sA/-rdı\" gibi.\n-ks eki ile oluşturulur.\n\nGünlük konuşma için en yararlı kiplerden biridir."}, {"title": "Dilek-Şart Kipini Oluşturma", "body": "Fiil köküne -ks, ardından kişi ekleri eklenir:\n\nma sööksin - yerdim / yesem\nsa sööksid - yerdin / yesen\nta sööks - yerdi / yese\nme söökime - yerdik / yesek\nte söösite - yerdiniz / yeseniz\nnad sööksid - yerlerdi / yeseler\n\nOlumsuz: ei sööks (tüm kişiler için aynı)", "examples": [{"estonian": "Ma tahaksin kohvi.", "english": "I would like coffee.", "turkish": "Kahve isterdim."}, {"estonian": "Kas sa tuleksid minuga?", "english": "Would you come with me?", "turkish": "Benimle gelir misin?"}]}, {"title": "Dilek-Şart Kipi Ne Zaman Kullanılır", "body": "Dilek-şart kipi şu durumlarda kullanılır:\n\n1. Kibar istekler (tahaksin = isterdim)\n2. Varsayımsal durumlar (eğer olsaydım...)\n3. Dilekler ve hayaller\n4. İfadeleri yumuşatma", "examples": [{"estonian": "Ma sööksin praegu magada.", "english": "I would like to sleep now.", "turkish": "Şimdi uyumak isterdim."}, {"estonian": "See oleks tore.", "english": "That would be nice.", "turkish": "Bu güzel olurdu."}, {"estonian": "Kui ma oleksin rikas, reisiksin palju.", "english": "If I were rich, I would travel a lot.", "turkish": "Zengin olsam, çok seyahat ederdim."}]}, {"title": "Özet", "body": "Dilek-şart = fiil kökü + -ks + kişi ekleri\nOlumsuz = ei + fiil-ks\n\nKibar istekler için en çok kullanılan formlar: tahaksin (isterdim), saaksin (yapabilir miyim).", "highlight": "-ks eki dilek-şart kipini oluşturur. Günlük hayatta kibar istekler için \"tahaksin\" (isterdim) ve \"saaksin\" (yapabilir miyim) kullanın."}]'::jsonb) ON CONFLICT (id) DO NOTHING;
INSERT INTO grammar_stories (id, cefr_level, topic, icon, slides) VALUES ('story-b1-passive', 'B1', 'Edilgen', '🔄', '[{"title": "Edilgen Çatı (umbisikuline tegumood)", "body": "Estoncada edilgen çatı kişisizdir - özne yoktur.\nEylemi vurgular, yapanı değil.\n\nGeniş zaman edilgen: -takse/-dakse\nGeçmiş zaman edilgen: -ti/-di"}, {"title": "Geniş Zaman Edilgen", "body": "Fiil köküne -takse veya -dakse eklenerek oluşturulur.\nÖzne gerekmez - eylemin kendisi odak noktasıdır.\n\nrääkima -> räägitakse (konuşulur)\navama -> avatakse (açılır)\nmüüma -> müüakse (satılır)", "examples": [{"estonian": "Siin räägitakse eesti keelt.", "english": "Estonian is spoken here.", "turkish": "Burada Estonca konuşulur."}, {"estonian": "Ukse avatakse kell 9.", "english": "The door is opened at 9.", "turkish": "Kapı saat 9''da açılır."}]}, {"title": "Geçmiş Zaman Edilgen", "body": "Fiil köküne -ti veya -di eklenerek oluşturulur.\n\nehitama -> ehitati (inşa edildi)\navama -> avati (açıldı)\nkirjutama -> kirjutati (yazıldı)", "examples": [{"estonian": "Maja ehitati 1990. aastal.", "english": "The house was built in 1990.", "turkish": "Ev 1990 yılında inşa edildi."}, {"estonian": "See raamat kirjutati eesti keeles.", "english": "This book was written in Estonian.", "turkish": "Bu kitap Estonca yazıldı."}]}, {"title": "Özet", "body": "Geniş zaman edilgen: -takse/-dakse (räägitakse = konuşulur)\nGeçmiş zaman edilgen: -ti/-di (ehitati = inşa edildi)\n\nÖzne gerekmez. Odak eylem üzerindedir.", "highlight": "Edilgen çatı kişisizdir: -takse (geniş zaman), -ti (geçmiş zaman). Özne gerekmez. Tabelâlarda çok yaygın: \"Siin räägitakse eesti keelt\" (Burada Estonca konuşulur)."}]'::jsonb) ON CONFLICT (id) DO NOTHING;
INSERT INTO grammar_stories (id, cefr_level, topic, icon, slides) VALUES ('story-b1-translative-case', 'B1', 'Oluş Hali', '🦋', '[{"title": "Dönüşüm Hali (-ks) - Olma/Dönüşme", "body": "Dönüşüm hali değişim veya dönüşümü ifade eder.\n\"kelleks?\" (kime?) veya \"milleks?\" (neye?) sorularına cevap verir.\n\nTamlayan formuna -ks eklenerek oluşturulur."}, {"title": "Dönüşüm Hali Nasıl Kullanılır", "body": "Yaygın kalıplar:\n\nBir meslek sahibi olmak: õpetaja -> õpetajaks\nBir duruma geçmek: haige -> haigeks\nBir şeye dönüşmek: suur -> suureks\n\nŞu fiillerle kullanılır: saama (olmak/dönüşmek), jääma (kalmak/olmak), kasvama (büyümek), õppima (olmak için okumak).", "examples": [{"estonian": "Ta õpib arstiks.", "english": "He''s studying to become a doctor.", "turkish": "O doktor olmak için okuyor."}, {"estonian": "Ma jäin haigeks.", "english": "I got sick.", "turkish": "Hastalandım."}, {"estonian": "Laps kasvab suureks.", "english": "The child is growing up.", "turkish": "Çocuk büyüyor."}]}, {"title": "Özet", "body": "Dönüşüm hali = tamlayan + -ks\nDönüşüm, değişim veya olma ifade eder.\n\nõpetaja -> õpetajaks (öğretmen olmak)\nhaige -> haigeks (hasta olmak)\n\nCevaplar: kelleks? milleks? (neye/kime?)", "highlight": "Dönüşüm hali -ks = bir şeye dönüşme. saama, jääma, kasvama, õppima ile kullanılır: \"Ta saab õpetajaks\" (O öğretmen olur)."}]'::jsonb) ON CONFLICT (id) DO NOTHING;
INSERT INTO grammar_stories (id, cefr_level, topic, icon, slides) VALUES ('story-b1-terminative-essive-abessive', 'B1', '3 Hal', '🏷️', '[{"title": "Daha Az Yaygın Üç Hal", "body": "Estoncada daha az sıklıkla kullanılan ama yine de önemli üç hal vardır:\n\nSınır hali (-ni) = -e kadar\nGörev hali (-na) = olarak\nYoksunluk hali (-ta) = -sız/-siz\n\nÜçü de tamlayan formuna eklenir."}, {"title": "Sınır Hali (-ni) - -e Kadar", "body": "Zaman veya mekanda bir sınırı ifade eder.\nTamlayan formuna eklenir.\n\nõhtu -> õhtuni (akşama kadar)\nmets -> metsani (ormana kadar)\nlõppu -> lõpuni (sonuna kadar)", "examples": [{"estonian": "Ma jooksen metsani.", "english": "I run up to the forest.", "turkish": "Ormana kadar koşuyorum."}, {"estonian": "Õhtuni on aega.", "english": "There''s time until evening.", "turkish": "Akşama kadar zaman var."}]}, {"title": "Görev Hali (-na) ve Yoksunluk Hali (-ta)", "body": "Görev hali (-na) = bir görev/rol olarak:\nõpetaja -> õpetajana (öğretmen olarak)\n\nYoksunluk hali (-ta) = -sız/-siz, olmadan:\nraha -> rahata (parasız)\nprobleem -> probleemita (sorunsuz)", "examples": [{"estonian": "Ta töötab õpetajana.", "english": "He works as a teacher.", "turkish": "O öğretmen olarak çalışıyor."}, {"estonian": "Ma tulin rahata.", "english": "I came without money.", "turkish": "Parasız geldim."}, {"estonian": "Probleemita!", "english": "No problem!", "turkish": "Sorun yok!"}]}, {"title": "Özet", "body": "Sınır hali -ni = -e kadar (õhtuni)\nGörev hali -na = olarak (õpetajana)\nYoksunluk hali -ta = -sız/-siz (rahata)\n\nÜçü de tamlayan formuna eklenir.", "highlight": "Üç yararlı hal: -ni (-e kadar), -na (olarak), -ta (-sız/-siz). Hepsi tamlayan formuna eklenir. En yaygınları: õpetajana (öğretmen olarak), rahata (parasız)."}]'::jsonb) ON CONFLICT (id) DO NOTHING;
INSERT INTO grammar_stories (id, cefr_level, topic, icon, slides) VALUES ('story-b1-relative-clauses', 'B1', 'İlgi Cml', '🔗', '[{"title": "İlgi Cümleleri", "body": "İlgi cümleleri bir isim hakkında ek bilgi verir.\nEstonca şu ilgi sözcüklerini kullanır:\n\nkes - kim (kişiler için)\nmis - hangi/ki (nesneler için)\nkus - nerede (yerler için)"}, {"title": "\"kes\" ve \"mis\" Kullanımı", "body": "\"kes\" kişiler için kullanılır ve bir isim gibi çekilir.\n\"mis\" nesneler için kullanılır ve o da çekilir.\n\nmis -> mida (kısmi), mille (tamlayan), milles (içinde kalma)...\n\nİlgi sözcüğü, cümle içindeki görevine uygun halde olmalıdır.", "examples": [{"estonian": "Mees, kes seal istub, on mu isa.", "english": "The man who sits there is my father.", "turkish": "Orada oturan adam benim babam."}, {"estonian": "Raamat, mida ma loen, on huvitav.", "english": "The book that I''m reading is interesting.", "turkish": "Okuduğum kitap ilginç."}, {"estonian": "Linn, kus ma elan, on ilus.", "english": "The city where I live is beautiful.", "turkish": "Yaşadığım şehir güzel."}]}, {"title": "Özet", "body": "İlgi zamirleri:\nkes = kim (kişiler)\nmis/mida/mille = hangi/ki (nesneler)\nkus = nerede (yerler)\n\nKendilerinden önceki ismi tanımlayan bir cümle başlatırlar.\nNot: \"mis\" dilbilgisel görevine göre form değiştirir.", "highlight": "Kişiler için kes, nesneler için mis, yerler için kus kullanın. mis sözcüğünün çekildiğini unutmayın: mida (kısmi), mille (tamlayan) vb."}]'::jsonb) ON CONFLICT (id) DO NOTHING;
INSERT INTO grammar_stories (id, cefr_level, topic, icon, slides) VALUES ('story-b1-verb-rection', 'B1', 'Fiil Hali', '🎯', '[{"title": "Fiil Yönetimi - Hangi Hal Kullanılmalı?", "body": "Estoncadaki en zor özelliklerden biri: bazı fiiller nesneleri için her zaman belirli bir hal gerektirir.\n\nKısmi, tamlayan ve yalın hal nesnesi arasındaki seçim fiil türüne ve eylemin tamamlanma durumuna bağlıdır."}, {"title": "Kısmi Hal Gerektiren Fiiller", "body": "Bazı fiiller tamamlanma durumundan bağımsız olarak HER ZAMAN kısmi hal nesnesi alır:\n\narmastama (sevmek) -> her zaman kısmi hal\nootama (beklemek) -> her zaman kısmi hal\nkartma (korkmak) -> her zaman kısmi hal\naitama (yardım etmek) -> her zaman kısmi hal", "examples": [{"estonian": "Ma armastan sind.", "english": "I love you.", "turkish": "Seni seviyorum."}, {"estonian": "Ma ootan bussi.", "english": "I''m waiting for the bus.", "turkish": "Otobüs bekliyorum."}, {"estonian": "Ta aitab mind.", "english": "He helps me.", "turkish": "O bana yardım ediyor."}]}, {"title": "Tamlayan Hali ve Kısmi Hal Nesnesi Karşılaştırması", "body": "Diğer fiillerde hal seçimi anlam farkı yaratır:\n\nTamlayan nesnesi = tamamlanmış eylem (bitirdim)\nKısmi hal nesnesi = devam eden/kısmi eylem (yapıyordum)\n\nBu ayrım Estonca dilbilgisinin temelidir.", "examples": [{"estonian": "Ma lugesin raamatu läbi.", "english": "I read the book (finished it).", "turkish": "Kitabı okudum (bitirdim)."}, {"estonian": "Ma lugesin raamatut.", "english": "I was reading the book.", "turkish": "Kitabı okuyordum."}, {"estonian": "Ma sõin suppi.", "english": "I was eating soup. (partitive = ongoing)", "turkish": "Çorba içiyordum."}]}, {"title": "Özet", "body": "Bazı fiiller her zaman kısmi hal gerektirir (armastama, ootama, kartma).\nDiğer fiillerde:\n- Tamlayan nesnesi = tamamlanmış eylem\n- Kısmi hal nesnesi = devam eden/kısmi eylem\n\nBu, Estonca dilbilgisinin en zor kısımlarından biridir.", "highlight": "Tamlayan nesnesi = tamamlanmış eylem (lugesin raamatu läbi). Kısmi hal nesnesi = devam eden/kısmi eylem (lugesin raamatut). Bazı fiiller her zaman kısmi hal alır."}]'::jsonb) ON CONFLICT (id) DO NOTHING;
INSERT INTO grammar_stories (id, cefr_level, topic, icon, slides) VALUES ('story-b1-reported-speech', 'B1', 'Aktarım', '💬', '[{"title": "Aktarılan Konuşma (kaudne kõneviis)", "body": "Estoncada aktarılan konuşma için özel bir kip vardır: nakil kipi.\n-vat eki kullanılır.\n\nBu ek, başka birinin söylediğini aktardığınızı, doğruluğunu teyit etmeden, belirtir."}, {"title": "Nakil Kipini Oluşturma", "body": "Fiil köküne -vat eklenir:\n\nolema -> olevat (olduğu söyleniyor)\nminema -> minevat (gittiği söyleniyor)\ntulema -> tulevat (geldiği söyleniyor)\n\nGeçmiş formu: olevat + -nud ortacı", "examples": [{"estonian": "Ta olevat haige.", "english": "He is said to be sick.", "turkish": "Hasta olduğu söyleniyor."}, {"estonian": "Ilm minevat külmaks.", "english": "The weather is said to be getting cold.", "turkish": "Havanın soğuduğu söyleniyor."}, {"estonian": "Ta olevat tulnud Eestist.", "english": "He is said to have come from Estonia.", "turkish": "Estonya''dan geldiği söyleniyor."}]}, {"title": "Özet", "body": "Nakil kipi: fiil kökü + -vat\nGeçmiş nakil: olevat + -nud\n\nBaşkalarının söylediğini, doğruluğunu teyit etmeden aktarmak için kullanılır.\nBu kip Estonca ve Finceye özgüdür.", "highlight": "-vat eki aktarılan/duyulan bilgiyi belirtir. \"Ta olevat haige\" = Hasta OLDUĞU SÖYLENİYOR. Bilginin asıl kaynağı siz değilseniz bu kipi kullanın."}]'::jsonb) ON CONFLICT (id) DO NOTHING;
INSERT INTO grammar_stories (id, cefr_level, topic, icon, slides) VALUES ('story-b2-comitative-case', 'B2', 'Birlikte', '🤝', '[{"title": "Birliktelik Hali (-ga) - İle/Birlikte", "body": "Birliktelik hali \"-ile\" veya \"birlikte\" anlamını ifade eder.\nEstoncadaki 14. ve son haldir.\n\nTamlayan formuna -ga eklenerek oluşturulur."}, {"title": "Nasıl Oluşturulur ve Kullanılır", "body": "Formül: tamlayan formu + -ga\n\nauto -> autoga (arabayla)\nsõber -> sõbraga (bir arkadaşla)\nsina -> sinuga (seninle)\nbuss -> bussiga (otobüsle)\n\nEşlik ve ulaşım aracı için kullanılır.", "examples": [{"estonian": "Ma tulen autoga.", "english": "I''ll come by car.", "turkish": "Arabayla geleceğim."}, {"estonian": "Ta elab koos sõbraga.", "english": "He lives with a friend.", "turkish": "O bir arkadaşıyla yaşıyor."}, {"estonian": "Mis sinuga juhtus?", "english": "What happened to you?", "turkish": "Sana ne oldu?"}]}, {"title": "Özet", "body": "Birliktelik hali = tamlayan + -ga\nAnlamı: ile, vasıtasıyla, birlikte\n\nautoga (arabayla), sõbraga (bir arkadaşla), sinuga (seninle)\n\nBu, Estoncadaki 14. ve son haldir!", "highlight": "Birliktelik hali -ga = ile/vasıtasıyla. Tamlayan formuna eklenir. autoga (arabayla), sinuga (seninle). Estoncadaki 14. ve son haldir."}]'::jsonb) ON CONFLICT (id) DO NOTHING;
INSERT INTO grammar_stories (id, cefr_level, topic, icon, slides) VALUES ('story-b2-nud-tud-participles', 'B2', 'Ortaçlar', '📖', '[{"title": "Sıfat Olarak Kullanılan Ortaçlar", "body": "Estoncada sıfat olarak çalışan dört ortaç formu vardır:\n\n-nud = etken geçmiş (bir şeyi yapan)\n-tud = edilgen geçmiş (yapılmış olan)\n-v = etken geniş zaman (yapmakta olan)\n-tav = edilgen geniş zaman (yapılmakta olan)"}, {"title": "-nud ve -tud (Geçmiş Zaman Ortaçları)", "body": "-nud (etken, geçmiş): bir şeyi YAPAN\nväsinud (yorgun = yorulan kişi)\nõpinud (eğitimli = okumuş kişi)\n\n-tud (edilgen, geçmiş): YAPILMIŞ olan\nsuletud (kapalı = kapatılmış olan)\ntehtud (yapılmış = üretilmiş olan)", "examples": [{"estonian": "Väsinud mees istus pingile.", "english": "The tired man sat on the bench.", "turkish": "Yorgun adam banka oturdu."}, {"estonian": "Suletud uks.", "english": "A closed door.", "turkish": "Kapalı bir kapı."}, {"estonian": "Hästi tehtud!", "english": "Well done!", "turkish": "Aferin!"}]}, {"title": "-v ve -tav (Geniş Zaman Ortaçları)", "body": "-v (etken, geniş zaman): YAPMAKTA olan\nmagav (uyuyan = uyumakta olan)\nnaerev (gülen = gülmekte olan)\n\n-tav (edilgen, geniş zaman): YAPILMAKTA olan / yapılabilir\nloetav (okunabilir = okunabilen)\nsoovitav (tavsiye edilen = önerilen)", "examples": [{"estonian": "Magav laps.", "english": "A sleeping child.", "turkish": "Uyuyan çocuk."}, {"estonian": "Loetav raamat.", "english": "A readable book.", "turkish": "Okunabilir bir kitap."}]}, {"title": "Özet", "body": "Dört ortaç:\n-nud = etken geçmiş (väsinud = yorgun)\n-tud = edilgen geçmiş (suletud = kapalı)\n-v = etken geniş zaman (magav = uyuyan)\n-tav = edilgen geniş zaman (loetav = okunabilir)\n\nİsimlerin önünde sıfat olarak işlev görürler.", "highlight": "Dört ortaç türü: -nud (yapan), -tud (yapılmış), -v (yapmakta olan), -tav (yapılmakta olan). Hepsi isimlerin önünde sıfat olarak kullanılır."}]'::jsonb) ON CONFLICT (id) DO NOTHING;
INSERT INTO grammar_stories (id, cefr_level, topic, icon, slides) VALUES ('story-b2-imperative', 'B2', 'Emirler', '📢', '[{"title": "Emir Kipi - Emirler", "body": "Emir kipi, emir ve istekler için kullanılır.\nEstoncada farklı formlar vardır:\n\n- Tekil (sa) emirler\n- Çoğul/resmi (te) emirler\n- Olumsuz emirler\n- \"Hadi yapalım\" önerileri"}, {"title": "Tekil ve Çoğul Emirler", "body": "Tekil (sa): sadece fiil kökü\nÇoğul/resmi (te): kök + -ge/-ke\n\nTekil form en basit olanıdır - sadece yalın kök.\nÇoğul forma -ge (ünlülerden sonra) veya -ke (ünsüzlerden sonra) eklenir.", "examples": [{"estonian": "Tule siia!", "english": "Come here! (singular)", "turkish": "Buraya gel!"}, {"estonian": "Istu maha!", "english": "Sit down! (singular)", "turkish": "Otur!"}, {"estonian": "Tulge siia!", "english": "Come here! (plural/formal)", "turkish": "Buraya gelin!"}, {"estonian": "Istuge maha!", "english": "Sit down! (plural/formal)", "turkish": "Oturun!"}]}, {"title": "Olumsuz Emirler ve Hadi Yapalım", "body": "Olumsuz tekil: ära + fiil kökü\nOlumsuz çoğul: ärge + fiil kökü\n\n\"Hadi yapalım\" formu: kök + -gem/-kem\n\nära/ärge olumsuz emir edatlarıdır.", "examples": [{"estonian": "Ära mine!", "english": "Don''t go!", "turkish": "Gitme!"}, {"estonian": "Ärge unustage!", "english": "Don''t forget! (plural)", "turkish": "Unutmayın!"}, {"estonian": "Lähme!", "english": "Let''s go!", "turkish": "Hadi gidelim!"}]}, {"title": "Özet", "body": "Tekil emir: yalın fiil kökü (tule!)\nÇoğul/resmi: kök + -ge/-ke (tulge!)\nOlumsuz: ära/ärge + kök (ära mine! / ärge minge!)\nHadi yapalım: kök + -gem/-kem (lähme!)", "highlight": "Emirler: tekil = kök (tule!), çoğul = kök + -ge (tulge!), olumsuz = ära/ärge + kök (ära mine!), hadi = kök + -gem (lähme!)."}]'::jsonb) ON CONFLICT (id) DO NOTHING;
INSERT INTO grammar_stories (id, cefr_level, topic, icon, slides) VALUES ('story-b2-word-formation', 'B2', 'Sözcük Yap', '🧱', '[{"title": "Estoncada Sözcük Türetme", "body": "Estonca, birleştirme ve ekler yoluyla yeni sözcükler türetir.\nBu kalıpları anlamak, tanımadığınız sözcükleri çözmenize yardımcı olur.\n\nEn yaygın sözcük oluşturma yöntemlerini inceleyelim."}, {"title": "Bileşik Sözcükler", "body": "Estonca bileşik sözcükleri sever - iki veya daha fazla sözcük birleştirilir.\nİlk sözcük genellikle tamlayan halindedir.\n\nraamat + kogu -> raamatukogu (kütüphane)\nlinn + hall -> linnahall (belediye binası)\nkool + maja -> koolimaja (okul binası)\nauto + juht -> autojuht (şoför)\n\nUzun sözcükleri parçalarına ayırarak anlayın.", "examples": [{"estonian": "Ma lähen raamatukokku.", "english": "I''m going to the library.", "turkish": "Kütüphaneye gidiyorum."}, {"estonian": "Autojuht peatus.", "english": "The driver stopped.", "turkish": "Şoför durdu."}]}, {"title": "Yaygın Ekler", "body": "Sözcük türetmek için yararlı ekler:\n\n-ja = yapan kişi: õpetama -> õpetaja (öğretmen)\n-mine = eylem ismi: õppima -> õppimine (çalışma)\n-lik = sıfat: sõber -> sõbralik (cana yakın)\n-tu = -sız/-siz: süü -> süütu (masum)\n-kas = nitelik: jõud -> jõukas (varlıklı)\n-lane = -li (bir yerden olan): Eesti -> eestlane (Estonyalı)", "examples": [{"estonian": "Õpetaja on sõbralik.", "english": "The teacher is friendly.", "turkish": "Öğretmen cana yakın."}, {"estonian": "Õppimine on oluline.", "english": "Studying is important.", "turkish": "Çalışmak önemli."}]}, {"title": "Özet", "body": "Bileşik sözcükler: sözcükleri birleştirin (tamlayan + isim)\nTemel ekler: -ja (yapan), -mine (eylem), -lik (sıfat), -tu (-sız), -kas (nitelik), -lane (-li/bir yerden olan)\n\nUzun bir Estonca sözcük gördüğünüzde, parçalarına ayırın.", "highlight": "Uzun bileşik sözcükleri parçalarına ayırın: raamatukogu = raamatu (kitabın) + kogu (koleksiyon) = kütüphane. Ekleri öğrenin: -ja (yapan), -mine (eylem), -lik (sıfat)."}]'::jsonb) ON CONFLICT (id) DO NOTHING;
INSERT INTO grammar_stories (id, cefr_level, topic, icon, slides) VALUES ('story-b2-clause-connectors', 'B2', 'Bağlaçlar', '🔗', '[{"title": "Cümle Bağlaçları", "body": "Karmaşık cümleler kurmak için bağlaçlara ihtiyaç vardır.\nEstoncada sıralama bağlaçları (eşit cümleleri birleştirir) ve alt sıralama bağlaçları (bağımlı cümleler ekler) bulunur."}, {"title": "Sıralama Bağlaçları", "body": "İki eşit, bağımsız cümleyi birleştirirler:\n\nja - ve\naga / kuid - ama\nvõi - veya\nning - ve (daha resmi, edebi)\n\nCümleleri aynı düzeyde bağlarlar.", "examples": [{"estonian": "Ma õpin ja töötan.", "english": "I study and work.", "turkish": "Okuyorum ve çalışıyorum."}, {"estonian": "Ta on vaikne, aga tark.", "english": "He is quiet but smart.", "turkish": "O sessiz ama akıllı."}, {"estonian": "Kas sa tuled või jääd?", "english": "Are you coming or staying?", "turkish": "Geliyor musun yoksa kalıyor musun?"}]}, {"title": "Alt Sıralama Bağlaçları", "body": "Bağımlı cümleler başlatırlar:\n\net - ki/-dığını\nsest / kuna - çünkü\nkui - -dığında / eğer\nkuigi - rağmen/-masına rağmen\nselleks et - için/amacıyla\nkuni - -e kadar/iken", "examples": [{"estonian": "Ma õpin, sest tahan eksamit sooritada.", "english": "I study because I want to pass the exam.", "turkish": "Çalışıyorum çünkü sınavı geçmek istiyorum."}, {"estonian": "Kuigi sajab, me lähme välja.", "english": "Although it rains, we''ll go out.", "turkish": "Yağmur yağmasına rağmen dışarı çıkacağız."}, {"estonian": "Ma tean, et sa tuled.", "english": "I know that you will come.", "turkish": "Geleceğini biliyorum."}]}, {"title": "Özet", "body": "Sıralama: ja (ve), aga/kuid (ama), või (veya)\nAlt sıralama: et (ki), sest/kuna (çünkü), kui (-dığında/eğer), kuigi (rağmen), selleks et (için)\n\nBu bağlaçlar karmaşık cümleler kurmak için gereklidir.", "highlight": "Şu bağlaçları öğrenin: ja (ve), aga (ama), sest (çünkü), et (ki), kui (-dığında/eğer), kuigi (rağmen). Bunlar karmaşık Estonca cümlelerin yapıştırıcısıdır."}]'::jsonb) ON CONFLICT (id) DO NOTHING;
INSERT INTO grammar_stories (id, cefr_level, topic, icon, slides) VALUES ('story-b2-pluperfect', 'B2', 'Uzak Geçm', '⏮️', '[{"title": "Uzak Geçmiş Zaman (enneminevik)", "body": "Uzak geçmiş zaman, başka bir geçmiş eylemden ÖNCE tamamlanmış bir eylemi anlatır.\nTürkçe karşılığı: \"-mıştı/-mişti\".\n\nFormül: olin/olid/oli + -nud ortacı"}, {"title": "Uzak Geçmiş Zamanın Oluşturulması", "body": "olema fiilinin GEÇMİŞ ZAMAN formu + -nud ortacı kullanılır:\n\nma olin söönud - yemiştim\nsa olid söönud - yemiştin\nta oli söönud - yemişti\nme olime söönud - yemiştik\nte olite söönud - yemiştiniz\nnad olid söönud - yemişlerdi\n\nYakın geçmiş ile karşılaştırma: ma OLEN söönud (yemişim)\nUzak geçmiş: ma OLIN söönud (yemiştim)", "examples": [{"estonian": "Kui ma tulin, ta oli juba lahkunud.", "english": "When I arrived, he had already left.", "turkish": "Ben geldiğimde, o çoktan gitmişti."}, {"estonian": "Me olime söönud, enne kui nad tulid.", "english": "We had eaten before they came.", "turkish": "Onlar gelmeden önce yemek yemiştik."}]}, {"title": "Özet", "body": "Uzak geçmiş = olema geçmiş zaman (olin/olid/oli) + -nud ortacı\n\nBaşka bir geçmiş olaydan ÖNCE tamamlanmış eylemler için kullanılır.\n\nYakın geçmiş: olen söönud (yemişim)\nUzak geçmiş: olin söönud (yemiştim)", "highlight": "Uzak geçmiş = olin + -nud. \"Daha önceki geçmişi\" anlatır - başka bir geçmiş olaydan önce olan bir şey. Temel fark: olen söönud (yemişim) ve olin söönud (yemiştim)."}]'::jsonb) ON CONFLICT (id) DO NOTHING;
INSERT INTO grammar_stories (id, cefr_level, topic, icon, slides) VALUES ('story-b2-object-rules', 'B2', 'Nesneler', '📐', '[{"title": "Estonca Nesne Hali Kuralları", "body": "Üçlü nesne ayrımı (yalın / tamlayan / kısmi) Estonca dilbilgisinin ayırt edici özelliğidir.\n\nDoğru hal; eylemin tamamlanma durumuna, cümle türüne ve fiil türüne bağlıdır.\nTüm kuralları öğrenelim."}, {"title": "Yalın Hal Nesnesi", "body": "Yalın hal (temel form) nesnesini şu durumlarda kullanın:\n\n1. Emir cümleleri: Ava uks! (Kapıyı aç!)\n2. Kişisiz/edilgen cümleler: Uks avatakse. (Kapı açılır.)\n\nYalın hal, bu özel yapılarda tam ve bütün bir nesneyi ifade eder.", "examples": [{"estonian": "Ava uks!", "english": "Open the door!", "turkish": "Kapıyı aç!"}, {"estonian": "Kirjuta kiri!", "english": "Write the letter!", "turkish": "Mektubu yaz!"}]}, {"title": "Tamlayan Hali Nesnesi", "body": "Olumlu bir cümlede TAMAMLANMIŞ tekil bir eylem için tamlayan hali nesnesi kullanılır.\nEylem bitmiştir, nesne tamamen etkilenmiştir.\n\nBu şunu ifade eder: \"Tamamen yaptım, bitti.\"", "examples": [{"estonian": "Ma avasin ukse.", "english": "I opened the door. (completed)", "turkish": "Kapıyı açtım. (tamamlandı)"}, {"estonian": "Ta luges raamatu läbi.", "english": "He read the whole book.", "turkish": "Kitabın tamamını okudu."}]}, {"title": "Kısmi Hal Nesnesi", "body": "Kısmi hal nesnesini şu durumlarda kullanın:\n\n1. Devam eden veya tamamlanmamış eylemler\n2. Olumsuz cümleler (her zaman kısmi hal)\n3. Kısmi miktarlar\n4. Kısmi hal gerektiren fiillerden sonra (armastama, ootama...)", "examples": [{"estonian": "Ma avan ust.", "english": "I''m opening the door. (ongoing)", "turkish": "Kapıyı açıyorum. (devam ediyor)"}, {"estonian": "Ma ei avanud ust.", "english": "I didn''t open the door. (negative)", "turkish": "Kapıyı açmadım. (olumsuz)"}, {"estonian": "Ma joon vett.", "english": "I drink water. (partial)", "turkish": "Su içiyorum. (kısmi)"}]}, {"title": "Özet", "body": "Yalın hal nesnesi: emirler ve edilgen (Ava uks!)\nTamlayan nesnesi: tamamlanmış eylem (Avasin ukse.)\nKısmi hal nesnesi: devam eden, olumsuz, kısmi (Avan ust.)\n\nOlumsuz cümleler HER ZAMAN kısmi hal kullanır.\nBu üçlü sistem Estonca dilbilgisinin çekirdeğidir.", "highlight": "Yalın = emirler/edilgen, Tamlayan = tamamlanmış eylem, Kısmi = devam eden/olumsuz/kısmi. Tereddütte kısmi hal güvenli tercihtir - en yaygın nesne halidir."}]'::jsonb) ON CONFLICT (id) DO NOTHING;
